"name","latitude","longitude"
"University of Alabama","33.213483","-87.542755"
"Bergen County Technical Schools Makerspace","40.902112","-74.034382"
"Bergen Community College Manufacturing Lab","40.95151","-74.088404"
"Boise State University - Albertsons Library MakerLab","43.604091","-116.20335"
"Carnegie Mellon University Hunt Library","40.441123","-79.943753"
"College of San Mateo Makerspace","37.535051","-122.335123"
"Columbia University Output Shop","40.808207","-73.960964"
"Hudson County Community College Library Makerspace","40.730555","-74.062406"
"Københavns Universitet (University of Copenhagen) Innovation Lab","55.697089","12.560828"
"University of Michigan 3D Lab","42.291072","-83.715734"
"University of Nevada, Reno Library","39.543786","-119.815713"
"University of North Carolina at Greensboro SELF Design Studio","36.065757","-79.811418"
"North Carolina State University Hunt Library Makerspace","35.769292","-78.676638"
"Portland Community College MakerSpace","45.436255","-122.730653"
"Rutgers University FabLab","40.486081","-74.436128"
"Seminole Community Library - Innovation Lab","27.85872","-82.796742"
"Southern New Hampshire University Innovation Lab & Makerspace","43.039228","-71.4534"
"Stony Brook University","40.912376","-73.123389"
"SUNY Oswego Penfield Library","43.454218","-76.540843"
"University of Texas at Arlington Fab Lab","32.730101","-97.112242"
"UTArlington FabLab","32.730101","-97.112242"
"Wellesley College Knapp Center","42.29148","-71.306466"
"William Jewell College Pryor Learning Commons","39.248969","-94.411779"
"Aberdeen District Library - Make It at the Library","42.944088","-112.837562"
"Ada Community Library Hidden Springs Branch - Make It at the Library","43.725012","-116.261979"
"Ada Community Library Lake Hazel Branch - Make It at the Library","43.54512","-116.312484"
"Ada Community Library Star Branch - Make It at the Library","43.69259","-116.486962"
"Ada Community Library Victory Branch - Make It at the Library","43.576024","-116.314647"
"Allen County Public Library","41.077078","-85.143137"
"TekVenture","41.076325","-85.143169"
"Anythink Wright Farms - The Studio","39.914569","-104.920755"
"Anythink Brighton - The Studio","39.987099","-104.819147"
"Bear Lake County Library - Make It at the Library","42.318677","-111.30211"
"Beaufort County Library - Creation Station","32.385467","-80.573207"
"Broward County Library - Creation Station","26.120946","-80.142898"
"Buhl Public Library - Make It at the Library","42.600094","-114.761642"
"Burley Public Library - Make It at the Library","42.536429","-113.79624"
"Caldwell Public Library - Make It at the Library","43.661505","-116.688237"
"Carnegie Library of Pittsburgh Main (Oakland) Branch - The Labs","40.443504","-79.949588"
"Carnegie Library of Pittsburgh Allegheny Branch - The Labs","40.456392","-80.006613"
"Carnegie Library of Pittsburgh East Liberty Branch - The Labs","40.460963","-79.926502"
"Chicago Public Library - Maker Lab","41.876178","-87.62826"
"Cleveland Public Library - TechCentral MakerSpace","41.501174","-81.691775"
"Community Library Network Athol Branch - Make It at the Library","47.949685","-116.705903"
"Community Library Network Harrison Branch - Make It at the Library","47.453626","-116.785845"
"Community Library Network Hayden Branch - Make It at the Library","47.747895","-116.787375"
"Community Library Network Pinehurst Branch - Make It at the Library","47.53979","-116.238629"
"Community Library Network Post Falls Branch - Make It at the Library","47.716328","-116.949017"
"Community Library Network Rathdrum Branch - Make It at the Library","47.860745","-116.853032"
"Community Library Network Spirit Lake Branch - Make It at the Library","47.969036","-116.868818"
"DC Public Library - The Labs","38.898648","-77.02463"
"DeMary Memorial Library - Make It at the Library","42.618539","-113.670749"
"Duxbury Free Library","42.046752","-70.68312"
"East Bonner County Library Clark Fork Branch - Make It at the Library","48.14797","-116.176642"
"East Bonner County Library Sandpoint Branch - Make It at the Library","48.275297","-116.568539"
"Fayetteville Free Library","43.025563","-76.006907"
"Free Library of Philadelphia Cecil B Moore Neighborhood Library - MakerJawn","39.980482","-75.17344"
"Free Library of Philadelphia Lillian Marrero Neighborhood Library - Maker Jawn","39.992764","-75.142456"
"Free Library of Philadelphia Widener Neighborhood Library - Maker Jawn","39.996785","-75.177598"
"Free Library of Philadelphia Ramonita de Rodriguez Neighborhood Library - Maker Jawn","39.970145","-75.146818"
"Free Library of Philadelphia Kensington Neighborhood Library - Maker Jawn","39.984736","-75.132613"
"Gooding Public Library","42.940643","-114.715541"
"Harris County Public Library - Clear Lake City-County Freeman Branch","29.558247","-95.119283"
"Innisfil Public Library Lakeshore Branch - ideaLAB","44.314631","-79.548416"
"Jerome Public Library - Make It at the Library","42.725413","-114.518052"
"John F. Germany Public Library - The Hive","27.950868","-82.462354"
"Johnson County Library Gardner Branch","38.811644","-94.925405"
"Johnson County Library Oak Park Branch","38.956203","-94.712376"
"Keene Public Library","42.934083","-72.28099"
"Lomira QuadGraphics Community Library","43.58599","-88.440145"
"Loudoun County Public Library - Gum Spring Branch","38.937533","-77.545641"
"Madison Public Library","43.07352","-89.387566"
"Marshall Public Library - Make It at the Library","42.860316","-112.452505"
"Matteson Public Library","41.512799","-87.725148"
"Meridian District Library Cherry Lane Branch - Make It at the Library","43.619831","-116.40909"
"Meridian District Library Silverstone Branch - Make It at the Library","43.590305","-116.350421"
"Middletown Free Library - CreateSpace","39.913693","-75.439394"
"North Bingham County District Library","43.378253","-112.12452"
"Pasco County Library Land O' Lakes Branch","28.198088","-82.433012"
"The Foundry Makerspace at Land O'Lakes Library","28.198073","-82.433196"
"Payette Public Library - Make It at the Library","44.074579","-116.931995"
"Peabody Institute Library - Creativity Lab","42.525011","-70.924137"
"Phelps Community Memorial Library","42.960086","-77.059805"
"Phoenix Public Library Burton Barr Central Library Branch - MACH","33.462406","-112.073078"
"Pikes Peak Library District Library 21c - Creative Computer Commons","38.953253","-104.793088"
"Portneuf District Library - Make It at the Library","42.92818","-112.474079"
"The Public Library of Cincinnati and Hamilton County MakerSpace","39.105276","-84.513309"
"Richland Library Teen Center","34.004155","-81.037408"
"Sauk City Public Library","43.274963","-89.720984"
"Shoshone Public Library - Make It at the Library","42.935999","-114.408495"
"Skokie Public Library","42.025729","-87.757699"
"Snake River School Community Library - Make It at the Library","43.196989","-112.479521"
"South Butler Community Library","40.751203","-79.813077"
"St Louis Public Library - Creative Experience","38.630736","-90.199499"
"Twin Falls Public Library - Make It at the Library","42.558821","-114.468544"
"Watertown Free Public Library - HATCH","42.36163","-71.159123"
"Winnetka-Northfield Public Library District - Winnetka Library","42.104228","-87.732959"
"The Constance E. Staffileno Studio","42.104302","-87.732883"
"Westport Public Library","41.140766","-73.361689"
"Urbana Free Library","40.111308","-88.20925"
"Children's Discovery Museum - Innovation Station","40.509128","-88.98374"
"Children's Museum In Easton - MakerSpace","42.066874","-71.102447"
"Children's Museum of Houston - Chevron Maker Annex","29.722658","-95.385141"
"The Children's Museum of New Hampshire - Make It or Break It Club","43.19493","-70.872995"
"Children's Museum of Pittsburgh - MAKESHOP","40.452771","-80.006498"
"CNSE Children's Museum of Science and Technology - Maker Space","42.677008","-73.697878"
"Kentucky Museum of Art and Craft -MakerSpace","38.257524","-85.762142"
"Montreal Science Centre - Fabrik","45.504617","-73.551667"
"Museum of Science and Industry, Chicago - Fab Lab","41.790573","-87.583066"
"Newark Museum - Makerspace","40.743057","-74.171724"
"New York Hall Of Science - Maker Space","40.747951","-73.852402"
"Omaha Children's Museum - Makerspace","41.255142","-95.942906"
"Oregon Museum of Science & Industry - Innovation Station","45.50821","-122.665783"
"The Tech Museum of Innovation - Makerspace","37.331629","-121.890126"
"GEMS World Academy Switzerland","46.476383","6.419276"
"Harrisburg South Middle School  ImagineNation Station\n","43.426765","-96.705207"
"New Milford High School","40.942043","-74.021528"
"Ryan High School","33.211368","-97.076064"
"Stewart Middle Magnet School","27.960547","-82.471987"
"Xerocraft","32.22738","-110.97343"
"Chalmers Robotförening","57.686576","11.977029"
"Makers im Zigerschlitz","47.09874","9.0699"
"GEOLab","49.900391","10.351331"
"Mittelab","45.637639","13.787425"
"Pumping Station: One","41.945319","-87.706629"
"Confluent","46.285479","-119.276466"
"Hackerspace Nijmegen","51.837516","5.844691"
"Artisan's Asylum","42.381659","-71.10509"
"Cambridge Hackspace","42.381267","-71.102389"
"Basingstoke Makerspace","51.261436","-1.085443"
"~/tinycore.lab","40.096778","22.497806"
"Metalab","48.209372","16.356099"
"CCC Mainz","50.083121","8.229593"
"Haxko","50.434435","7.404546"
"Warsaw Hackerspace","52.24162","20.98489"
"HeatSync Labs","33.415353","-111.834485"
"Makers Local 256","34.744838","-86.579395"
"Helsinki Hacklab","60.22199","24.85189"
"HackerGarage","20.67158","-103.3721"
"Hackerspace Drenthe","52.659638","6.754659"
"Backspace","49.9019","10.8928"
"Backspace (Hackerspace Bamberg)","49.901888","10.892736"
"Hacksaar","49.2793","7.035725"
"MafraLab - Makers Community","38.942406","-9.333096"
"Swindon Makerspace","51.572077","-1.805075"
"CCC Freiburg","47.993194","7.840502"
"Technik.cafe","47.6155","7.66508"
"Bits'n'Bugs","49.6006","11.00191"
"ZAM","49.599972","11.002833"
"Netz39","52.11946","11.62941"
"Nobreakspace","53.86887","10.67124"
"Fab Lab Airedale","53.869006","-1.894119"
"Fife Hackspace","56.165324","-3.146168"
"Cedar Valley Makers","42.515662","-92.448437"
"VoidWarranties","51.209021","4.453325"
"Unallocated Space","39.09","-76.63"
"Space.bi","52.03693","8.569245"
"Hackerspace Bielefeld e.V.","52.03716","8.56899"
"MvtinaPwn","44.659646","10.894544"
"HackGyver","47.644646","6.843613"
"Lodis","55.616082","13.020704"
"GarageLab eV","51.227517","6.800166"
"Twin Cities Maker","44.955535","-93.226731"
"The Gamer Club Glasgow","55.864069","-4.261633"
"Programvareverkstedet","63.417023","10.406385"
"CCC Salzburg","47.794274","13.055834"
"Chaostreff Salzburg","47.794274","13.055834"
"Kuopio Hacklab","62.879487","27.632182"
"Tel Aviv Makers Intl.","32.05268","34.77244"
"Z-Labor","50.72315","12.47994"
"Technologia Incognita","52.34557","4.826465"
"Leigh Hackspace","53.493012","-2.49301"
"Lansing Makers Network","42.70382","-84.53762"
"Chaostreff Klaus","47.30488","9.64616"
"Tarlab","65.02556","25.4852"
"Brixel","50.950944","5.230583"
"RaumZeitLabor","49.50742","8.52065"
"UN-Hack-Bar","51.53787","7.67315"
"Makerspace Esslingen","48.733333","9.316667"
"Duisentrieb","51.428307","6.756712"
"South London Makerspace","51.452","-0.101"
"FamiLAB","28.68463","-81.353095"
"FIXME","46.532193","6.591391"
"Ruum42","47.420601","9.355864"
"Freies Labor","52.168625","9.947232"
"Freies Labor Hildesheim","52.168545","9.946667"
"Bytespeicher","50.98272","11.03953"
"ACKspace","50.892481","5.971238"
"PostTenebrasLab","46.187488","6.133643"
"HackLab Almería","36.841469","-2.464125"
"WerkRaum","50.8972","14.8042"
"polytechnischer Werkraum Zittau","50.89733","14.80433"
"CCC Berlin","52.52194","13.38261"
"Majstrownia - Solarpunk Makerspace","52.013447","21.035905"
"Maschinenraum","50.974943","11.329522"
"Brmlab","50.08346","14.48032"
"Kirishi Hackerspace","59.451146","32.036745"
"Ylab","43.862222","-79.4225"
"HackerSpace Adelaide","-34.928634","138.599936"
"Makerspaces Mackay, Inc.","-21.146031","149.185775"
"CHAMP","40.813598","-81.425294"
"757 Makerspace","36.869334","-76.290546"
"ActivSpaces","4.155169","9.231388"
"Milton Keynes Makerspace","52.04806","-0.824087"
"Laboratório Hacker de Campinas","-22.91782","-47.052451"
"Genspace NYC","40.68752","-73.979857"
"Hackers Lounge","52.49983","13.46423"
"Randomdata","52.071713","5.107397"
"Gangplank","33.245898","-111.634794"
"Gangplank Queen Creek","33.245637","-111.634841"
"Port39 - Hackerspace Stralsund","54.31244","13.10012"
"Odenwilusenz","47.695165","8.580697"
"MakerSpace Minden","52.282296","8.910554"
"Binary Kitchen","49.00984","12.11917"
"Arete.Study","48.52233","30.42342"
"Keystone Makers","40.335312","-76.959814"
"Temporärhaus","48.39632","10.00204"
"HSBNE","-27.565726","152.936888"
"Hackerspace Lodz","51.76927","19.44527"
"The Tooolbox","39.958334","-75.15659"
"Sequoia Fabrica","37.762607","-122.39972"
"Datenburg","50.736594","7.089627"
"XHain","52.512818","13.449541"
"xHain Hack + Makespace","52.512754","13.449764"
"DingFabrik Köln","50.95367","6.93054"
"801 Labs","40.765409","-111.880766"
"Queer Computer Club","43.665371","-79.40342"
"Init Lab","42.687975","23.316872"
"Hackerspace Budapest","47.489196","19.059512"
"Makerspace Thailand","18.786772","98.991627"
"C4","50.950414","6.912965"
"Sunlab","48.80006","2.16119"
"OpenLab Augsburg","48.36263","10.90261"
"NSHkr","21.5928","-158.1034"
"FUBAR Labs","40.459417","-74.483764"
"London Hackspace","51.5277","-0.2642"
"Manchester Makerspace","42.986566","-71.464348"
"Leinelab","52.40122","9.7025"
"Paul-Dohrmann-Schule","52.400989","9.702142"
"Canton Hacker and Maker Place","40.810167","-81.414762"
"NPC Innovative Technology Center","34.491628","-93.104966"
"Claremont Makerspace","43.374195","-72.340752"
"Electrolab","48.895262","2.18635"
"LaBi: Laboratoire de Bidouille","45.730244","4.827138"
"HacKNology","47.65946","9.16595"
"Innovationswerkstatt Konstanz","47.658788","9.16644"
"EOF Hackspace","51.767875","-1.269601"
"EOF Hackspace Cooperative","51.767839","-1.269583"
"SteamHead","22.493218","113.925273"
"Makespace Madrid","40.461708","-3.704345"
"Calango hacker clube","-15.756525","-47.890461"
"Macherburg","52.108106","11.633832"
"FabLab Saga","33.25384","130.30349"
"Open Garage","51.250705","4.569843"
"Hack Manhattan","40.738319","-73.99836"
"DoESLiverpool","53.41051","-2.970466"
"OlyMEGA","47.0455","-122.8985"
"Passable","47.612836","-122.319114"
"The Make Space","40.79309","-77.86166"
"Counter Culture Labs","37.835004","-122.264125"
"Sudo room","37.835004","-122.264125"
"BioCurious","37.383901","-122.00798"
"HackEns","48.841888","2.344029"
"Newport Makerspace Creudy Casnewydd","51.589837","-2.979173"
"H3O","-21.001494","55.676839"
"Leeds Hackspace","53.80628","-1.53352"
"Ventspils design studio RADE","57.405516","21.607729"
"GuayaHack","6.05554","-75.502072"
"TDvenlo","51.3694","6.16998"
"Swansea Hackspace","51.6202","-3.9461"
"Null Hacklab","41.492978","2.150552"
"IT-Syndikat","47.257873","11.396009"
"Spielraum FabLab","47.25867","11.395536"
"Noisebridge","37.762376","-122.419217"
"Chaostreff Bern","46.94424","7.422"
"Raumfahrtagentur","52.543666","13.374809"
"MAKE RIGA","56.977533","24.194085"
"Area515","41.609821","-93.617744"
"Black Ice","43.245564","76.89549"
"Red Circle","51.816019","5.810689"
"Kiberpipa","46.068477","14.490328"
"Hacklablaraiz.net","40.455667","-3.700972"
"Krautspace","50.929291","11.582513"
"Hackspace Jena","50.929246","11.582632"
"Makerspace Wacken","54.020476","9.375443"
"CCCAC","50.77166","6.09147"
"MAG Laboratory","34.038489","-117.82359"
"Hacksburg","37.201639","-80.412694"
"Tampere Hacklab","61.481526","23.789241"
"North End Makerspace","47.7182","-122.3129"
"ACME Labs","52.020484","8.546451"
"All Hands Active!","42.279678","-83.746301"
"DevLoL","48.30572","14.28399"
"Shackspace","48.7745","9.239"
"Pixelbar","51.90311","4.449596"
"HET LAB Rotterdam","51.903056","4.448912"
"Hacker Embassy","40.1826","44.51336"
"HackCS","39.992992","-0.068964"
"OpenLandLAB","47.15","16.333333"
"K4CG","49.44879","11.081974"
"Siebdruckwerkstatt K4","49.448391","11.081823"
"Synergy Mill","34.849544","-82.414461"
"F0RTHSP4CE","41.726242","44.770171"
"Hackwerk Aalen","48.854778","10.09053"
"Makerspace - explorhino","48.854641","10.090693"
"Artifactory","-31.901853","115.810307"
"Hackspace Georgsmarienhütte","52.206954","8.021932"
"Bitlair","52.17732","5.41478"
"Pannonian Laboratories","47.850472","16.514694"
"C3D2","51.08113","13.72858"
"Netzbiotop e.V.","51.081068","13.728543"
"ChaosStuff","49.62102","6.12288"
"Vspace.one","48.068263","8.444002"
"Air Light Time & Space","47.552881","-122.329062"
"Biotech Without Borders","40.750184","-73.945594"
"Laboratory B","44.47472","-73.211034"
"I3Detroit","42.453612","-83.11351"
"MuCCC","48.153627","11.560655"
"Chaos Computer Club München","48.153658","11.560793"
"HackerDojo","37.396535","-122.049032"
"Hackerspace Troia","40.159558","26.425108"
"Hackerspace Bremen","53.081868","8.805735"
"Appletonmakerspace","44.2627","-88.431"
"FAU FabLab","49.574115","11.030096"
"Root Access","36.762645","-119.798709"
"Root Access Hackerspace","36.762722","-119.798739"
"Rusted Minds Lab","11.99997","8.53486"
"/dev/tal","51.266814","7.145029"
"Utopiawerkstadt","51.266872","7.145387"
"Omega Verksted","63.41861","10.40196"
"KnoxMakers","35.939229","-83.911127"
"Hackfun","-32.941171","-60.640735"
"3D4C","45.387603","5.730373"
"Bratsk hackerspace","56.151686","101.633501"
"HackLab.TO","43.674423","-79.458341"
"Hacklab Jyväskylä","62.250053","25.706541"
"Vaasa Hacklab","63.087809","21.613178"
"Rancho Electrónico","19.418504","-99.142973"
"Eugene Maker Space","44.052105","-123.129709"
"Mainframe","53.14375","8.2207"
"CADR","56.2872","44.0409"
"Xinchejian","31.192041","121.479418"
"Sheffield Hardware Hackers and Makers","53.36981","-1.474038"
"Bitraf","59.9142","10.74887"
"VarnaLab","43.21669","27.904608"
"TkkrLab","52.216337","6.820547"
"Chaospott","51.438491","7.024999"
"Realraum","47.065554","15.450435"
"Open bioLab Graz","47.0655","15.4506"
"Das Labor","51.480846","7.208606"
"Phoenix Asylum","40.026069","-105.243058"
"Knyfyrtel Hackerspace Poznań","52.405","16.96019"
"Brisbane Makerspace","-27.458851","153.032167"
"Propeller","39.255413","-85.898076"
"The Build Guild","41.099658","-85.155716"
"ENTS","53.572309","-113.582103"
"Cyberhippietotalism","28.608239","-13.828289"
"Protospace","51.077187","-114.023495"
"Calgary Protospace Ltd","51.077244","-114.023483"
"Umeå Hackerspace","63.82329","20.28199"
"Engrenage","47.103056","6.842528"
"Build, RVA","37.577211","-77.469399"
"Red Mountain Makers","33.539942","-86.752924"
"Forge Greensboro","36.06609","-79.791376"
"Radiona","45.812167","15.994615"
"Maker Nexus","37.416353","-122.015318"
"Robots and Dinosaurs","-33.815546","151.089365"
"Laboratoire Ouvert Lyonnais","45.773118","4.837542"
"C-Hack Calw","48.7135","8.738"
"Hackerspace-Uri","46.86465","8.63623"
"Kamloopsmakerspace","50.709107","-120.370805"
"MakeFixHack","42.26676","-72.66898"
"Rust Temple","42.266757","-72.66898"
"Kaunas Makerspace","54.90798","23.870773"
"Hopfenspace","48.53778","11.50608"
"Hakkavélin","64.12919","-21.867067"
"GeekLabs","55.46469","8.459608"
"Hackerspace Santiago","-33.45928","-70.66424"
"L'abscisse","47.323","5.040385"
"MakeHaven","41.31","-72.923611"
"LUG Saar","49.313315","6.746844"
"MAKE Gosport","50.81573","-1.14126"
"Hackfest","46.786448","-71.285621"
"Duluth MakerSpace","46.758391","-92.135892"
"Framingham Makerspace","42.323116","-71.401058"
"PiSeC","49.297485","14.126402"
"Datorföreningen Update","59.867647","17.629518"
"TIF-IT-Labor","50.949381","10.702142"
"Makerspace Gotha","50.949292","10.702236"
"Einstein's Workshop","42.47006","-71.21339"
"LJUDMILA","46.056339","14.505776"
"RizomaLab","46.26656","15.76471"
"Queer feminist kompitreff","47.56845","7.60085"
"Åpen sone for eksperimentell informatikk","59.943049","10.717651"
"HappyLab","48.22802","16.400183"
"Triple Cities Makerspace","42.106023","-75.910962"
"Brooklyn Public Library Information Commons","40.672359","-73.968146"
"Spline","52.455949","13.297178"
"Lowell Makes","42.646133","-71.30955"
"MakerLabs","49.281937","-123.089911"
"CcHUB (Co-creation Hub Nigeria)","6.50617","3.378189"
"Victoria Makerspace","48.4936","-123.413099"
"Hackerspace Minsk Malino","53.8729","27.477969"
"MediaLab","41.892039","12.567283"
"Bluebonnet Library Innovation Space","30.365292","-91.105254"
"Segmentation Vault","48.203646","15.620098"
"Hackerspace Kraków","50.066085","19.943359"
"Leitstelle511-ccch","52.38813","9.71806"
"Hasi","50.868962","8.004639"
"Hackspace Siegen","50.868909","8.004483"
"ApatzyTI","19.087194","-102.3545"
"Uppsala Makerspace","59.84918","17.60802"
"Sensorica","45.527122","-73.597031"
"Hack HRO","54.08732","12.12449"
"Public Research Association of Social Hacktivity","10.803868","78.686512"
"SHL // Sophia Hack Lab","43.597837","7.056341"
"∕dev/hack","47.66235","-122.31298"
"Sector67","43.098303","-89.344972"
"Makerspace Azerbaijan","40.370643","49.841427"
"FOULAB","45.479194","-73.589889"
"The Bodgery","43.108669","-89.355695"
"Chaostreff Backnang","48.94862","9.42957"
"Decentrala","44.80554","20.477125"
"York Hackspace","53.962","-1.071111"
"MakerLab.dk","55.302316","10.472856"
"Hackerspace Brussels","50.855484","4.320809"
"UrLab","50.811717","4.383021"
"Hackalot","51.428623","5.458322"
"MadLab","51.428882","5.458322"
"HackBo","4.63132","-74.06589"
"MAKE NTNU","63.415764","10.406068"
"Makerspace Nanaimo","49.193473","-123.98305"
"Hack.rva","37.57797","-77.48404"
"Fablab Neckar-Alb","48.515782","9.062849"
"HUB+SPOKE","48.514748","9.062775"
"Hedron Hackerspace","45.495493","-122.64528"
"Surrey and Hampshire Makerspace","51.239781","-0.572979"
"BricoLabs","43.377638","-8.406531"
"House4Hack","-25.840714","28.209476"
"Berea Makerspace","37.571564","-84.318024"
"Omaha Maker Group","41.215031","-96.044219"
"Urban Workshop","33.666495","-117.880859"
"SpaceLab1","41.5323","-87.884885"
"Cloyne","37.875833","-122.257222"
"Cory Student Workshop and Supernode","37.875091","-122.257808"
"The CITRIS Invention Lab","37.874758","-122.258662"
"Open Labs","41.32137","19.82913"
"FizzPOP","52.47647","-1.887021"
"Quelab","35.103119","-106.65242"
"MAKER's EDGe","31.545992","-97.143581"
"APT Data Dungeon","-7.10157","-34.85442"
"Hackerspace.gr","37.999084","23.706492"
"Hacklab Kyiv","50.47824","30.492236"
"Attraktor","53.549844","9.946661"
"DimSumLabs","22.285196","114.150859"
"Makerspace YK","62.44578","-114.392019"
"MakerSpace Charlotte","35.191052","-80.892639"
"TinkerSpace","10.046923","76.335212"
"Chaostreff Chemnitz","50.8306","12.9396"
"Fablabc","50.83194","12.940556"
"FabLab Chemnitz","50.83194","12.940556"
"FabLab Chemnitz (Projekt des Stadtfabrikanten e.V.)","50.831297","12.939913"
"Maakplek","53.23087","6.58355"
"NYBI.CC","48.694032","6.199773"
"NYBI","48.693708","6.200008"
"Fablab Lazio - Rieti","42.410061","12.907536"
"Lorraine Fab Living Lab","48.693708","6.200008"
"STELLAMLab","10.993405","-74.796715"
"Boundary County Library Fab Lab","48.696298","-116.310507"
"HackerLabKolding","55.486321","9.480276"
"Coredump","47.225088","8.833887"
"FarsetLabs","54.592813","-5.94068"
"C3RE","51.624689","7.170051"
"Spacetime.community","40.636498","22.951215"
"Nerdberg Hackspace","49.470608","11.003405"
"Nerdberg e.V","49.47049","11.003351"
"Dezentrale","51.336536","12.338291"
"Section77","48.47712","7.946145"
"HAUM","47.993437","0.185302"
"HAUM - Hackerspace Au Mans","47.9938","0.185292"
"Garoa Hacker Clube","-23.569557","-46.699388"
"KIKA","41.995747","21.423159"
"TOG","53.33013","-6.3462"
"Tog Hackerspace","53.330147","-6.346163"
"Makespace","52.201595","0.116455"
"Breizh Entropy","48.113901","-1.636761"
"Chaos Computer Club Basel","47.531949","7.63436"
"ZTL","49.193425","8.128649"
"ZTL - Makerspace Südpfalz","49.19366","8.12865"
"AKASHA Hub Barcelona","41.410905","2.191059"
"Akasha Hub","41.410798","2.191193"
"Codinglab","46.176492","8.813272"
"MechArtLab","47.38698","8.52017"
"CCCZH","47.38698","8.52017"
"ZWZ - Bitwäscherei","47.386996","8.520439"
"KOLab","50.363343","7.557844"
"KoLab Makerspace","50.362498","7.557564"
"Nottinghack","52.955798","-1.135969"
"Nottingham Hackspace","52.9558","-1.13499"
"Hackerspace Gent","51.074491","3.724589"
"B4CKSP4CE","59.9938","30.30939"
"MAKERoanoke","37.269517","-79.951388"
"Kuckucksmühle","53.103492","12.404635"
"AwesomeSpace","52.213739","5.145334"
"TAKT","50.091895","14.483129"
"GreekLUG","40.596404","22.985711"
"Foothills Community Workshop","35.8014","-81.43064"
"CBI Maker Space","35.981815","-85.003948"
"Cumberland Business Incubator Maker Space","35.981043","-85.003944"
"HackLab Terni","42.5619","12.6499"
"Bytewerk","48.770729","11.381235"
"Maketory","32.893062","-117.146062"
"Hackafe","42.15012","24.745285"
"LAG","52.354281","4.854301"
"Otelo Linz","48.249811","14.308389"
"Hackstub","48.57817","7.72829"
"The Skiff","50.827073","-0.136553"
"Hsmty","25.679863","-100.307536"
"Idea Fab Labs Santa Cruz","36.9596","-122.054207"
"Idea Fab Labs","36.959515","-122.054367"
"Crash Space","34.019446","-118.40543"
"Make South Bend","41.665662","-86.213848"
"Vienna OpenLab","48.188776","16.400224"
"PiNG","47.228517","-1.583687"
"Bozeman Makerspace","45.699913","-111.021571"
"Chaihuo","22.344477","113.561181"
"Offene Werkstatt Norderstedt e.V.","53.689439","10.028474"
"Westwoodlabs","50.462966","7.724622"
"Chaos inKL.","49.440527","7.762289"
"Skövde Makerspace","58.39427","13.867828"
"Hackerspace Ffm e.V.","50.188757","8.591192"
"23b Shop","33.870273","-117.924671"
"Kilmarnock Hackerspace","55.610105","-4.496094"
"Weird Science Salon","47.6691","-122.385802"
"Site 3 coLaboratory","43.66189","-79.425603"
"Undefspace","55.75396","37.65248"
"MacGyver","50.079597","14.394864"
"Factory Two","43.016022","-83.69776"
"BioClub","35.65604","139.695448"
"BioClub Tokyo","35.656008","139.695501"
"East Essex Hackspace","51.596983","0.672717"
"Inventor Forge Maker Space","38.742885","-90.601176"
"LINKPing","58.412338","15.628279"
"The MakerHive","41.710151","-85.96791"
"Greenbridge","39.558926","21.768673"
"Tricity Hackerspace","54.38969","18.58161"
"Hackerspace Trójmiasto","54.389605","18.581783"
"BeLUG","52.5344","13.358581"
"IN-Berlin","52.5344","13.358581"
"Telford Makerspace","52.703642","-2.518231"
"BUDA::lab","50.830201","3.265589"
"Skillhouse","29.678167","-82.330506"
"Newcastle Public Makerspace","-32.923447","151.751744"
"CreatorSpace","29.51","-95.091"
"Sarai","28.675531","77.223271"
"Huntsville Alabama L5 Society (HAL5) - Project HALO","34.722792","-86.589593"
"Startable Hub","14.651866","121.032456"
"A.R.N.","44.754277","5.371105"
"EmancipoLab","48.862093","2.38457"
"BFZ Berlin e.V.","52.41133","13.39441"
"LuneLab Makerspace","54.075804","-2.753872"
"ComputerClub Itzehoe","53.938","9.50194"
"Creator Makerspace","58.896682","5.704028"
"Raul Hacker Club","-12.994779","-38.502896"
"M.A.G. Lab","34.038478","-117.82149"
"GeekspaceGwinnett","33.985454","-83.958679"
"MakerSpace Bonn","50.698324","7.142953"
"Vigyan Ashram DIY Lab","18.5333","73.8514"
"Technocopia Worcester","42.259717","-71.801956"
"Technocopia Downtown","42.259821","-71.802008"
"Pica Pica HackLab","43.3603","-5.84338"
"Robot Garden","37.713071","-121.702142"
"Hackspace Marburg","50.8162","8.77806"
"Dataklubb","58.851508","5.739473"
"Freeside Atlanta","33.67046","-84.398763"
"Recompile","55.606645","13.025866"
"Base48","49.22424","16.59555"
"Richmond Makerlabs","51.437503","-0.317141"
"Opennet - Frieda23","54.091214","12.12293"
"Teesside Hackspace","54.587934","-1.252442"
"Hackerspace Minsk","53.94306","27.5976"
"Tech Valley Center of Gravity","42.731155","-73.690039"
"ChattLab","35.063306","-85.311035"
"Anno lab","33.572059","130.399383"
"Tartu Häkkerikoda","58.386791","26.727323"
"Entropia","49.00666","8.40719"
"Kaouenn-noz","48.0998","-1.65328"
"SZDIY","22.53402","113.93843"
"Niemandsland","51.21183","6.808426"
"NYC Resistor","40.683652","-73.981542"
"Chris DiMauro","40.68362","-73.981692"
"Horten Folkeverksted","59.371025","10.441582"
"Mz Baltazar's Laboratory","48.233168","16.370574"
"MuHack","45.565218","10.234664"
"Codeforheilbronn","49.144001","9.215009"
"Makerspace experimenta","49.1442","9.21493"
"Hobart Makers","-42.883595","147.33113"
"Ostriv Lab","50.43032","30.451462"
"Ostriv Platform","50.430186","30.451312"
"Hive13","39.13101","-84.537142"
"Hack42","51.97708","5.94023"
"HackoonSpace","-23.581389","-47.524444"
"Schaffenburg","49.98787","9.1359"
"/root","44.22065","12.206605"
"Bloominglabs","39.146388","-86.533444"
"Eigenbaukombinat Halle","51.47997","11.992217"
"Taipei Hackerspace","25.052907","121.516857"
"NURDspace","51.973273","5.669681"
"Hal9k","57.01874","9.88214"
"AltLab - Audiência Zero","38.721552","-9.132154"
"BioLab Lisboa","38.721688","-9.131961"
"Halifax Maker Space","44.737387","-63.647659"
"K-space.ee","59.39833","24.659639"
"Maker Kids","43.6543","-79.45203"
"Computer Club of Western Michigan University","42.28102","-85.617539"
"AS220 Labs","41.823082","-71.415583"
"CDL - Computer Deconstruction Lab","40.185995","-74.059542"
"Collab","40.726241","-74.007327"
"Decatur Makers","33.775286","-84.305565"
"FabLab Munich","48.137282","11.534072"
"Syn2cat","49.591576","6.140618"
"ABC Makerspace","-23.677177","-46.564699"
"The Maker Station","33.972177","-84.527299"
"MakerFX","28.443786","-81.431322"
"Paralelni polis","50.103418","14.450551"
"Cryptoanarchy institute","50.103419","14.450491"
"Sample Studios","51.91367","-8.49391"
"Fablab Lueneburg","53.23127","10.40404"
"Hackeriet","59.919182","10.752015"
"Jackson Makerspace","42.244444","-84.381124"
"Miss Despoinas Hackspace","-42.948522","147.345162"
"Milwaukee Makerspace","42.99815","-87.898479"
"Labomedia","47.900572","1.913478"
"Usr/space","47.92303","16.21185"
"NüLand","49.558172","11.341228"
"FabLab NüLand","49.558166","11.341228"
"Windsor Hackforge","42.31749","-83.038798"
"Kanthaus","51.36707","12.74078"
"HACMan","53.484429","-2.214372"
"Hackspace Manchester","53.484351","-2.213959"
"CCCFFM","50.124","8.636"
"So Make It (Southampton, UK)","50.913016","-1.426246"
"So Make It","50.913","-1.42682"
"Hacklabor","53.601199","11.417968"
"Laboratoire Ouvert Villeurbannais","45.756229","4.877823"
"LVL1","38.2573","-85.7295"
"Machwerk","50.77512","7.28578"
"Nerd2Nerd","49.80186","9.922964"
"Fablab Wuerzburg","49.801872","9.923039"
"Forschung und Technik e.V.","52.485951","7.333019"
"QC Co-Lab","41.5746","-90.561"
"The Space Leiden","52.145775","4.493791"
"Mobile MakerSpace","30.6942","-88.0431"
"Derby Makers","52.925651","-1.47573"
"Kernel Panic Room","20.59302","-100.396"
"0x90.space","49.456045","11.030789"
"quellkollektiv","49.45598","11.030913"
"Schnittstelle","49.45598","11.030913"
"The Hornby Spark","49.5354","-124.6759"
"Make Salt Lake","40.76674","-111.91049"
"Baltimore's Under Ground Science Space (BUGSS)","39.293889","-76.563"
"BUGSS","39.2941","-76.5627"
"Connected Community HackerSpace","-37.823478","145.038777"
"CCHS","-37.8236","145.039"
"SkullSpace","49.895995","-97.144261"
"Starship Factory","47.540748","7.613776"
"Lancaster And Morecambe Makers (LAMM)","54.04435","-2.79579"
"FeM","50.6825","10.931111"
"Gamaker","42.855885","-2.676042"
"RMS","51.457724","-0.979961"
"Mutterschiff","47.40457","9.74379"
"AFRA","52.508154","13.496216"
"/tmp/lab","48.755028","2.411123"
"Tampa Hackerspace","27.954168","-82.527746"
"Open Space Aarhus","56.18565","10.188591"
"Jaaga: Bangalore Art & Technology Space","12.959017","77.593269"
"Tetalab","43.61871","1.420305"
"CCC Mannheim","49.463583","8.488607"
"Devbase","48.36292","11.260484"
"South Side Hackerspace","41.827255","-87.652883"
"Flipdot","51.31826","9.48499"
"Hammertime Kassel","51.318155","9.485257"
"Makerspace Kassel","51.318644","9.484377"
"LCD - Audiência Zero","41.187628","-8.612582"
"Yuvalay Electronics Lab","22.295255","73.15329"
"Port City Makerspace","43.0713","-70.774"
"Hacedores Makerspace","19.435139","-99.133417"
"Hardware Hack Lab","40.744765","-73.984897"
"LabHacker Câmara dos Deputados","-15.800182","-47.864365"
"Ballarat Hackerspace","-37.566329","143.858092"
"M-Labs","22.286881","114.211322"
"HackerspaceChiba","35.507507","140.286241"
"Ventres mous","49.438879","1.091651"
"Hive 76","39.986118","-75.131879"
"Rootdevel Hackerspace","5.718051","-72.924449"
"Centre for Internet and Society","12.96483","77.637474"
"TXRX Labs","29.758192","-95.350509"
"TheMakerSpace - Durban","-29.820106","31.028018"
"Hackzogtum","50.268552","10.950722"
"Laboratoire d'Aix-périmentation et de Bidouille","43.514719","5.451079"
"HACKMIAMI","25.761866","-80.179768"
"Maker Austria","48.188279","16.346784"
"FoAM","50.854679","4.342145"
"fablab iMAL","50.85513","4.34242"
"WikicharliE","-33.41317","-70.60383"
"Woelab","6.177553","1.198572"
"Inventeaza.ro","44.435967","26.133459"
"MadLab (Manchester Digital Laboratory)","53.484171","-2.236357"
"MadLab (Manchester)","53.484158","-2.236454"
"FredWorks","38.2597","-77.4839"
"Bellingham Makerspace","48.7857","-122.4905"
"Catalyze","41.895893","-87.651962"
"Build Brighton","50.838139","-0.127086"
"Rhodus","50.8382","-0.127069"
"Makerspace Leipzig","51.366","12.365"
"Base 12","-23.514003","-47.48715"
"Montana Ethical Hackers","46.58969","-112.03935"
"Clubelek","45.781629","4.872949"
"Labitat","55.676283","12.545726"
"HasGeek House","12.96148","77.64431"
"Fab Lab Devon","50.72508","-3.530284"
"Verdebinario","39.308978","16.240338"
"MakersBox","28.564865","77.241234"
"Digital Glarus","46.992608","9.07239"
"FabLab Cottbus","51.768824","14.323365"
"Diyode Guelph","43.542023","-80.242046"
"The Bocoup Loft","42.349164","-71.049346"
"Coworking & Fablab Nuremberg","49.45171","11.07351"
"TAKRIZ","36.81881","10.16596"
"Area UR-Maker","42.465975","-2.427078"
"Chaostreff Potsdam (CCCP)","52.389424","13.078555"
"bioPUNK-kitchen","52.389478","13.078118"
"coyote Druckwerkstatt/STUDIO114","52.389242","13.077016"
"Machbar Potsdam","52.389242","13.077016"
"57North","57.179306","-2.110205"
"Liege Hackerspace","50.642776","5.585556"
"Denhac","39.727455","-104.999568"
"Makers Asylum","15.595094","73.834069"
"Maker Cube","49.108578","-122.652047"
"Chaosdorf","51.21264","6.79967"
"Greenbelt MakerSpace","39.0009","-76.8761"
"Null Space Labs","34.062395","-118.183207"
"SUMA","52.371127","9.738154"
"Stratum 0","52.278238","10.520809"
"Cola Makerspace","34.045239","-81.028364"
"Factory 3","43.659838","-70.284295"
"Spark Studio Salem","44.914067","-123.018348"
"Mikrofabriken","57.731644","11.99097"
"Hobart Hackerspace Inc.","-42.853175","147.300113"
"CCC Darmstadt","49.870733","8.651329"
"Hackerspace Pomerania","54.371294","18.611263"
"C-base","52.513","13.42"
"Turku Hacklab","60.46933","22.203645"
"Motionlab","52.493788","13.448216"
"Maschinendeck","49.75294","6.63386"
"Hacklab Mikkeli","61.69333","27.2625"
"CCC Göttingen","51.54533","9.94526"
"Subraum","51.71703","8.747563"
"FabLab Paderborn e.V.","51.7172","8.74753"
"HacroEvolution","39.19147","-96.58098"
"FUZ","48.85811","2.43079"
"Saskatoon TechWorks","52.161365","-106.663178"
"Metameute","53.833795","10.704306"
"Radiona / Zagreb Makerspace","45.793216","15.955117"
"Technistub","47.76064","7.359931"
"Workshop 88","41.877529","-88.067012"
"FNordeingang Neuss","51.1862","6.69232"
"Makers of murcia","38.013425","-1.17369"
"TinkerMill","40.15561","-105.1244"
"091 Labs","53.290693","-9.074352"
"HackPittsburgh","40.43827","-79.978133"
"Warpzone","51.944508","7.638938"
"Akiba","56.48326","84.950572"
"Maker Works","42.231989","-83.74558"
"The Lab","32.96108","-96.710343"
"MindsHub","45.75543","11.00324"
"The Brickyard Collaborative","42.461179","-70.96679"
"Chaostreff Dortmund","51.527611","7.464944"
"Scuola Open Source","41.124458","16.856171"
"Fresno Ideaworks","36.73999","-119.80027"
"Ideaworks Makerspaces","36.740025","-119.800181"
"Tokyo Hacker Space","35.756388","139.692193"
"South East Makerspace","52.26214","-7.11593"
"HacDC","38.932307","-77.03521"
"EigenLab","43.721982","10.40802"
"The Inventor's House","21.900892","-102.316385"
"Midsouth Makers","35.20226","-89.86851"
"Politecnico Open unix Labs","45.47715","9.229814"
"CT Hackerspace","41.603371","-73.115395"
"Matehackers","-30.020242","-51.208366"
"Nawaat","36.801319","10.16598"
"Escape","59.655156","12.588025"
"MITERS","42.36208","-71.097078"
"हैकरgram (Hackergram), Almora","29.326239","79.579986"
"Namespace Gera","50.836825","12.078628"
"Bürgernetz Gera-Greiz e.V.","50.836806","12.078695"
"Chimera Arts and Maker Space","38.402227","-122.820811"
"Fat Cat FAB LAB","40.733883","-74.002949"
"Openlab Vorarlberg","47.304521","9.636755"
"Bastelbude Dinslaken","51.57238","6.76055"
"3D Berlin Headquarter","52.527053","13.385225"
"Ctrl-H","45.57804","-122.68187"
"Munich Maker Lab","48.15884","11.55063"
"treibgut","48.159686","11.550298"
"WerkBox3","48.157866","11.550234"
"Hacker Lab","38.56608","-121.47572"
"Hacker Lab | Startup Coworking Maker Space","38.566202","-121.476067"
"HackLand","-36.861056","174.753363"
"TAP:lab","-36.841873","174.651906"
"Nova Labs","38.954444","-77.338354"
"INTELLECTX TECNOLOGIA","-26.977351","-48.638356"
"Dijital Çağ Atölyesi","39.920639","32.798083"
"Hackerspace İstanbul","40.992196","29.042266"
"Black Lodge","47.663392","-122.104153"
"Logout","41.37418","2.13458"
"Valmiera's Makerspace DARE","57.542935","25.386458"
"HackerSpace JUST","32.495039","35.991226"
"Boring Place","51.53012","46.05025"
"Cape Fear Maker Space","34.226855","-77.877031"
"Spark Makerspace","41.354088","-72.097853"
"Hackreduce.org","42.36595","-71.08257"
"The Gizmo Dojo","39.909668","-105.07389"
"Coffs Hacker Space","-30.311185","153.101714"
"ZwoNullEins","50.956917","6.934556"
"WandelWerk","50.95717","6.93446"
"Revelation space","52.077938","4.390197"
"Hackheim","63.43285","10.39303"
"Mosul space","36.377981","43.134831"
"MakerspaceCT","41.768371","-72.674322"
"Hackerspace NTNU","63.41542","10.4044"
"ICTP SciFabLab","45.704125","13.719016"
"ICTP Scientific Fabrication Laboratory (SciFabLab)","45.704359","13.71988"
"District Three","51.134263","4.569793"
"Incubhacker","50.4683","4.877629"
"Imladris","48.631","-2.98581"
"Stockholm Makerspace","59.350669","18.067797"
"Bristol Hackspace","51.452815","-2.572894"
"Entität","53.56001","13.263345"
"Hacklab Lahti","60.984488","25.658035"
"Queerious Labs","37.7748","-122.4127"
"Chaostreff Flensburg e.V.","54.804503","9.421216"
"Splat Space","36.001498","-78.89482"
"Hand.Werk.Stadt","48.083261","16.299253"
"RLab","-34.60648","-58.38638"
"SnoCo Makerspace","47.920584","-122.270671"
"Ingobernable","40.416144","-3.700966"
"The Underground Studio MakerSpace","43.45065","-80.490695"
"Hackerspace Wrocław","51.104596","17.086849"
"MakeICT","37.657739","-97.267516"
"Hack66.info","34.677637","33.043922"
"KwartzLab","43.4378","-80.4769"
"Garaža Ajdovščina","45.889773","13.904208"
"Arch Reactor","38.625189","-90.214787"
"Happylab Berlin","52.541088","13.394245"
"GaudiLabs","47.044794","8.308772"
"CCC Hamburg","53.558461","9.944035"
"CCC HH","53.55849","9.94455"
"LinuxNetowork","23.8103","90.4125"
"Fab Lab Dhaka","23.810501","90.412497"
"FabLab Nürnberg","49.437791","10.992769"
"Fab Lab Region Nürnberg e.V.","49.43764","10.992467"
"Baltimore Hackerspace","39.299734","-76.514056"
"Rippowam Labs","41.056601","-73.540718"
"Hackerspace IFUSP","-23.560232","-46.734983"
"Garoa Hackerspace","-23.5617","-46.6976"
"The SCSU Husky Make-It-Space","45.552128","-94.151109"
"FAB LAB LIVRE SP VILA ITORORÓ","-23.561983","-46.641081"
"FAB LAB SP","-23.56007","-46.728298"
"FAB LAB ODONTO","-23.561914","-46.687906"
"Cairo HackerSpace","30.049222","31.238186"
"Edinburgh Hacklab","55.93974","-3.18171"
"CoMakingSpace","49.4083","8.6462"
"VHS","49.276849","-123.072608"
"Vancouver Hack Space","49.27695","-123.072588"
"Dallas Makerspace","32.940815","-96.906234"
"Ace Monster Toys","37.844565","-122.276901"
"Ace Makerspace","37.844558","-122.276962"
"Columbia Gadget Works","38.966694","-92.335806"
"Eyebeam","40.657218","-74.010152"
"Leicester Hackspace","52.636061","-1.127144"
"Toylab","-34.601634","-58.421688"
"R00thouse","-16.503826","-68.123732"
"Toppoint e.V.","54.3364","10.114939"
"Modulab","44.448732","26.115855"
"IslandLabs","40.7347","-73.4353"
"The Hive at John F. Germany Public Library","27.9472","-82.4586"
"Digitales Aachen e.V. (digitac)","50.779167","6.086972"
"River City Labs","40.784196","-89.607217"
"Innevation Center Makerspace","39.522039","-119.808066"
"NerdBridge","51.818125","9.868375"
"FabLab Escola Concept SP","-23.579898","-46.679039"
"Coderbunker","31.191427","121.426308"
"PlanZero","45.745295","21.204482"
"MakersBase","51.58748","4.778544"
"Club Cyberia","39.811915","-86.051019"
"HackerSchool @ IST","38.7375","-9.138611"
"ЦМИТ «Дружба»/Friendship FabLab","56.453077","84.975651"
"Dock18","47.343588","8.535785"
"Humanmade","37.768254","-122.400127"
"Port Labs","37.809647","-122.266497"
"The Compound Gallery","37.842525","-122.289988"
"Marin Makerspace","38.057256","-122.525357"
"CEC Makerspace","38.057256","-122.525357"
"Mobile Maker Club","38.05702","-122.526577"
"THE SHOP","38.05755","-122.525893"
"Benicia Makerspace","38.081261","-122.133667"
"The Box Shop","37.733039","-122.37658"
"PEV Works","37.741276","-122.402942"
"Double Union","37.760874","-122.411366"
"Sun Gallery Makerspace","37.67","-122.079167"
"Visual Philosophy Studio","37.33172","-121.911006"
"Pawprint Prototyping","37.385768","-121.946215"
"Studio 45","37.743913","-122.421845"
"STEMful - San Francisco","37.744143","-122.421278"
"Circuit Launch","37.740581","-122.201287"
"Jacobs Hall Makerspace","37.876023","-122.258821"
"Product Realization Lab (PRL)","37.424936","-122.171293"
"Roble Arts Gym","37.425999","-122.174861"
"Doe Library Makerspace / b.makerspace","37.872207","-122.259237"
"Laney Fab Lab","37.796087","-122.263604"
"Laney College FabLab","37.796866","-122.263148"
"College of Alameda Fab Lab","37.782304","-122.279355"
"Cabrillo Makerspace","36.987273","-121.927678"
"Evans Makerspace and Innovation Hub","37.73988","-122.38358"
"Solano Community College Makerspace","38.23522","-122.119899"
"Center for Education Research at Stanford (CERAS)","37.42462","-122.166982"
"CSU Maritime Makerspace","38.067754","-122.230185"
"Handifablab","50.627953","3.145575"
"Fablab Vagur","61.473637","-6.807219"
"Museolab","50.430462","2.813741"
"La Station FabLab","50.753763","2.265688"
"Connect Lab - Solideria","42.538932","8.799264"
"Afpa FabLab","41.999767","8.830763"
"Toga FabLab (Project)","42.709317","9.456102"
"FabLab Corti","42.305038","9.149252"
"Makerspace Jean Nicoli","42.698513","9.450978"
"3D Creazione","42.714587","9.454677"
"Opra FabLab","42.660548","9.422826"
"La Fabrique Caylus","44.231609","1.760157"
"Santander Fablab","43.458771","-3.823903"
"La Fabrique du Loch","47.668255","-2.985817"
"BlueLab","47.273498","-2.213848"
"PrusaLab","50.109042","14.437108"
"La Fruitière Numérique","43.766471","5.361231"
"EPN Fablab Lourmarin","43.766166","5.361959"
"La Bricothèque","44.00128","5.059578"
"Laboratoire Organique de Lustar","43.269377","0.33531"
"DYNAMO FabLab","54.853168","10.521791"
"FabLab Aeroe","54.853168","10.521791"
"Fablab Bergamo","45.687008","9.674492"
"CREATIVE RURAL HUB","48.497335","24.988838"
"Fablab & Krealab Skanderborg","56.052387","9.950066"
"Copenhagen Fablab","55.64696","12.509702"
"Roselab","43.577042","1.477218"
"PIONIR","45.835721","20.477871"
"Starbase18","40.53891","-7.270012"
"Openfab","50.832903","4.378598"
"VIVA Lab","41.156778","-8.621841"
"Mountain Makers","45.960581","2.941655"
"HRW - Fablab Bottrop","51.532642","6.933063"
"HRW FabLab","51.533096","6.932471"
"FABLAB l'ATELIER","48.114164","4.373263"
"Buinho","37.831087","-8.245446"
"Buinho Fablab","37.831143","-8.245477"
"Algarve FabFarm","37.138269","-8.776922"
"Fablab Cuenca","40.067472","-2.133418"
"Fablab Sant Cugat","41.467086","2.091942"
"Verstehbahnhof","53.186758","13.139664"
"Wytwórnia Kraków Makerspace","50.06465","19.94498"
"Verona FabLab","45.523344","11.018133"
"FabCube Lab","45.523335","11.018131"
"Center Rog","46.051564","14.515352"
"Center Rog - Creative Hub","46.050894","14.51635"
"FabLab hr","45.812537","15.965239"
"Fablab Zagreb","45.812081","15.965432"
"LAB'AUX","47.495081","4.335104"
"Habibi.Works","39.588436","20.913359"
"JRC Makerspace","45.810415","8.622374"
"Fab Lab Spinderihallerne","55.713446","9.529237"
"FabLab Middelfart","55.504856","9.729254"
"Fab Lab UCL","55.403544","10.379861"
"FabLab RUC","55.653019","12.137661"
"Illutron","55.69321","12.612405"
"Olabi Makerspace","-22.947697","-43.188195"
"Olabi","-22.947279","-43.187996"
"ISVOR Fablab","-19.974611","-44.181697"
"Fablab Nervecentre","54.996585","-7.322583"
"Lilo Zone","-23.549898","-46.68655"
"Rede FabLab Brasil","-23.5505","-46.6422"
"Insper Fablab","-23.598499","-46.676592"
"CNSC FABMANLAB","14.099578","122.955035"
"Neti Makerspace","-34.586011","-58.432216"
"Fabrica","-34.559078","-58.51642"
"Laborando","-34.592796","-58.45294"
"Makerspace9220","57.027715","10.000391"
"Fab Lab Bariloche","-41.133472","-71.310278"
"Fablab U. de Chile","-33.457624","-70.664211"
"Fablab Universidad de Chile","-33.4577","-70.6648"
"Valparaíso Makerspace","-33.044728","-71.613639"
"Protein Lab","-33.450867","-70.65802"
"Fab INACAP","-33.485147","-70.5992"
"FabLab UTEC","-12.135562","-77.021946"
"iFurniture Lab","-12.193033","-76.995987"
"Fab Lab UNI","-12.022007","-77.049365"
"Lima Makers","-12.115057","-77.024579"
"Fablab Lima","-12.097856","-77.02053"
"Fablab Zoi","-0.179405","-78.48159"
"Fablab Yachay","0.420038","-78.194112"
"Fablab Cali","3.353936","-76.522326"
"Laboratorio de Innovacion","6.264524","-75.566549"
"FabLab UNAL Medellin","6.261464","-75.577207"
"GÖRA makerspace","6.243337","-75.562098"
"Fablab Ecostudio","9.006578","-79.588986"
"FabLab Veritas","9.925783","-84.06456"
"La Nave Makerspace","19.414275","-99.131666"
"Fablab Analco","19.039078","-98.194142"
"Fablab Puebla","19.028386","-98.227908"
"Fab Lab Wgtn","-41.301772","174.775447"
"Funlab - Fablab Tours","47.393041","0.668619"
"DMM.Make AKIBA","35.700305","139.774075"
"Kyoto Makers Garage (by Makers Boot Camp)","34.991477","135.740811"
"Fab Lab Seoul","37.569243","126.995227"
"Eolane Suzhou IoT City","31.28356","120.753521"
"XinCheJian hackerspace","31.225922","121.448811"
"x.factory","22.537233","113.916529"
"Troublemaker Shenzhen","22.544418","114.08668"
"SZOIL","22.506736","114.051606"
"Robotics Garage","22.42664","114.210581"
"FabCafe Taipei","25.04415","121.529441"
"Fab Lab Taipei","25.069628","121.520617"
"XPC by Home-Fix","1.336895","103.891235"
"Community Lab by Sustainable Living Lab","1.357903","103.931809"
"OneMaker Group Prototyping Lab","1.298512","103.853512"
"Makerspace @ National Design Centre","1.298693","103.853366"
"Fablab OMG | Makerspace@NDC Singapore","1.298669","103.853364"
"Fab Lab Hanoi","21.022766","105.831697"
"Fab Lab Saigon","10.806309","106.687749"
"ATTOM","45.770373","4.799303"
"Fab Lab Kochi","10.055396","76.354668"
"Maker Village","10.055843","76.354203"
"Super Fablab Kerala","10.055198","76.354616"
"IKP EDEN","12.934072","77.609869"
"Project DEFY","12.802082","77.510052"
"Fab Lab Workbench Projects","13.000009","77.564514"
"Fab Lab Vigyan Ashram","18.832271","74.059181"
"Maker's Asylum Mumbai","19.1198","72.8755"
"Maker Auto","19.119871","72.875338"
"Curiosity Gym","18.936292","72.837322"
"RiiDL","19.072509","72.900187"
"Fab Lab CEPT","23.037678","72.549742"
"Nuts & Boltz Makerspace","28.692851","77.120001"
"Nepal Communitere","27.678349","85.315428"
"FabLab Nepal","27.678563","85.315062"
"Nepal Innovation Lab","27.666428","85.320891"
"Karkhana Makerspace","27.710235","85.333005"
"Fab Lab Tehran","35.729894","51.824897"
"Archifab Studio","35.729894","51.824897"
"Draft Ateliers","48.887993","2.362715"
"TechShop - Ateliers Leroy Merlin (Ivry)","48.823121","2.388675"
"Green FabLab","41.450354","2.133348"
"Valldaura, Self Sufficient Lab","41.4501","2.13354"
"Fab Lab Barcelona","41.396691","2.19438"
"MIT - Fab Lab Norway","69.492263","20.196445"
"Fab Lab Torino","45.050074","7.668242"
"Fab Lab London","51.522352","-0.154973"
"Fab Lab Amsterdam","52.372807","4.900291"
"Creative Lab","48.763213","2.07947"
"La Machinerie","49.892109","2.308889"
"Usine IO","48.833449","2.368884"
"WoMa","48.887897","2.38263"
"WoMa Paris","48.8878","2.38252"
"ICI Montreuil","48.859003","2.425831"
"FacLab","48.935813","2.303207"
"Lab A.I.S.","48.613328","2.653174"
"Fab Lab La Casemate","45.197896","5.73237"
"Fab Lab Net-IKi","47.145859","5.456125"
"Kelle Fabrik","47.311012","5.068501"
"NavLab","43.579529","7.120768"
"Antibes NavLab","43.579556","7.120775"
"Lieu de Fabrication Ouvert","43.310391","5.389479"
"LabSud","43.615199","3.910333"
"LABSud Montpellier","43.615076","3.910484"
"SquaregoLab","42.688966","2.850283"
"Fab Lab Albi","43.920386","2.181717"
"Albilab","43.920103","2.181445"
"Artilect","43.594035","1.421463"
"Glass FabLab","48.546964","5.778326"
"Atelier des Beaux Boulons","47.79826","3.585266"
"BriCoLab","50.606744","3.10219"
"Fablab Côte d'Opale","50.955421","1.914481"
"LabFab","48.114635","-1.6772"
"LabFab - École Européenne Supérieure d'Art","48.1143","-1.67725"
"LabFab de Rennes","48.114635","-1.6772"
"zBis","46.957817","-1.304249"
"FabMake","47.165134","-1.58731"
"SEBLab","45.798484","4.771814"
"La Fabrique d'Objets Libres","45.694223","4.936037"
"YOUFACTORY","45.758268","4.898742"
"Mary Tailoring","-1.282307","36.895042"
"Sitcom Furniture mart","-1.281484","36.894441"
"Maganyi Investments","-1.28214","36.896326"
"Glory Fashion House","-1.287543","36.748169"
"Christopher furniture","-1.288245","36.748303"
"Perfect Steel Work","-1.288933","36.747293"
"Abel furniture","-1.288855","36.747348"
"Welding works","-1.289004","36.752249"
"Maendeleo Workshop","-1.288373","36.74448"
"Antique Engineering Works","-1.287906","36.743777"
"Leevak Engineering works & specialized in metal work","-1.288521","36.751336"
"Draft Furnitures & Carpentry","-1.288869","36.752174"
"Damunja eng.&metal fabrication","-1.287837","36.742309"
"Furniture shop","-1.290215","36.75286"
"Paradise furniture","-1.290498","36.752647"
"By Faith tailoring shop","-1.290649","36.749396"
"Freelance Furnitures","-1.29344","36.848443"
"Otis Furniture","-1.292944","36.846249"
"Tent Palace","-1.292825","36.845735"
"Ojwang Metal","-1.311126","36.833634"
"Mtumba shop collection","-1.310669","36.834474"
"Opiyo Furniture","-1.310707","36.834473"
"Ebenezer furniture","-1.29253","36.853945"
"Jesus saves Halleluya Furnitures","-1.292075","36.854829"
"Some times furniture","-1.292076","36.855051"
"Kwetu fashions","-1.311184","36.842589"
"Mwas furniture","-1.311597","36.840565"
"Awouri tailoring","-1.31176","36.841961"
"Vitenge fashions","-1.311294","36.839244"
"Unique dressing","-1.28338","36.888751"
"Michael oluoch","-1.283557","36.889848"
"Kwa Elizabeth","-1.284712","36.889296"
"Stephen Fabricators","-1.284752","36.889406"
"Brother furnitures","-1.286458","36.889636"
"Kwa p","-1.286562","36.887915"
"Tumaini Furniture","-1.28643","36.887564"
"Ujenzi Bora engineering","-1.284339","36.868627"
"Furnitures","-1.285483","36.867985"
"Kitchen Budget","-1.285744","36.867696"
"Mumbi Joy Designers","-1.287666","36.887817"
"ThinkIT","0.348323","32.615013"
"Davi-son mart furnitures","-1.288724","36.889539"
"Penta Fashion","-1.289361","36.887327"
"Sam furnitures","-1.290378","36.893155"
"Alliance Furniture","-1.291378","36.891448"
"Luyo fabricators","-1.288564","36.895376"
"Zack enterprise","-1.287973","36.896346"
"Bonca tailoring","-1.290017","36.742885"
"Mwalimu metal work","-1.289556","36.741051"
"Mugathu building solutions","-1.291676","36.88577"
"Thoga metal works","-1.278716","36.873612"
"nexus","-1.27877","36.873598"
"Fundi wa Nguo Dress making & Embroidery","-1.286368","36.746496"
"Mama Joy Tailoring","-1.286607","36.746719"
"Trezol fashion shop","-1.300025","36.75617"
"Goodwill welding","-1.299146","36.756352"
"Hextag","-1.271765","36.875554"
"Godinam Tent Makers","-1.287138","36.836319"
"Relux hair cut","23.690386","90.446837"
"Confidence technology","23.690373","90.446831"
"Allyson Enterprise","-1.280485","36.883117"
"East furnitures","-1.280603","36.886365"
"Doreen tailors","-1.278959","36.888278"
"Ouma fashions","-1.279871","36.887084"
"GraceTouch African designs","-1.279303","36.887082"
"Nyati Workshop","-1.280897","36.886446"
"General Fabricators","-1.279369","36.888017"
"Generation Fabricaters","-1.272713","36.879233"
"Celines tailoring","-1.309186","36.840065"
"Muindi crafts","-1.307926","36.839211"
"Ochieng fabricator","-1.280376","36.878554"
"Royal fashion and design","-1.291348","36.733874"
"Odhis tailoring and design","-1.292183","36.734689"
"Omosh Kandware","-1.278284","36.877296"
"Kk metal works","-1.29454","36.739908"
"Kasina suppliers","-1.285674","36.884408"
"Jey Fabricators","-1.281664","36.883361"
"Agape tailoring","-1.283845","36.8848"
"Michael work shop","-1.275525","36.877323"
"Baba Jey Tailoring","-1.292058","36.740127"
"Bony Furniture","-1.291645","36.739547"
"Jubi Metal & Fabricators","-1.2864","36.740124"
"Junje enterprises timber products","-1.28566","36.738957"
"Njoki timber &carpentry","-1.286456","36.739623"
"Welding metal & Fabricators","-1.288201","36.738756"
"Tailoring Shop","-1.282596","36.884659"
"Tailor","23.689426","90.450099"
"Al Hadeed Mild Steel","23.689377","90.45007"
"Prodigal son furniture","-1.29212","36.750142"
"Fire point fabricator","-1.271678","36.879105"
"Ace furniture","-1.271198","36.881274"
"Cane craft","-1.271229","36.881288"
"At Formers Designers","-1.276733","36.886163"
"Kelvin Ngesa","-1.276465","36.886132"
"Yesu amala furniture  workshop","0.402545","32.731988"
"B. D metal fabrication and steel works","0.402558","32.731925"
"Nyondo metal works","0.401465","32.731997"
"Juma welder","0.400725","32.731672"
"Richard's metal works","0.400023","32.73085"
"HKM furniture  workshop","0.3729","32.714338"
"Seeta B metal works","0.372556","32.7142"
"SMK metal fabrication","0.349615","32.717365"
"HJ metal fabrication","0.354287","32.716407"
"Ak furniture","0.354593","32.716383"
"Masika welders workshop","-0.061087","34.784003"
"Welding","-0.055949","34.787456"
"Agape fabrications (u)  limited  wood and metal works","0.358958","32.71588"
"Makembo Miller","3.410416","32.598068"
"Kal woods work","3.432272","32.581359"
"Tanisha tailoring shop","-0.065926","34.787825"
"Okinyi workshop","-0.065214","34.787679"
"Mbeckini tailoring shop","-0.067531","34.787399"
"Classic tailoring shop","-0.053457","34.788515"
"Mama Dota  tailoring shop","-0.053493","34.788461"
"Ohuru Miller","3.387608","32.527237"
"Oyella Tailors","3.387187","32.526987"
"Watwero Tailors","3.409979","32.497638"
"Loyo Nono","3.409165","32.496122"
"Labalpiny Miller","3.409357","32.495545"
"Kal United work shop","3.437217","32.581525"
"Philobe Engineering  & metal works","0.362928","32.715437"
"Mukede Tailors","3.435109","32.582062"
"Slam furniture","0.365028","32.714749"
"Faith metal fabrication","0.396547","32.701668"
"Reboth furniture","0.395657","32.702315"
"Baale workshop (fabrication)","0.394978","32.702552"
"Psenec engineering solutions","0.371087","32.712498"
"JB Miller","3.584971","32.725579"
"Ogware Miller","3.588957","32.717437"
"Kilmarnock miller","3.605794","32.728528"
"SG metal workshop","0.461464","32.755394"
"Kalibala metal workshop","0.463274","32.754155"
"Kisakyamukama furniture","0.463687","32.754084"
"Lalak Liquid soap makers","3.64168","32.728556"
"Wiyagira Tailors","3.627927","32.708153"
"Larego Miller","3.629483","32.709589"
"Owona Miller","3.662216","32.741153"
"Kilama Miller","3.673895","32.7367"
"Atim Tailors","3.660237","32.741287"
"Ocana Miller","3.65934","32.740831"
"Gladys Tailors","3.641257","32.730013"
"David Miller","3.643987","32.727535"
"Watwero woman liquid soap","3.640731","32.729061"
"Cabinet Tailors","3.641643","32.732027"
"Acayo Tailors","3.641095","32.733903"
"Kwangyee Miller","3.642423","32.732984"
"Joy quality furniture","0.394651","32.689771"
"Kibuuka metal fabrications","0.394938","32.687518"
"Okane Miller","3.562723","32.74695"
"Akwata empola Furniture Work Shop","0.240905","32.773357"
"Yash Poles (U) Ltd","0.205752","32.790976"
"Metal Workshop","0.153999","32.809025"
"Metal Fabrication Workshop","0.153999","32.809025"
"Agati Miller","3.553039","32.895904"
"Backy Tailors","3.581601","32.93035"
"Jesus Christ is lord engineering works","0.395292","32.693723"
"Olara","3.798052","33.016601"
"Geneber wood workshop","3.797853","33.01654"
"Godmercy Tailor","3.800467","33.016989"
"Ageno Tailors","3.800226","33.016905"
"DD Miller","3.694557","33.081206"
"Sharon's Tailors","3.606234","33.087739"
"Amone Miller","3.606532","33.085895"
"God Will","3.606495","33.085987"
"Paloga United wood workshop","3.589463","32.944503"
"Jennifer Tailors","3.590458","32.943675"
"Christine Tailor","3.589338","32.943459"
"Kuteesa metal works","0.518379","32.616109"
"Biva muntuuyo Musisi metal works","0.519244","32.616251"
"Adee Tailors","3.580936","32.929601"
"Lol  miller","3.580953","32.929348"
"Ruden the youth metal works","0.542532","32.656225"
"Kikomeko metal works","0.540579","32.668241"
"Mirembe Welders","0.26079","32.812857"
"Mayor's Son Carpentry and Joinary WorkShop","0.254354","32.818851"
"Carpentry WorkShop","0.254601","32.818851"
"M.M Feeds World Milling Machine","0.254601","32.818851"
"Kulakulana Metal Workshop","0.254601","32.818851"
"Brian K Metal Workshop","0.254352","32.819557"
"Furniture Work Shop","0.254601","32.818851"
"House of Hope Carpentry","0.254352","32.819557"
"Milling Machine","0.25457","32.817341"
"Latif and Sons Carpentry Work Shop","0.20951","32.798047"
"Mental Metal Workshop","0.15359","32.798047"
"Kibuuka Herman Zigombye Furniture WorkShop","0.152356","32.800162"
"Simon Metal Workshop","0.152356","32.800162"
"S and E  Furniture WorkShop","0.148948","32.777943"
"No official name yet given","0.517128","32.772026"
"SADAT METAL CRAFT EXPERT","0.512966","32.76775"
"Alex Metal Workshop","0.336193","32.761563"
"Lakerber Tailors opoki","3.429238","32.716086"
"Ticcing ber Tailors","3.429251","32.716209"
"Ocan Miller","3.429125","32.718272"
"Olara Miller","3.42924","32.719875"
"SK Metals","0.330301","32.761891"
"Opoka miller","3.456339","32.78135"
"Aciro can Tailors","3.488168","32.771827"
"Okoci Miller","3.529536","32.777373"
"Afayo metal works","0.528047","32.647618"
"Mabaale metal works","0.528056","32.647693"
"Ronald metal works","0.532515","32.645196"
"ApioTailor","3.56612","32.816369"
"AandB tailor","3.564653","32.816783"
"Ongwec miller","3.506427","32.827477"
"Gac miller","3.506101","32.828345"
"Gwabwanzi workshop","0.466715","32.752031"
"God is able house of furniture","0.466661","32.751805"
"Mutizi metal fabrication","0.464399","32.753328"
"Blessed Choices Tailoring Designs","0.35923","32.751803"
"Trust Textiles & Tailors'Shop","0.356891","32.753586"
"Mukono Metal Workshop","0.355714","32.754982"
"Mama Daisy fashions","-1.252558","36.867675"
"Marura furniture","-1.252419","36.866094"
"Obasanjo's furnitures mart","-1.250975","36.872045"
"Nelson welding","-1.25096","36.872151"
"SSEMA FRED METAL WORKSHOP","0.501341","32.749851"
"MOMETAL WORKSHOP","0.499676","32.750483"
"N & P METAL WORKSHOP","0.503101","32.748181"
"Mwesigwa engineering","0.396241","32.697955"
"Top notch fabrication center","0.39634","32.699157"
"Dreaads mahogany timber products","0.397502","32.70093"
"Lamwo supreme detergent","3.507101","32.803544"
"Tommy Miller","3.50573","32.804179"
"Mum Huda","-1.31084","36.789338"
"Makina","-1.310458","36.784118"
"Mama Esther","-1.309618","36.785757"
"Fashion &Design for men/women","-1.311957","36.788423"
"Muwa Dress making Tailoring & Dress making","-1.31125","36.785182"
"umoja ni nguvu metal workshop","-1.311308","36.785316"
"Highway furnitures","-1.309714","36.790687"
"Mum Zuu Fashion&Design Shop","-1.311276","36.782573"
"Kwik Fit steel fabricators","-1.309195","36.787579"
"Ken steel works","-1.311991","36.791848"
"Andson steelworks and fitting","-1.312116","36.792414"
"James workshop","-1.311493","36.788162"
"Mama Martha tailoring","-1.309519","36.788058"
"Awori Miller","3.431558","32.855514"
"Best of the best","-1.313997","36.775933"
"Jua kali","-1.313717","36.777572"
"ready school uniforms available","-1.31779","36.778291"
"carohs fashion design","-1.318579","36.778776"
"power women","-1.316948","36.777742"
"Oloya Miller","3.45202","32.880424"
"Yusuf metal works","0.428106","32.602974"
"KDM metal works","0.428304","32.602808"
"Nsubuga metal works","0.429886","32.60196"
"Okwir miller","3.460316","32.899312"
"Alimocan Tailors","3.460308","32.897835"
"Favio miller","3.460349","32.896835"
"Alaroker Tailor","3.461562","32.894671"
"Berbedo Miller","3.461201","32.895137"
"Padibe East miller","3.46232","32.892002"
"SN metal workshop","0.393","32.703292"
"B2S Metal workshop","0.385909","32.86234"
"God's will smarness solution","0.385698","32.862808"
"Isamula Trust furniture","0.383358","32.865298"
"Mama shumaia tailoring","0.385628","32.863845"
"Shid metal works","0.469524","32.750771"
"Ibra Welders","0.352706","32.758541"
"God's Mercy metal fabrication","0.387971","32.704224"
"EDWARDS METAL FABRICATORS","0.541814","32.787383"
"David and Son miller","3.482003","32.828548"
"Pablo Tailoring","-1.304066","36.788077"
"Mama Marion","-1.304066","36.788077"
"Mewa Grinding Mill","3.486247","32.833951"
"Apowegi Tailors","3.466197","32.836455"
"Bongowat and Son","3.466175","32.836317"
"M.North Furnitures","-1.253905","36.86699"
"Yele-Ber carpentry work shop","3.483059","32.820851"
"Nabito furniture","-1.304934","36.783802"
"Muna estate","2.381314","35.653033"
"St Francis Sunflower press welding machine","3.484144","32.822797"
"Riamriame","2.382709","35.655708"
"Aporokuri","2.382445","35.6548"
"Elvis metal fabricators","0.547569","32.635001"
"Beauty works uganda","0.548849","32.628225"
"Obwoya and family liquid shop dealers","3.489279","32.817795"
"Obwoya and family grinding Mill","3.489353","32.8179"
"David quality metal fabricators","0.547732","32.626226"
"Bashir and company metal works","0.547151","32.626444"
"Bemba Classic metal fabrications","0.546352","32.625947"
"Hope for the future Tailors","3.486705","32.817682"
"Canrwode pee.","3.486382","32.818152"
"2D workshop (metal fabrication)","0.386668","32.705263"
"Super demm boys","3.73662","34.80336"
"Martin steel welding masters","0.398823","32.700822"
"Mulindwa quality timber","0.398762","32.70075"
"BI furniture shop","0.53757","32.785021"
"Designer's pala","0.537176","32.784966"
"Mutebi furniture","0.532957","32.784479"
"Kimera's metal workshop","0.533385","32.784473"
"Kelvin","-1.262649","36.876994"
"Jomwa engineering works","-1.262526","36.876922"
"Baby cot kenya","-1.256921","36.873731"
"Mjinga ni Mimi Workshop","3.74018","34.811733"
"Joetech fabrabricaters","-1.25251","36.882555"
"Mama mark","-1.252109","36.880168"
"Temotec furniture makers","-1.252012","36.883042"
"Kwa Paul welding","-1.250904","36.882992"
"Annointed  mpeketoni","-1.251251","36.884109"
"Sirajovi carpentry","-1.250108","36.88372"
"Engeneer wa vitanda","-1.25272","36.883982"
"Cyrus Furniture's","-1.252643","36.883822"
"Kyasanku metal workshop","0.472113","32.751764"
"Kinc fashion and design","-1.256461","36.881433"
"Printing shop","3.70705","34.866084"
"Moni fashions","-0.080829","34.773183"
"Startups workshops","3.65662","35.82345"
"Sam and Churchill","3.488712","32.81572"
"QUALITY FURNITURE WORKSHOP","0.536178","32.784585"
"B&T metal crafts","0.385703","32.706516"
"Damulira metal fabrication","0.385043","32.707235"
"Tailoring solutions","0.630712","32.828201"
"Mazima bugaga metal workshop","0.631177","32.829658"
"Milly tailoring services","0.629582","32.827967"
"Namaliri Welders","0.568085","32.801273"
"Lions carpentry","-1.257935","36.872072"
"Kezimbira workshop","0.642866","32.842551"
"Michael furniture centre","0.642917","32.842574"
"Kwa Lucas","-1.313188","36.790849"
"Nyamache welding","-1.313035","36.789467"
"Sewing","3.7626","34.73262"
"Lsanitizer","3.762252","34.732535"
"Upendo group","3.764021","34.730541"
"Betty designers and boutique","-1.311702","36.77813"
"Alice Tailoring","-1.311054","36.778893"
"Benjie building excellence (fabrication)","0.38416","32.708209"
"Majiwa Tailoring","-0.055296","34.782342"
"Jasuba Tailoring","-0.055206","34.78224"
"Kwagaliza designers","0.54951","32.625727"
"Mozes metal works","0.550634","32.623051"
"AS metal works","0.381487","32.709083"
"Mukalazi welders","0.540457","32.786529"
"Masu metal workshop","0.541358","32.790194"
"Dwany metal works","0.25643","32.816163"
"Butiko Maize Miller","0.254285","32.81599"
"Ken and Sons Furniture Empire","0.254285","32.81599"
"Yawe quality furniture","0.403807","32.700232"
"Nel 1 timber dealers and sellers","0.403707","32.700313"
"Mwesigwa super furniture","0.396393","32.70063"
"Tiger workshop","3.735471","34.807391"
"Shina tailoring services","0.377978","32.709565"
"Mama pricilla","3.750427","34.804432"
"Seeta metal fabrication","0.376667","32.709677"
"Baraka Workshop","3.75033","34.839875"
"Umoja workshop","3.750823","34.840077"
"Tumaini workshop","3.746914","34.839226"
"Ibrahim workshop","3.751877","34.840616"
"Makenya workshop","3.752205","34.840748"
"Nipe Kazi workshop","3.749689","34.826702"
"JOMO FURNITURE MART","0.542966","32.791722"
"Mama shakaina","3.7524","34.805103"
"Christen lnterious","-1.267861","36.888084"
"Fadhili Dressmaking","-1.267435","36.886551"
"Christine mbesa","-1.268401","36.886315"
"Latest Design Fashion Africa","3.751568","34.817106"
"Lubwama technical services","0.374005","32.710815"
"Taaj furniture","0.367914","32.711038"
"Muhayaldin Workshop","3.757673","34.815596"
"DAVIKI GENERAL CARPENTRY","-1.274076","36.884823"
"Sakina enterprise","3.753857","34.751509"
"Aline shop","3.750309","34.756128"
"Umoja shop","3.751842","34.764078"
"Charity shop","3.752503","34.7647"
"Muhanzi shop","3.748776","34.757078"
"Alexi company","3.748241","34.75701"
"Vision vaplication group","3.748937","34.75837"
"Smar shop","3.771559","34.730399"
"Toi furniture centre","-1.307303","36.779858"
"solonika juakali metal and general works","-1.307712","36.782247"
"Muhaminifu Worshop Uganda","0.35148","32.758008"
"Irene School of Designs","0.352228","32.757098"
"Rose Designs","0.353","32.756197"
"Lohman chemicals","-0.08235","34.775688"
"Mirembe Tailoring Designs","0.355555","32.753622"
"Anty meliza Tailoring workshop","2.278654","35.432976"
"Echoir Aichoke welders","2.278885","35.433647"
"Janey Tailoring shop","2.272985","35.43345"
"Success metal workshop","0.38199","32.767888"
"St Francis of Asisi metal fabrication workshop","0.383939","32.768152"
"Nyamusi furnitures and metal works","2.274117","35.433269"
"Mama delah shop","2.273996","35.430844"
"Maurice welding workshop","2.274225","35.431856"
"Davy Tailoring center","2.273961","35.431764"
"Mpindi metal works","0.38614","32.768216"
"Abyola metal workshop","0.386838","32.76832"
"Kabogoza metal workshop","0.470669","32.750982"
"Bogez metal works","0.484715","32.750795"
"Gift Designers","0.360235","32.746931"
"Ssemanda Youth Project & Metal Fabrication","0.361136","32.745211"
"EVELYN DESIGNS","0.361482","32.745264"
"Mukono Furniture Workshop","0.365237","32.741389"
"Classic Furniture Mart","0.365919","32.740958"
"Ombeni shop","3.764624","34.74544"
"Patrick shop","3.764389","34.744968"
"Sarah workshop","3.743222","34.837108"
"Irine Shop","3.742591","34.837051"
"Hamna shop","3.741747","34.837935"
"Mungu ni Mwema tailoring","3.742057","34.837854"
"Celine workshop","3.745057","34.835545"
"Derrick","-0.078965","34.782537"
"Otti","-0.078965","34.782537"
"Jaodhi","-0.078965","34.782537"
"Mectro","-1.265336","36.880045"
"Babby","-0.099055","34.769744"
"Brook","-0.099055","34.769744"
"Ronnex","-0.099055","34.769744"
"Nawountos Building and Construction Enterprises","3.705721","34.868872"
"Building and construction site","3.705703","34.868911"
"Nakayima tailoring","0.499834","32.82057"
"Kityo Furnitures","0.497834","32.821014"
"SSENJOBE METAL WORKS","0.508099","32.750175"
"Mama Winnie tailoring","-1.308656","36.784353"
"UMOJA NI NGUVU WORKSHOP","3.76901","34.823442"
"Waziguwa Proud shop","3.765026","34.820048"
"Emma metal workshop","0.406607","32.780053"
"Salah Workshop","3.761588","34.818442"
"Walugembe metal workshop and fabrication center","0.323452","32.810145"
"Regina products","3.757299","34.753339"
"Easy metal crafts","0.333658","32.789226"
"God is able metal works","0.334921","32.788328"
"God is able","0.334863","32.788267"
"Worldwide welders","0.393018","32.767702"
"Expert welders metal workshop","0.393012","32.767184"
"Akili jua kali worshop","2.252624","35.432401"
"Mama ignatius sanitizer shop","2.239827","35.438387"
"Kukaha workshop","2.241042","35.437408"
"Akidodo construction","2.24432","35.43507"
"Murunga tailoring workshop","2.24352","35.435548"
"Mukasa and Sons Metal Workshop","0.163205","32.79064"
"Excel Welding Masters","0.166159","32.79064"
"Leo and Sons Metal Workshop","0.239577","32.775449"
"Kisakye Steel Works","0.212791","32.797598"
"Baba Tshaku workshop","3.760996","34.824556"
"Muhudiin Shop","3.760468","34.8244"
"Mama Amos workshop","3.757424","34.819084"
"Mz metal workshop","0.317112","32.843238"
"Sajo welders","3.1182","35.599353"
"Julius tailoring","3.117489","35.599112"
"Metal works","0.25019","32.89571"
"SI Metal Works","0.370566","32.735852"
"Esmouc Engineering Solutions Ltd Workshop  Services","0.370872","32.735535"
"Dirisa metal workshop","0.258323","32.815808"
"Maziba metal workshop","0.302187","32.77748"
"BS metal fabrication smc ltd","0.31271","32.773067"
"Namutwe welding workshop","0.314765","32.771312"
"Mmusena metal fabricators","0.32234","32.766385"
"Goddy engineering works","-0.047711","34.765563"
"Maria shop","3.759589","34.754647"
"Mama Jude workshop","3.737035","34.80771"
"T&T workshop","3.734281","34.80802"
"Omari workshop","3.766613","34.821377"
"Kajumba metal works","0.497108","32.732595"
"Kalongole Workshop","3.761432","34.815933"
"Abayo tailoring shop","3.760848","34.81444"
"Rizah function and hire services","0.396095","32.682124"
"Alpha interior design workshop","0.396095","32.682124"
"Blevah metal works","0.396095","32.682124"
"Otieno","-1.261258","36.886707"
"No name","-1.261687","36.886634"
"Denise Richards welders","-1.26182","36.885124"
"Kyuma welding","-1.262124","36.881345"
"Rusinga Welding","-1.262112","36.883476"
"Silas welders","-1.260368","36.890079"
"Ochieng jointry","-1.260481","36.88973"
"Jack collection","-1.261789","36.890013"
"Jose furniture","-1.261312","36.890823"
"Wambos retail shop","-1.283407","36.844967"
"Joseph Othiambo","-1.28387","36.845982"
"Carpentry","-1.284147","36.847257"
"Cashmir","-1.282506","36.844525"
"George Ochanda Welding","-1.284011","36.841456"
"Kingo Furnitures","-1.28329","36.840708"
"George's carpentry","-1.283148","36.841794"
"Simon workshop","3.742274","34.808216"
"Bishimila workshop","3.745493","34.80683"
"Dalili Workshop","3.74465","34.80674"
"Dress making workshop","2.260775","35.561457"
"Kazabuti Workshop","3.754648","34.80976"
"Ashton Workshop","3.754957","34.807677"
"Madanse Workshop","3.756013","34.808928"
"Ssekide furniture centre","0.644107","32.844563"
"Bulwa metal works","0.649134","32.84732"
"Highway metal works","0.649285","32.850174"
"Kabimbili metal work shop","0.648358","32.849185"
"Tuwaweza shop","3.741272","34.817807"
"Mugave metal workshop","0.646676","32.848607"
"Lebour welding","-1.305923","36.787173"
"Star dressmaking","-1.305119","36.787964"
"Shop","-1.305577","36.788851"
"Emma metal works","0.405535","32.78313"
"Vincent Tailoring shop","-0.167334","34.792911"
"Ka Elijah tailoring shop","-0.167128","34.792809"
"Nyombi and sons metal workshop","0.497085","32.72986"
"Kalanzi metal workshop wakiso","0.410557","32.831368"
"Muka 2 meta works","0.409927","32.832071"
"Tailoring shop kakuma 4","3.738057","34.818632"
"Lucky brothers metal workshop","0.392825","32.843784"
"Neema workshop","3.737874","34.81364"
"Wesonge and Sons metal works","0.390642","32.844555"
"Steven and sons electrical","0.35934","32.702507"
"Kibiro furniture","0.360235","32.703055"
"Nicho welding agency","0.360777","32.70339"
"Mulongo senior metal fabricators","0.38304","32.83694"
"Mwebe metal works","0.381741","32.835192"
"Vpaul metal works","0.359783","32.704383"
"Dan an sons furniture workshop","0.360103","32.704472"
"Hill's super furniture","0.358865","32.704462"
"PK metal works","0.380732","32.83393"
"Green light metal workshop","0.380812","32.833472"
"Kaggwa and sons metal works","0.38021","32.832797"
"SSEMWOGERERE METAL WORKSHOP","0.511471","32.75097"
"Lokichar Imani Tailoring","2.236218","35.440059"
"Biafra Workshop","-1.285547","36.851337"
"Oti Furniture","-1.282767","36.849308"
"Kijenzi-Kenya","-0.109443","34.756442"
"Min senji","-0.123429","34.754889"
"Kitenge Place","-0.135759","34.74155"
"WM metal workshop","0.539184","32.794554"
"Tailors solutions and designers","0.537428","32.795599"
"Haruna and sons metal fabrication","0.537418","32.795498"
"Jimmy metal workshop","0.540305","32.794062"
"Charles tailoring shop","-0.101124","34.760288"
"Mama Jeremy workshop","3.74696","34.812563"
"GRS hardware and weldery","0.502835","32.717257"
"Hammed tailoring shop","3.717915","34.848403"
"Nyamuthe metal works","-1.267645","36.882533"
"Rizik Metal fabrication","0.362451","32.704093"
"Bk furniture","0.363768","32.701345"
"REGY-DESIGNER","3.722187","34.851243"
"KIZITO METALWOKS AND FABRICATIONS- to be proposed","0.514439","32.770062"
"MUTEBI TIMBER AND FURNITURE WORKSHOP","0.513727","32.769708"
"Ebenezer Tailoring Shop","-0.096438","34.766322"
"AP wood furniture","0.368302","32.712338"
"David tailoring shop","-0.102146","34.770901"
"Kamanga metal works","0.678957","32.826619"
"Musawo Furniture Workshop","0.366882","32.740025"
"Godfrey Welders Mart","0.366611","32.740251"
"Galaxy pharmaceuticals Kisumu","-0.105164","34.754333"
"New Kisumu designs","-1.325861","36.788616"
"St. Emmanuel's Wood Workshop","0.515741","32.770735"
"Kura furniture","0.681274","32.826398"
"HAMIS ALFANI","3.750723","34.827398"
"The Watts electricals and metal fabrications","0.501717","32.745498"
"Kona shop","-0.101038","34.767949"
"S&J Micomh metal fabrication","0.369118","32.71465"
"JUMA METAL WORKS AND FABRICATIONS","0.500714","32.744805"
"St Jude  metal works","0.138057","32.539158"
"Jowabu furniture centre","0.677987","32.826261"
"AK Metal Workshop","0.677917","32.826233"
"Zinunula metal Fabrication company limited","0.369745","32.821857"
"Ka wellde fabrigation","-0.09945","34.768175"
"R and P metal works","0.368382","32.819675"
"Tufaayo metal workshop","0.366556","32.816791"
"Serene metal works","0.365797","32.815854"
"Daraja Mbili Tailoring","-0.035252","34.793182"
"Kamenya Welding","-0.043038","34.79159"
"Fire metal works","0.369151","32.81306"
"Mama Stacy Tailoring","-0.053853","34.787312"
"Sum fabrigation","-0.096777","34.765104"
"Majwega metal works and Fabrication","0.372648","32.810363"
"Central mechanical and welding workshop mbalala","0.372017","32.81105"
"Okello metal works","0.376161","32.807165"
"Nush workshop","0.378554","32.80272"
"Wigot Welding","-0.051054","34.779966"
"Linda's Tailoring","-0.051511","34.778495"
"Chamluchi Welding and Fabrication","-0.057169","34.774875"
"Victor engineering works","-0.057447","34.77527"
"Lake Basin Tailoring","-0.059754","34.771165"
"Cannan Tailoring","-0.061276","34.767033"
"Obama Tailoring","-0.064368","34.763008"
"Uzima Tailoring","-0.067308","34.766658"
"Hawad Metal Workshop","0.369773","32.737262"
"Furniture","0.364569","32.742332"
"Cathitex Legit Designers","0.364519","32.742369"
"Zubayiri Furniture","0.362694","32.744155"
"Rafam Fashions","0.363715","32.743204"
"Vinnie Welding","-0.066042","34.770816"
"Addmark furnitures","-1.265105","36.886705"
"Mulidwa John","3.749282","34.813349"
"Caresmart","3.749781","34.814441"
"LARDEN ARTS METAL FABRICATIONS","0.505306","32.749131"
"BISOBOKA METAL WORKS AND FABRICATIONS","0.505655","32.751129"
"Niyondiko Workshop","3.738793","34.804527"
"Beatrice enterprises limited","-0.059847","34.779653"
"Flower shop","3.743951","34.838788"
"Fashion unique affordable designs","-1.307316","36.79145"
"Mavic Tailoring","-1.31054","36.774318"
"New wembley","-1.30875","36.773236"
"Chibo interior design","-1.307841","36.772909"
"Ashiraf metal works","0.416075","32.790122"
"Madi metal works","0.408145","32.781715"
"Kayemba metal works","0.411","32.777262"
"Nyamalo Tailoring","-0.10327","34.768423"
"Kogello Tailor","-0.107583","34.770469"
"Samuel metal works","0.38921","32.750615"
"Pacho Tailor","-0.116158","34.761055"
"Kawota workshop","-0.115983","34.761612"
"Dorcass","-0.096737","34.781002"
"Mike shop","-0.097343","34.77901"
"Juma welding","-0.097581","34.779735"
"Mama Jamila Tailoring","-0.128014","34.750973"
"Rystobiz Design","-0.127543","34.750697"
"Mama Lucy Tailoring","-0.099722","34.764919"
"Nery Printers","-0.097881","34.765425"
"Bary Welding Workshop","-0.09819","34.764904"
"MaLibal Engineering services Uganda Limited","0.42368","32.76615"
"Nedy collection","-0.10199","34.772346"
"Isa metal works","0.421054","32.76824"
"Angela designs","-0.099119","34.781095"
"Joseph","-0.0992","34.780482"
"Impact Chemicals Limited","-0.103557","34.75231"
"Mato Welders","-0.099152","34.762918"
"Blackberry enterprises","-0.099435","34.750638"
"Mercy metal works","0.419092","32.768964"
"Peace metal workshop","0.418373","32.769462"
"Kiggundu metal works","0.412369","32.770239"
"Ann tailoring shop","-0.049277","34.804655"
"Kanyawina tailoring","-0.051452","34.791914"
"Penco workshop","-0.228949","34.829763"
"ZAJO SHOP","3.727701","34.844544"
"Mama anzu shop Ethiopia community","3.719615","34.849482"
"Sarafina shop","3.720176","34.848792"
"Tailoring shop unity","3.720176","34.848792"
"MDOGO MDOGO SHOP","3.727314","34.843273"
"Bonde la afia workshop","3.748097","34.812493"
"Zawadi tailoring","3.748137","34.813113"
"Welding and vibrication","2.131515","35.494766"
"Tugwanyubukene Workshop","3.749258","34.809717"
"AIHD2","3.749159","34.808678"
"Sande welding workshop","-1.31481","36.792104"
"Fender super furniture","0.13966","32.53994"
"Kakungulu metal workshop (kawuku branch)","0.139833","32.540095"
"Expanded metal fabrication","0.141063","32.541229"
"Brembo tailor shop","-0.095785","34.783454"
"Mama sheila","-0.095603","34.784018"
"Truphena tailor shop","-0.095666","34.783803"
"Joshua fabricators","-0.094496","34.784751"
"Shaz tailor shop","-0.094112","34.785037"
"abiicheps designer","-1.309837","36.780187"
"Tembula Welding","-0.040264","34.762146"
"Pepco fabricators","-0.040395","34.761662"
"Vincent Oloo","-0.054419","34.753343"
"Ous Enterprises","-0.041835","34.7603"
"Mama Vini Tailoring","-0.046314","34.765445"
"Omondi welding","-0.06593","34.704667"
"Mama Brax shop","-0.065919","34.704746"
"Peka Enterprises","-1.287872","36.844039"
"Metal Box Workshop","-1.287872","36.844039"
"The wood hub company","0.142414","32.54247"
"Equitor bottlers","-0.086283","34.741232"
"Mama mishel sanitizer shop","2.130493","35.494551"
"Mama blessings sanitizer shop","2.129411","35.49203"
"Hosco investment limited","2.132338","35.493071"
"Mumfidel Tailoring workshop","2.142146","35.510528"
"Kapondo Welding","-0.207169","34.8484"
"Min meja tailoring shop","-0.164748","34.51362"
"Mama Barack tailoring shop","-0.165272","34.513196"
"Kadeya welders","-0.16345","34.51388"
"Ali Garment","3.742782","34.820492"
"Jitape style Garment","3.739609","34.818977"
"David workshop","3.740536","34.820202"
"Diana Garment","3.74096","34.819717"
"Longurase Enterprise","3.715153","34.865473"
"Jokan Engineering","-0.119146","34.789236"
"Nyamasaria fabricators","-0.11922","34.789191"
"Ochieng tailor shop","-0.105854","34.753036"
"Tuffom","-0.106368","34.752702"
"Revelation ii welding","3.109869","35.607652"
"Hongkong tailor","3.745868","34.839663"
"Family shop","3.752312","34.768792"
"Shabani shop","3.752982","34.768588"
"Mukeshimana shop","3.750535","34.761336"
"David welding","-1.268785","36.880702"
"Mama America tailoring","3.74758","34.815601"
"Disco tailoring","3.747648","34.816144"
"Peter's workshop","-0.367887","34.985045"
"Mama Fortune General shop","2.133377","35.493579"
"Christine Tailoring shop","3.709052","34.866932"
"YELELE J.B","3.70906","34.866941"
"Akelo","3.757472","34.747458"
"Sigoti welding","-0.350595","34.964729"
"Mama Grace Sanitizer shop","2.135298","35.490983"
"Furaha soap","3.751977","34.826878"
"Kats metal works","0.539321","32.622425"
"Mama jack tailoring shop","3.108385","35.607305"
"Sanitizer Shopping center","2.143797","35.49556"
"Kate 2 metal work shop","0.522977","32.615404"
"Kaloka workshop","-0.145695","34.573397"
"Nakuse Tailoring workshop","2.126606","35.49041"
"Be metal craft and designers","0.521742","32.616047"
"Express metal works","0.521296","32.616386"
"Mama rita tailoring","3.747501","34.807799"
"Kenneth Metal Fabrications","0.516401","32.616337"
"Muyima metal works","0.494221","32.612417"
"Genesis metal fabrication","0.49423","32.612434"
"Ssemambo metal Fabricators","0.424255","32.452043"
"Fred metal workshop","0.429626","32.448002"
"Ssemukasa Everesto and sons metal workshop","0.428927","32.447834"
"Kasumba metal workshop","0.426147","32.449921"
"Muwanika Garments","0.431364","32.448979"
"Jackie tailoring shop","0.431944","32.4492"
"Jose metal works","0.430479","32.448494"
"Mukama afaayo fabricators","0.143178","32.543048"
"KGM Quality Furnitures","0.323186","32.505979"
"Saazi Metal Fabrication 0781804620, 0758772388","0.328681","32.496784"
"Amazing Grace Metal Workshop","0.328681","32.496784"
"Kisoboka WorkShop","0.328682","32.49643"
"Engineer Rajab Metal Workshop","0.318493","32.499613"
"Mukama Mulungi Furniture Works","0.321466","32.501382"
"Excel Metal & Furniture Works","0.322444","32.505272"
"T & R Metal Fabrication","0.326521","32.498402"
"Nehema Tailoring","3.708171","34.862495"
"God Caring Tailoring","3.708171","34.862495"
"Shaz's tailoring shop","-0.091659","34.767807"
"Monroe beauty Shop","-0.088898","34.769933"
"Nyagwasi designs","-0.126618","34.752654"
"Ssemuge Wood Works","0.332448","32.493596"
"Vincent","-0.071351","34.781385"
"Dennis","-0.071351","34.781385"
"Even fashion and design shop","-0.071351","34.781385"
"SUPRIMA INDUSTRIES","-0.095457","34.752726"
"Kisumu National Polytechnic","-0.105955","34.773447"
"Eden shop","3.775205","34.732705"
"Katerega and Sons Glassmart and Metal Fabrication","0.216508","32.581203"
"Betsaida Workshop","3.755108","34.814742"
"Amunga welding","-0.063547","34.787146"
"Sheila tailoring shop","-0.063551","34.787413"
"Ba brothers metal works  ltd","0.144545","32.544203"
"Kangach Workshop","3.74136","34.81043"
"KISHAMBO NOELA","3.750131","34.819467"
"Rose Namataba","0.209055","32.574593"
"SJ Fabrication Workshop","0.209019","32.572036"
"Carruthers east Africa","-0.054562","34.79205"
"Jan's welder","-0.064335","34.776842"
"Ushindi uniform center","3.102101","35.609635"
"Migeni tailoring shop","-0.053595","34.792616"
"Broad metal fabrication","0.145382","32.545083"
"Carpenter's  Joint","0.14705","32.545447"
"Kisakye glassmart and metal fabrication","0.147378","32.545537"
"M. Glasses","0.420169","32.388229"
"Kakiri metal works","0.420154","32.38898"
"Katende quality furniture","0.420055","32.389914"
"BEN'S WORKSHOP","0.419889","32.390884"
"Rk. Timber and furniture workshop","0.3496","32.53918"
"Safe water and Aids project","-0.110581","34.761828"
"Atinda fashion and design","-0.058764","34.77599"
"Frank welding workshop","-0.05803","34.776388"
"BOC GASES KISUMU","-0.075295","34.796697"
"Kenya industrial research development institute","-0.075557","34.796573"
"Kibos sugar distilaries","-0.058786","34.816128"
"Wavivian designers","-1.263669","36.884691"
"Markimetals welding","-1.285021","36.845321"
"Elistive welding","-1.285179","36.846788"
"Mohammed tailor","-1.285202","36.845264"
"A & D Metal Workshop","0.32768","32.498906"
"Wink Furniture Clinic","0.331837","32.516235"
"Kwagaliza Metal workshop","0.326","32.501437"
"Mulangira Bamweyana Metal fabrication","0.148945","32.545951"
"Suzie Fashions","0.223396","32.575879"
"Rinah","0.223707","32.574657"
"MGR Aluminium and metal fabrication","0.152265","32.545967"
"Sylvia Fashions","0.223355","32.577304"
"Dresscode Trailors","0.223138","32.578334"
"AB Kamya Metal Workshop","0.22744","32.576857"
"Adam furniture","0.441002","32.357193"
"Zion metal works","0.154258","32.546032"
"Tumwesigye mukama furniture workshop","0.159472","32.545773"
"BP metal works","0.16144","32.545113"
"Kalemngorok carpentry workshop","2.137593","35.49811"
"Atanapa Tailoring workshop","2.137249","35.496895"
"Kevin Welding Workshop","-0.03947","34.634389"
"Salongo and sons metal works","0.514844","32.558064"
"ABDIKADIR ISAAC","3.742613","34.815671"
"FablabBusan2","35.159017","129.062549"
"Unique quality metal works","0.528084","32.578248"
"Mulongo metal works","0.528123","32.578615"
"Mama koni tailoring shop","3.096348","35.603971"
"Sylvia tailoring","3.100221","35.603462"
"Allysum","3.100898","35.603412"
"Yesu Mulungi metal works","0.523293","32.583102"
"Huzaifa metal crafts","0.508384","32.607167"
"Ham metal works","0.508421","32.607495"
"Turkana riverine tailoring","3.103265","35.601521"
"His will metal folds","0.507903","32.608736"
"KMET","-0.082881","34.767462"
"Selestine tailoring","3.103903","35.600495"
"Mazima metal workshop","0.449094","32.449156"
"Ssekampola metal workshop and fabrication","0.433449","32.450384"
"Nkobazambogo metal fabrication","0.45132","32.44931"
"John metal workshop","0.459303","32.457144"
"Mama Rachel tailoring","-0.03323","34.558637"
"Kibasi welding workshop","-0.032961","34.558478"
"Hope workshop","3.746411","34.809558"
"Faraja workshop","3.746905","34.810373"
"Subuli workshop","3.749763","34.807578"
"Jaskul metal works","-0.030985","34.562383"
"Deejay designers","-1.254843","36.879612"
"Pauline Tailoring","-1.254087","36.880248"
"Kirombasa","0.52345","32.263618"
"Honest timber dealers","0.52345","32.263618"
"Jakababa tailoring","-0.346807","34.790663"
"Ochieng workshop","-0.347898","34.790201"
"Mix tailoring shop","-0.074334","34.68394"
"Ras metal work","-0.076265","34.725383"
"Yesu ni jibu garment","3.744685","34.816184"
"Wa Peter Fabrications","-1.254007","36.884256"
"Kaz works metal fabrication","0.163352","32.54225"
"Kimmy metal works","0.167923","32.542849"
"Regina shop","3.769942","34.734454"
"Betty enterprises","3.768703","34.733584"
"Ungwa munyaka","3.768879","34.732926"
"Prince shop","3.75117","34.759658"
"Kasule metal works","0.394905","32.5559"
"Yuft metal works","0.390602","32.562177"
"Dan metal works","0.39333","32.561425"
"Reru workshop","-0.104363","34.451716"
"Maode workshop","-0.11196","34.452965"
"John welding","-0.109395","34.452126"
"WP metal crafts","0.397441","32.560622"
"Ngeye metal works","0.401075","32.558357"
"Mama Femi shop","-0.094735","34.466569"
"Jaodhi enterprises","-0.094852","34.466628"
"ABDIRAHMAN MADIMBA","3.753066","34.813256"
"Sherry","-0.092036","34.465397"
"Apollo engineering works","-0.093642","34.470304"
"SAFI KARABA","3.744738","34.821413"
"BIDII YETU","3.744139","34.834648"
"Seatle Metal works limited","0.393567","32.554179"
"Cash and carry metal works","0.392054","32.554452"
"Odero welder workshop","2.379533","35.647768"
"Mama maria aluminium and metal fabrication (bwebaja branch)","0.16897","32.54257"
"Otieno fabricators","-0.387054","35.010707"
"Ramtons","-0.38723","35.010745"
"Western Nyanza metal works","-0.39008","35.009737"
"Karateng general works","-0.395407","35.014032"
"Family Team Workshop","3.750986","34.812165"
"Welding services","3.084862","35.609156"
"Glory metal works","3.101295","35.610972"
"G3 welding services","3.112282","35.606182"
"Yokowa welders","3.120508","35.594508"
"Jupiter sewing machine engineer","3.120998","35.594085"
"Kabuda Welding","-0.076562","34.697671"
"Achieng Tailoring","-0.079167","34.693829"
"Mama Nish tailoring workshop","2.359229","35.640219"
"Ma' junior Tailoring","-0.078655","34.689988"
"Christine salon and Tailoring","-0.077508","34.689799"
"Eragai welding services","3.109886","35.610751"
"Bejo Metalworks","-0.074308","34.690684"
"Ouma Welding","-0.074099","34.69861"
"Edrine tailoring services","0.41363","32.450647"
"KB artist and designer metal fabrication","0.413419","32.450302"
"Katwe boys metal workshop","0.422803","32.451993"
"Kuraish furniture workshop","0.259821","32.509048"
"DK and sons metal workshop","0.264614","32.429617"
"Jarakwaro Smart Tailoring shop","-0.390666","35.011071"
"Ronnie tents","0.523048","32.265256"
"House of painters and artists","0.523085","32.265237"
"Oyosi welding works","-0.321902","34.862811"
"Nyakajimbo tailoring","-0.322072","34.862219"
"Otete Tailoring shop","-0.322949","34.860817"
"Bugo tailoring shop","-0.319543","34.868352"
"Ham Furniture","0.313735","32.511992"
"Lonslyn Tailoring","3.705745","34.865312"
"Etic Workshop","3.710912","34.862612"
"Furniture Parish Uganda","0.318242","32.510677"
"Katumba Metal Workshop","0.318457","32.50987"
"Jeff Leather Products","0.319422","32.510141"
"Milima ya kwetu J","3.756916","34.822999"
"Tumaini group","3.756369","34.822565"
"Inzone","3.755149","34.827979"
"EBENEZER METAL WORKSHOP","0.51042","32.365803"
"LULE JONATHAN METAL WORKSHOP","0.510524","32.365415"
"Jesus is the Lord Metal Workshop","0.230718","32.577766"
"Kiyemba Home Furnitures","0.319509","32.507693"
"STK Metal Workshop","0.232115","32.578938"
"Brian Art Fashion and Tailoring service","0.227983","32.582699"
"Briande Investments Limited- Briande Medical Oxygen Industries","0.219929","32.609165"
"Busabala Tailors Group","0.220348","32.609328"
"Joseph Furniture","0.348334","32.522157"
"Shillah K Creations","0.34833","32.521889"
"Lamula's Tailoring Designs","0.348628","32.523122"
"Ka George welding","-0.328085","34.85275"
"Ka Agodi welding","-0.32812","34.852689"
"IBRAHIM SHOP","3.751625","34.839133"
"Facemask","3.751625","34.839133"
"HMF Aluminium  and steel fabrication","0.183893","32.538692"
"Ka min Vicky tailoring and dressmaking","-0.317235","34.879942"
"Basiima technical masters","0.186055","32.538542"
"Smart Space Furniture","0.186742","32.53944"
"Mulangira Ssemakokiro metal works (kitende branch)","0.186964","32.538704"
"KR Carpentry Workshop","0.18787","32.538793"
"OUR NDEDA GENERAL METAL WORKS","-0.323557","34.859362"
"Meddy","3.746833","34.821747"
"SAID PRIMO","3.747373","34.822015"
"Obunga","-0.312513","34.935861"
"Florence","-0.312513","34.935861"
"Eunice","-0.312513","34.935861"
"Daniel","-0.312068","34.935959"
"Budulraziz shop","3.758298","34.817791"
"Elizabeth workshop","3.761705","34.822111"
"Baba Shaddy tailoring workshop","2.367584","35.64042"
"Kizito's welding","2.36715","35.640255"
"Destiny metal works","0.3777","32.547933"
"Eddy metal works","0.380643","32.546577"
"Gdhdjshahha","3.762359","34.819788"
"Anab tailoring","3.762834","34.821087"
"Kisakyamukama metal workshop","0.38558","32.546329"
"Hakim Quality metal works and fabricators","0.391872","32.549696"
"Mwesigwa metal works","0.393941","32.548241"
"Mama Oyoo Tailoring","-0.335804","34.852377"
"Quick service welders","2.385348","35.646747"
"Kobudho Welders","-0.333295","34.852562"
"Mama Timo tailoring workshop","2.372612","35.642865"
"Around Piny Engineering Works","-0.326925","34.854243"
"Onim Engineering Workers","-0.32665","34.854632"
"Byakuteesa metal works","0.398223","32.54674"
"Pinnah Fabricators","-1.269839","36.851964"
"Jawasi welding and fabrication","-0.079528","34.796712"
"Jauyoma metals","-0.07713","34.795172"
"Mpagi workshop","0.2665","32.432961"
"Eziman metal works","0.266441","32.432692"
"KSL electricals and soap making","0.268598","32.436558"
"Nkobazambogo workshop","0.268709","32.43696"
"Mayor Furniture WorkShop","0.315766","32.498906"
"Ronnie Engineering Aluminum and Steel Fabricators","0.208677","32.58865"
"NADDANGIRA KAWALIRA METAL WORKS","0.413235","32.384235"
"Mama Ruth tailoring workshop","2.39191","35.656114"
"Biva WaKatonda Metal Workshop","0.214463","32.588622"
"Mucho Metal Workshop","0.219114","32.587884"
"Abdurahman S.S Metal Works","0.221283","32.5891"
"Kwagalana Women's Development Group","0.212819","32.619885"
"George","-1.258612","36.865027"
"Velentino Metal Works","-1.258076","36.867317"
"Kwa Nungare","-1.259916","36.862764"
"Adory Designer","-1.25935","36.863322"
"Dunga JCC tailoring","-0.143179","34.737011"
"Fifth Street Welder","-1.272406","36.852647"
"Matete Workshop","-1.268829","36.848356"
"Mama Kyle tailoring shop","-0.134333","34.742385"
"Hamidu furniture  workshop","0.190423","32.539421"
"MRK metal works","0.191281","32.53935"
"Alex tailor shop","-0.140243","34.797225"
"Philip","-0.141613","34.797958"
"James","-0.142135","34.798098"
"Petu fabrication","-0.142135","34.798098"
"kolakisa house of fashion","3.715439","34.853966"
"Tailor's Point","0.348865","32.520847"
"BEAUTY AND WASH PRODUCT GROUP","3.754766","34.825373"
"FUNDI MKONGO","3.754841","34.824835"
"MOHAMED HADID","3.756765","34.827847"
"Mama damah tailoring workshop","2.356345","35.63505"
"Beeka Metal Workshop","0.346649","32.520246"
"In style fashion","-0.078339","34.789164"
"Bitengi Fashions Designer","0.345546","32.519907"
"Victor's enterprises","-0.077964","34.792066"
"Jannet shop","-0.077964","34.792066"
"Kabir Welders Mart","0.344685","32.521283"
"Unique advanced tec","-0.076882","34.792974"
"Ruman Godfrey","3.21772","31.651188"
"Ali Muga","3.21772","31.651188"
"FABLAB WINAM","-0.076809","34.792576"
"Ojola tailoring shop","-0.063338","34.647347"
"Christine  ongeju","3.763086","34.7365"
"Kamguna welding","-0.076244","34.79424"
"Ka mzee","-0.102345","35.201665"
"Benta fashion and design","3.105859","35.609153"
"Modern steel welders and gen' services","3.118151","35.593001"
"Santoba welding shop","3.104832","35.609243"
"Nancy Tailoring","3.714091","34.864651"
"Kerio junction welding","3.102222","35.611784"
"Osiany Tailors","-0.066158","34.647021"
"Mama Dogo Tailoring","-0.044929","34.656471"
"Highlight Workshop","-0.157078","35.065023"
"Memba C&J carpentry and joinery workshop","0.419808","32.395999"
"MITI'S WORKSHOP","0.419775","32.395308"
"Musilamu workshop","0.278054","32.445955"
"Rogers metal workshop","0.277953","32.44613"
"Star welders","0.280583","32.448705"
"Faruk man workshop","0.280784","32.449096"
"Divine Mercy metal works","0.279572","32.447514"
"Intertech Aluminium  Solutions","0.196317","32.539555"
"MUSISI AND SONS CARPENTRY WORKSHOP","0.503454","32.367487"
"Mataini tailoring","3.763059","34.75382"
"Resilience Action International (RAI)","3.745423","34.822719"
"Star metal works","0.198014","32.539688"
"The  wood guyz","0.198943","32.539733"
"Ngengi furnitures","-1.261677","36.868569"
"Pendo Furniture","-1.26161","36.868494"
"Step out in style outfitters shop","-1.260812","36.876009"
"Oceanply","-1.260699","36.878754"
"Jaringa Tailoring","-1.260742","36.876081"
"Imani Furnitures","-1.271646","36.832183"
"Buhanza","-1.266098","36.850184"
"Tinsmit","-1.265876","36.849762"
"Cousin Welding Workshop","-1.266325","36.848513"
"Modern wood peker","0.200772","32.54015"
"Okoth and John Fabricators","-1.265814","36.855681"
"Desai road workshop","-1.272604","36.827985"
"Surely Welding and Fabrication","-1.273521","36.828545"
"Tailors","-1.257322","36.87666"
"Judith anyango","-1.25792","36.877783"
"Mama Becker tailoring","-1.258767","36.877769"
"Care metal works","0.201789","32.540117"
"Baraka Welding shop","-0.179041","35.266543"
"Kyle general metal works","0.204422","32.540515"
"Bukenya Investments","0.20515","32.540302"
"Odongo welding","-0.096019","34.75487"
"Isumu home tailoring","-0.096019","34.75487"
"William welding","-0.096047","34.754859"
"Dennis welding shop","-0.096047","34.754859"
"Koluoch welding","-0.096047","34.754859"
"WAMAMA FRIEND CHURCH","3.748616","34.821213"
"NGENA JEANNE","3.750437","34.821772"
"Revelation holders","3.105183","35.601721"
"Kingdom fashions","3.107071","35.604322"
"Hawa Workshop","3.762784","34.822489"
"Albert welding","3.100348","35.600295"
"Adonai tailoring shop","3.106003","35.60295"
"YONA WORKSHOP","3.765215","34.824315"
"Technic Clothes making","3.765268","34.824679"
"Musabimana devota","3.75944","34.749142"
"Malimali tailoring workshop","2.39958","35.649698"
"Sara tailoring shop","-0.17894","35.265024"
"Anyi Tailoring","-0.049085","35.159103"
"Mama Yvonne tailoring workshop","2.381539","35.650039"
"Odaa Welding","-0.030665","35.179073"
"Mama Chemu Tailoring","-0.034615","35.180418"
"Combine General Works","-0.039555","35.178576"
"Oyoo Welding","-0.040195","35.17784"
"Sylvia Blessed Bridal and Tailoring Shop","0.385917","32.515261"
"Irene's fashion world","0.371963","32.520257"
"Trude Fashions","0.36727","32.525119"
"Nalongo liquid soap","0.371935","32.517184"
"Keegan Fashion House and Tailors Training Center","0.370605","32.520426"
"J.B Metal Workshop","0.347864","32.48122"
"Salim & SLH Welding and Fabricators","0.348116","32.480513"
"Engineering Rajab Metal Works","0.348617","32.479451"
"Enock metal works","0.398023","32.548191"
"Karim Metal Works","0.365986","32.486526"
"Bakasirye metal works","0.404482","32.549415"
"Swaibu and sons metal works","0.402295","32.548983"
"L.B.Metal Fabricators","0.349605","32.480866"
"Mulangira Furniture Mart","0.349605","32.480866"
"Mirembe  Metal WorkShop","0.350603","32.479805"
"Edrisa kizito enterprises","0.382643","32.542473"
"Kazman WorkShop","0.341675","32.47556"
"Yesu Afaayo metal works","0.383638","32.541409"
"Eria metal workshop","0.383388","32.541139"
"Shepherd Metal Engineering Work Shop","0.349794","32.496076"
"Nyahero Tailoring shop","-0.104878","34.62577"
"Mama Sophie stall","-0.105126","34.626033"
"Obambo B","-0.106066","34.626334"
"Brian & Sons Metal Workshop","0.353264","32.434869"
"Lumama Metal Workshop","0.353264","32.434869"
"CQW Carpentry Quality WoodWork","0.349498","32.444424"
"Bwebukyasibwebuziba Furniture Work Shop","0.358733","32.435223"
"Jesus' Care Metal Fabricators","0.357505","32.431329"
"Moses welding shop","-0.103458","34.492338"
"MUGERWA'S WORKSHOP","0.419497","32.387188"
"DOUBLE PORTION","0.432816","32.375033"
"CLASSIC METAL WORKSHOP","0.432923","32.374536"
"M/s zia engineering works","23.723793","90.38899"
"Mama kwangala Liquid soap-Manager","0.351433","32.528063"
"Tailor's shop","0.350954","32.528318"
"Masks and clinical coats","0.346025","32.52666"
"KK2 Metal workshop","0.388639","32.537044"
"Mamba metal works","0.386861","32.537808"
"Andrew metal works","0.375482","32.537851"
"JK metal works","0.378136","32.536863"
"Kopiyo welding shop","-0.058925","34.427576"
"Patrick metal works","0.379504","32.536593"
"Pajuta enterprises","-0.059415","34.424591"
"T and sons metal workshop","0.380725","32.532495"
"Albaraka bakery","9.581191","44.020954"
"MK metal fabricators","0.393428","32.519778"
"Geteway East africa","9.558212","44.114288"
"Dan fabrication","-0.164268","35.071835"
"Dan Welding Workshop","-0.164188","35.071761"
"Daryeel modern industry","9.5611","44.115931"
"Daryeel Furniture","9.561162","44.115942"
"Muhwumuza metal works and glass mart","0.396541","32.521696"
"Dalwanaaje factory","9.526923","44.074381"
"Kraish metal works","0.394073","32.524707"
"KG metal workshop","0.391833","32.526273"
"Golden furniture","9.552694","44.04899"
"City furniture","9.560267","44.08954"
"Paul Welding","-0.104766","34.624643"
"Hussein metal workshop","0.390654","32.527578"
"Mama Trizza","-0.105347","34.622534"
"Two sisters Tailoring","-0.105107","34.622549"
"Selected Furniture","0.27341","32.565107"
"Paul Metal works","0.386163","32.53149"
"Mubiru furniture workshop","0.271019","32.564852"
"Mart fabrication","0.257742","32.565067"
"Hana contractors","0.258066","32.5652"
"Nakong elisha","3.712342","34.857704"
"Rose naboi","3.712045","34.857426"
"Gim metal works","0.38401","32.532366"
"Urban fabrications ltd","0.261567","32.565858"
"Capital funiture","0.261423","32.56578"
"Kakevo Welding","-0.104415","34.627711"
"Kiufundi Welding","-0.104438","34.62786"
"Bob Welders","-0.102953","34.632458"
"Durdur mineral water","9.586367","44.019302"
"Nsubuga Metal Workshop","0.328531","32.469899"
"Hashiraf Metal Workshop","0.327547","32.467423"
"Musana workshop","0.25171","32.504486"
"Frank the tailor","0.253654","32.506786"
"Hood furniture show room and Tim er supplies","0.252619","32.505195"
"Ken Egineering works","-0.272003","34.969081"
"RAE Welders","-0.272501","34.968161"
"Herick Fashion Designer","3.753466","34.822612"
"SEL B tailoring shop","3.72083","34.851897"
"Mbokebge super welding","-0.04716","34.651941"
"Paul welding workshop","-0.040718","34.6702"
"Ken welding and fabricators","-0.039955","34.672028"
"Deno welding service","-0.04029","34.671508"
"Tailor's boutique","0.348382","32.529427"
"Masaka welders","0.34794","32.529321"
"Tailoring","-1.259004","36.869233"
"Fashion Designers","0.349499","32.529061"
"Kenfrank investment","-0.041338","34.668726"
"Ogali grinding Miller","2.815467","32.01243"
"Maize Miller Ayila","2.841858","32.012782"
"Beatrice's Tailoring work shop","2.841909","32.012856"
"H&H metal fabrication","0.26249","32.566057"
"Tupendane shop","3.743658","34.75614"
"Mungu ni mwema","3.742816","34.756095"
"Iga ufee","3.742138","34.755443"
"Mutugabya metal works","0.264807","32.566555"
"Hosana Metal works","0.265898","32.566439"
"Traphouse Lookmasters","-1.266493","36.836999"
"Gods Favour  Tailoring","-1.26629","36.835738"
"Mama scholar","-1.266963","36.84284"
"Iswe enterprises","-1.266249","36.841101"
"Ugenya furniture shop","-1.25581","36.863578"
"Ogopa welding","-1.256126","36.863186"
"Guru guru groundnut grinding machine","2.910005","32.078511"
"Anyim pe nen grinding machine","2.910498","32.078515"
"G & H Professional Welders and metalworks","0.442547","32.353833"
"SWAIBU'S WORKSHOP","0.442114","32.353859"
"SALONGO AND TWINS WORKSHOP","0.440959","32.354111"
"SALONGO & TWINS TIMBERS","0.441181","32.354307"
"Lulian naboya","3.752136","34.739943"
"Aisha","3.777453","34.734767"
"Jashon Tailoring shop","-0.271031","34.973457"
"Jackline achola","3.771274","34.735701"
"Umoja General Metal works","-0.268209","34.974671"
"Genesis tailoring workshop","2.380894","35.651174"
"Creative workshop","0.381848","32.535102"
"Rory welder","-0.271938","34.972999"
"Nandogera Family Tailor","3.757392","34.75628"
"Genius ideas","0.389262","32.535778"
"Suldan Jay Shop","3.760569","34.819266"
"MAMA ARSENE","3.756256","34.826605"
"Patrick Omollo","-0.148908","35.012262"
"Family building for tomorrow tailoring workshop","2.373982","35.642943"
"Ambuko Welding","-0.000876","34.600268"
"PZED enterprises","-0.157756","35.075028"
"Gree wall tailored","3.061845","32.167254"
"Murwanyi and sons metal works","0.397558","32.535775"
"Mama Evra's Tailoring","-0.004617","34.597301"
"Mapendo Workshop","3.752856","34.806436"
"Umoja Tailoring","-0.013903","34.603074"
"Umar metal works","0.400894","32.542779"
"Akinyi Tailoring","-0.009109","34.598279"
"Moses's shop","-0.006421","34.598057"
"Anski tailoring workshop","2.380128","35.65026"
"GLAP Interprises","3.751293","34.811054"
"Otonglo Welding","-0.00539","34.595842"
"God is great Fashion and design","-0.080805","34.770992"
"Becky fashion designer","0.256816","32.506181"
"Pentagon Welding and Fabrication","-0.099662","34.865041"
"Nyamalo Tailoring shop","-0.10022","34.870584"
"Ka min michael tailoring","-0.100565","34.869974"
"Ngec lonyo work shop","2.82389","31.870656"
"Monica's Sewing machine","2.823886","31.870608"
"Nice looking Tailoring work shop","2.820637","31.865673"
"Home base engineering works","-0.036455","34.692672"
"Yusuf Workshop","3.754777","34.812198"
"Dag chikruok fashion and design tailoring","-0.038457","34.681914"
"Mama Denis tailoring shop","-0.038679","34.681849"
"California","-1.27801","36.82694"
"Electromagnetic spectrum","-0.037673","34.685986"
"Aywee gi nino","2.882621","31.875053"
"Kibos sugar","-0.062231","34.815909"
"Maize Miller mamal pol","2.837446","31.876114"
"Mamal pol grinding machine","2.836724","31.875949"
"Jewel Engineering works","23.711566","90.412351"
"Rana electronic","23.713532","90.412749"
"Classic welder metal works","0.404508","32.543457"
"Mawanda metal Fabrication","0.404935","32.54306"
"Cycojob","2.370751","35.643091"
"Wanyangu's Engineering welding workshop","2.370599","35.642591"
"Ka Kennedy Agumba welding","-0.100438","34.868999"
"AlArabi for Kitchens","33.298774","44.288414"
"Ahmed AlTaib","33.373568","44.277117"
"AlMashreq CNC","33.355702","44.352297"
"Qurtuba","33.305172","44.341203"
"Ali Yaseen for printing services","33.375008","44.408477"
"Kaakali hardware","2.366104","35.640514"
"Beatrice","-0.082609","34.779753"
"U-fresh juice chips & milk","9.584733","44.006995"
"Hussein and Sons metal works","0.412434","32.536897"
"Ali Metal Workshop","0.350392","32.525012"
"Aadco paper factory","9.558003","44.108101"
"Semujju metal works","0.416578","32.536852"
"Bukenya metal fabrication","0.415139","32.535213"
"Mugabi fabricator","-0.080157","34.783635"
"Ati's Tailoring","-0.078364","34.787475"
"Ka'Jatelo","-0.071607","34.786452"
"Mama Shalloh","-0.126452","34.759803"
"Liz Tailoring Shop","-0.124716","34.758599"
"Mama Tailoring","-0.126947","34.753737"
"Duncan Oketch","-0.157524","34.863411"
"Bernard fabrication","-0.156736","34.862354"
"Ka Joseph odongo tailoring","-0.156904","34.862483"
"Upendo Tailoring","-0.1558","34.863246"
"Mama Faith tailoring","-0.155947","34.863109"
"Ogwedhi metal works","-0.075139","34.662129"
"Golden Touch works","-0.072628","34.66423"
"Shironkoh tailoring","-0.154152","34.834218"
"Fulsaw investment","-0.153602","34.833529"
"Mama Shammah Tailoring","-0.124959","34.755652"
"Jacky Caps Interior Decor","-0.128679","34.74948"
"Havana for printing and laser engraving services","33.311859","44.336212"
"Kevin's Welding fabrications","-0.036909","34.755692"
"Haya Office","33.250142","44.357902"
"Jacob nyendwe","-0.041005","34.763798"
"Ain AlEbdaa","33.302099","44.29289"
"Annah tailoring shop","-0.03892","34.758201"
"Shem and sons welding fabricators","-0.038569","34.758351"
"Ukweli engineering works","-0.042025","34.764523"
"Iraq CNC","33.212368","44.600124"
"Pamzed investment","-0.062695","34.777023"
"Letting Egineering Works","-0.062955","34.776161"
"SIDIDI SIDWEDE","-1.278672","36.839315"
"Chastemi siaya fabricators","-1.278968","36.83844"
"Bead work","-1.278962","36.838434"
"Millicent Atieno","-0.148852","34.826867"
"Slaughter house tailoring","-0.14877","34.826791"
"Telshi Egineering and construction","-0.150493","34.811668"
"Geoffrey Egineering","-0.152523","34.815972"
"Benori welding and fabrication works","-0.151922","34.815877"
"Amak mukemi wood work shop","3.248557","32.122338"
"Tic cing ber Tailoring work shop","3.255859","32.121888"
"Adera and Sons general Egineering","-0.153014","34.814537"
"Melvic Construction","-0.151223","34.813121"
"MA metal works","0.418272","32.539809"
"Ochola Francis","3.264509","32.123332"
"AR metal works","0.417666","32.537148"
"Abalokodi maize Miller","3.343627","32.09393"
"Wam metal works and fabrication","0.421325","32.536537"
"Chodomai Farnitures","2.378318","35.645467"
"Ddumba workshop","0.247153","32.48536"
"Kisozi metal works","0.247103","32.484704"
"Aunt Milly fashions","0.256521","32.507217"
"SNK metal workshop","0.257247","32.50752"
"Glorious skills training","0.260646","32.487134"
"Siloam metal world","0.423306","32.536374"
"MTD Tailoring work shop","3.469739","32.067519"
"Mungu ehi Gloria","3.473577","32.0654"
"Ocan Keneth kaunda","3.472978","32.062233"
"Acen Nancy","3.474033","32.067297"
"Shamilah Tailoring and Designs","0.351434","32.535412"
"Friendly metal workshop","0.417951","32.523123"
"Look Nice making shop","3.565631","32.071143"
"KSP metal works","0.416913","32.524981"
"Eric fitting","-0.111839","34.767021"
"Wasihwa Tailoring machine","3.56057","32.071767"
"Bella Tailoring work shop","3.560086","32.072234"
"Kugumikiriza metal works","0.416317","32.528193"
"Bakamuhala sam","3.561974","32.068697"
"Jane Tailoring shop","-0.115708","34.764083"
"God's promise metal workshop","0.416566","32.530142"
"Halima Fashions","0.353276","32.534624"
"Hmv wood work shop","3.566977","32.070691"
"Vatic investment metal fabrication and reabilitation work shop","3.566973","32.070682"
"Roho Safi bakery","2.362412","35.637053"
"Pheny","-0.120209","34.761459"
"Salongo and sons 2","0.432364","32.525669"
"AJ ceaser metal workshop","0.432312","32.52579"
"Kolweny enterprises","-0.121843","34.757741"
"BMP smart garment","3.562294","32.069771"
"Zamzam group industry","9.577577","44.012974"
"Joint Engineering workshop","0.422622","32.528912"
"Maehubala metal work shop","3.561715","32.071582"
"Rembo Tailoring","-0.024339","34.745714"
"Samaria Welders","-0.040304","34.760591"
"Baju Enterprises","-0.040059","34.760069"
"Deus Furniture WorkShop","0.348836","32.48688"
"E &A Quality Poultry and Animal Feeds","0.339682","32.476975"
"Blue Powers Furniture WorkShop","0.339682","32.476975"
"Prime Works","0.345164","32.47273"
"Mike Metal Works","0.213136","32.616028"
"Abajunkute Religious Association","0.213856","32.61548"
"Twekulakulanye Women's Group","0.210135","32.617008"
"Steve tailoring","-0.049139","34.809891"
"Jerry metalworks","-0.039124","34.79299"
"Konyando tailoring","-0.041361","34.791877"
"WINROSE ENTERPRISE","-0.073654","34.709911"
"Big J Welding and Fabrication","-0.074487","34.727798"
"Owak Engineering","-0.075783","34.709794"
"Jasuna metal works","-1.263935","36.860733"
"Engineer Wickliffe's workshops","-1.263787","36.860768"
"Bead Workshop and Leather work","-1.277043","36.834393"
"Namutidde metal works","0.419992","32.394094"
"Wilsham Textiles","-1.26458","36.837396"
"Octopus engineering works","-0.029678","34.791256"
"Joshton and sons metal workshop","0.423681","32.528594"
"Mama junior tailoring shop","-0.040368","34.792004"
"Salongo and sons furniture center","0.274341","32.490606"
"Mutebi's liquid soap","0.273861","32.490624"
"JB hardware and metal Fabricators","0.271784","32.489889"
"Joyland tailoring shop","-0.046107","34.79166"
"Oketch welding","-0.048557","34.791361"
"Mama Nicole tailoring","-0.050795","34.806525"
"YND metal works","0.427098","32.527218"
"Ber bedo loyo lonyo","3.187074","32.154914"
"Auma Jacky","3.187248","32.15546"
"Ras son metal workshop","0.435231","32.512672"
"Bazilango metal fabrication and key cutting","0.43497","32.516319"
"Salongo and sons","0.434237","32.517812"
"Unique Advanced Tech Enterprises","-0.076426","34.727374"
"Jacky's work","3.251705","32.12126"
"Sakka metal workshop","0.432022","32.519307"
"Baki metal work shop","0.429249","32.52441"
"Jah metal workshop","0.426085","32.527971"
"Tengu metal crafts","0.427322","32.528733"
"Maureen tailoring shop","-0.082067","34.764813"
"Mukisa metal workshop","0.429077","32.529829"
"Ka nyauyoma tailoring","-0.07744","34.730025"
"Enoka metal workshop and Fabrications","0.431584","32.530638"
"BK and family metal workshop","0.421345","32.384302"
"Zela","3.755731","34.74378"
"Mic Pa lacwec","3.228588","32.137002"
"Vincent tailor shop","-0.080093","34.766926"
"Bether","-0.115077","34.7648"
"Benon and Family Garments Ltd","0.371297","32.504711"
"Bright steel welding","-0.114959","34.763037"
"Salim Metal works","0.456945","32.537681"
"Ochola Kenneth","3.219025","32.141684"
"House of furniture","3.219101","32.141437"
"Shaam factory","9.548287","44.101009"
"Antony tailor shop","-0.079415","34.767803"
"Ndugga & Sons Metal Works & Glass Mart","0.36985","32.506338"
"Kabulegwa Welders","0.368645","32.507689"
"Abdul Metal","0.368046","32.508039"
"Gats enterprises","-0.118786","34.762031"
"KOBITA WELDING","-0.052844","34.789769"
"Nancy's Tailoring work shop","3.217878","32.142663"
"Honest and Truth Metal  Works","0.36598","32.509123"
"Arezzo Metal Fabrications","0.364815","32.510017"
"Lekobosi timber","0.418999","32.411063"
"Suubi metal works","0.418999","32.411063"
"Africa workshop","0.279244","32.489774"
"Carol's classic tailoring services.","0.280594","32.488957"
"Muyiima workshop","0.283004","32.487597"
"Yusuf metal workshop.","0.278942","32.473461"
"NMD metal works","0.278952","32.47381"
"Hassan Welding Workshop","-1.271707","36.844711"
"Welding Master","-1.271717","36.843714"
"KALUNGI WORKSHOP","0.43355","32.373353"
"BETHEL TIMBER SUPPLY","0.423427","32.382268"
"AK REAL FURNITURE","0.42311","32.382323"
"Kabishop engineering works","-0.174886","34.918932"
"Pi lwak welding, Motorcycle, grass cutting and machinery spair work shop","2.901864","32.155616"
"Parabongo welding work shop","2.902023","32.155641"
"Elite Metal Art and Fabrication","0.224248","32.602786"
"Kabuuma Community Institute","0.245995","32.599142"
"Agali Awamu Women's Group","0.240192","32.600392"
"Damaris","-1.265085","36.845564"
"Mathare One Stop","-1.264878","36.843944"
"Step by step business Enterprise","2.946982","32.138737"
"Masajja Taskforce Women's Group","0.237725","32.600819"
"Mama Brian work shop","3.757935","34.814235"
"Maama Mutebi Workshop","0.238909","32.600285"
"Cate's fashions","-0.086478","34.7812"
"Bismilahi Mzalendo","-0.08893","34.777082"
"Willis fashions","-0.087768","34.780887"
"Josephine","-0.087887","34.780712"
"Donnel","-0.087076","34.776814"
"Everlyn","-0.087029","34.778692"
"Micha tailoring shop","-0.087776","34.77938"
"Rubanga mamiyo wood work shop","2.999367","32.143684"
"Mama Safi fabricators","-0.08392","34.78006"
"Nancy Tailoring shop","-0.085719","34.777979"
"Al amin engineering works","23.722321","90.41149"
"Work is life steel metal work shop","2.996945","32.14214"
"Hard work still metal work shop","2.995971","32.141818"
"Violet Apparel","-0.118715","34.757942"
"Sham Experts Welders","0.363384","32.516765"
"Kasirye metal works","0.48699","32.555939"
"Ks metal works","0.486936","32.550378"
"Kiss kyamukama 2","0.483679","32.549681"
"Good brothers workshop","0.474226","32.551192"
"Jabondo welding shop","-0.113125","34.784542"
"Chwero luya metal works","-0.11297","34.784759"
"Ponsiano Metal works","0.472655","32.55171"
"Am metal works","0.468368","32.552217"
"Samasam metal works","0.466002","32.552876"
"Monest skill training center","3.001603","32.139001"
"Bawanguzi Metal works","0.463011","32.555252"
"Cam nyonyo ki Diro welding work shop","3.001292","32.139946"
"Paroma Entreprises Limited","0.241848","32.602598"
"The Rich metal works","0.40605","32.572645"
"Winny tailoring shop","-0.112929","34.76778"
"Jakk Engineering Solutions","3.372567","31.783426"
"Maiku Daniel","3.372581","31.784248"
"Vic curtains","-0.111279","34.77866"
"Welders point metal works","0.403212","32.572144"
"Omiti and sons","-0.111874","34.781043"
"Ogidho metal work","-0.122682","34.79158"
"Zamora Garden concepts and fabrication","-0.119688","34.790075"
"Mama Val Tailoring","-0.117129","34.788217"
"Dorma merchants","-0.110499","34.777628"
"Hakimu Metal Workshop","0.325107","32.455393"
"Jesus Cares Furniture Mart","0.324622","32.452208"
"Anzoo Patricie Maiku","3.393085","31.954125"
"Alice Dzaipi","3.393714","31.954132"
"Anzoa Kevin","3.362685","32.005545"
"Konga Susan","3.370705","32.004037"
"Lenga","2.451123","30.81855"
"Kizito","2.47984","30.79176"
"Konyio Janet Asida","3.471647","32.0084"
"Otimkisa and sons","2.461207","30.775495"
"Cothum","2.452575","30.765863"
"Guo Florence Amoko","3.502545","32.006991"
"Abeyo","2.482632","30.76181"
"Omar","2.495925","30.772397"
"Colin","2.495645","30.773175"
"Thiei Buol Deng","3.467052","31.948493"
"Abeka","2.490603","30.781742"
"Rwothongeo","2.508485","30.802887"
"Wal Beher Ngong","3.46619","31.950829"
"Berocan","2.64006","30.867582"
"Duluga Simon","3.457981","31.947691"
"Mungumaru","2.663135","30.854282"
"Idro Sunday","3.457394","31.943866"
"El-paal","2.64703","30.837415"
"Baru John","3.461037","31.945006"
"Ukuni Lali Leonard","3.461646","31.943766"
"Acidri","2.647352","30.832983"
"Avone","2.618007","30.81711"
"Baatio Christine","3.384011","31.797378"
"Lutheran technical training institute","-0.058895","34.788129"
"Copire ku Mungu workshop","2.366751","30.874408"
"Fred Metal Works","0.244838","32.598293"
"Frank metal Workshop","0.418782","32.407814"
"KJ And Sons Metal Works","0.239253","32.603522"
"Hana Detergents","0.234896","32.592037"
"Julius Metal Works","0.23527","32.593942"
"Fred's workshop","2.384","30.871217"
"Never give up Welding Workshop","-0.125967","34.7482"
"Mama Vivian Tailoring Workshop","-0.127186","34.748171"
"Steven Otis","-0.057565","34.777848"
"Oketa Egineering works","-0.056947","34.786037"
"Erick Ochieng","-0.064082","34.786314"
"Linet Oliech","-0.057365","34.782673"
"Scovia's tailoring shop","2.398435","30.873734"
"Geoffrey Ladu","3.22671","31.65135"
"Timkuryeku workshop","2.40106","30.872913"
"Anoba tailoring squad","2.400593","30.872743"
"Fredrick Amollo welding","-0.090725","34.78275"
"Gagi and sons tailoring shop","2.402853","30.869481"
"Chandia Christine Ben","3.19287","31.661522"
"Kolleris welders","-0.059387","34.783499"
"Pejo metal works","-0.058408","34.783547"
"Kazana workshop","2.412862","30.874725"
"Maku Richard","3.218746","31.647432"
"Achan Mary","3.21815","31.645988"
"Dreamtech enterprises limited","-0.063734","34.775611"
"Atito engineering works","-0.079661","34.777335"
"Mama Tim tailoring shop","-0.079419","34.77698"
"Otunga general works","-0.082644","34.769261"
"Osuma dressmaking","-0.083263","34.773584"
"Terry fashions and design","-0.083549","34.774464"
"Wan weng wat maize Miller","2.902687","32.149493"
"Ngau welding and fabrication","-0.062533","34.777979"
"Ijjo Michael","3.224442","31.645302"
"Siema Ismail","3.22118","31.649037"
"Mato welding fabrication and engineering","-0.075776","34.782233"
"Conerboys","2.583988","30.824263"
"Basooka Kwavula furniture workshop","0.381693","32.514991"
"Kona maji taloring shop","-0.088566","34.781502"
"Ocanda","2.582168","30.804057"
"Good look","2.581868","30.803677"
"Lolwe tailoring","-0.073713","34.781086"
"Ogwang","2.595873","30.813135"
"Japolo wuon akuru","-0.081814","34.766165"
"Daddy and sons Metal fabricators and designers","0.45898","32.617988"
"Shalom Metal workshop","0.458249","32.617091"
"Gloria's Tailoring work shop","2.879436","32.041986"
"Tabitha tailoring","-0.075946","34.784952"
"Abdallah Metal works","0.463249","32.624341"
"Nyeko moses","2.883315","32.043818"
"HMK Metal works","0.460135","32.63446"
"Kenn trust Metal fabricators","0.460222","32.633246"
"Ayilla grinding machine","2.844091","32.013339"
"Anzo Edward Mandre","3.38223","31.80066"
"Judy's shop","-0.11303","34.765803"
"Obedmungu saviour","2.584037","30.820403"
"Medi Metal fabrications","0.410167","32.594893"
"Ask metal fabrication and designers","0.278367","32.475319"
"EEL metal works","0.278231","32.476785"
"Twins mission metal workshop and fabrication","0.278444","32.477693"
"God's mercy tailors","0.279972","32.478447"
"N.S Tailoring","0.281274","32.476968"
"Amagezi Muliro Engineering Metal Works","0.332995","32.487105"
"Destiny Furniture and Metal Solutions","0.330228","32.48122"
"Wasswa Metal Fabrication","0.330484","32.479097"
"Robert  Sema Metal Craft","0.332953","32.482989"
"Bamutindo Metal Works","0.332932","32.488648"
"Kag's K Metal Works and Fabrication","0.329249","32.477329"
"Reagan Metal Workshop and Glass Mart","0.331727","32.478744"
"Trust metal Fabricators","0.278733","32.479059"
"Hajati Hanifa fashions","0.282481","32.481649"
"Semuju metal workshop.","0.280271","32.482801"
"Omar Michael","2.419054","30.952045"
"Okecha Bashir tailoring shop","2.41886","30.951856"
"Mungu jategu tailoring group","2.351479","30.897975"
"Oryema Gabriel Tom's workshop","2.350998","30.897856"
"Macakadho Bernard tailoring shop","2.349481","30.897541"
"Jerry's carpentry workshop","2.355541","30.901871"
"Ocala Alfred's workshop","2.355289","30.901393"
"Asu ku tic tailoring group","2.384034","30.920685"
"Takuyo tailoring shop","2.384433","30.920583"
"Mungutimu tailoring shop","2.392535","30.921108"
"Nada Liquid Soap","0.234762","32.59709"
"Necky Allen Fashions","0.233508","32.595235"
"Onim Ronald's workshop","2.366275","30.911617"
"Kuteesa Kwamukama Group","0.242427","32.597335"
"Workshop","2.345026","30.89627"
"Sunny metal works","0.262705","32.546664"
"Kasasa moses metal works","0.269463","32.53062"
"Musisi funiture workshop","0.270575","32.532268"
"Taylor furniture","0.27085","32.532785"
"Dr kasirye funiture","0.27156","32.533555"
"Edex Metal craft","0.272378","32.534725"
"Simba engineering workshop","0.273192","32.535573"
"S. T Metal works","0.273475","32.535785"
"Golola Engineering","0.276415","32.537617"
"Rich Valley Savings Group","3.300352","31.910833"
"Akello's work shop","2.865277","32.128033"
"Akumu's Tailoring machine","2.865673","32.128027"
"Pilonyo franco","2.600598","30.887823"
"Dranzoa Harriet","3.322849","31.885796"
"Ngieriponja group","2.58135","30.888628"
"Falal Comfort","2.575183","30.869588"
"Sandra","2.575242","30.869605"
"KWAIMUNGU WELDERS","2.600288","30.88918"
"Ociti Boroli 2","3.288132","31.860264"
"Nyuma Severe","3.287985","31.861586"
"Francis workshop( Kyondo)","0.419114","32.405324"
"Royal furniture","0.419104","32.405235"
"Awee youth carpentry work shop","2.838347","32.17342"
"Odong's grinding machine","2.83824","32.174397"
"Wood products","2.39501","31.012167"
"Opuk jakinda","-0.095994","34.757492"
"Hope weldings","-0.093507","34.758509"
"Chandia Harriet","3.359915","31.79043"
"Akubus Factory","3.359257","31.789895"
"Albert Enterprise Furniture and  Glass Mart","0.391162","32.515799"
"Ivo metal works","0.391157","32.515958"
"Badaru Justine","3.36102","31.78993"
"Eva's tailoring shop","-0.096677","34.769809"
"Siakar enterprises","-0.096677","34.769809"
"Small world enterprises","-0.094415","34.776023"
"Ubunifu Foundation","0.391516","32.517406"
"Nya-ukwala tailoring and dressmaking","-0.09277","34.77602"
"Thomas bonyo","-0.098175","34.771862"
"Ssenyonga metal workshop","0.414658","32.596092"
"OLAMA  UMANI SAMUEL","2.601113","30.896493"
"Nabakyala's Liquid soap","0.387024","32.515369"
"Justine Fashion Star","0.387024","32.515369"
"Sombe Metal crafts","0.440966","32.605948"
"Up metal and design works","0.441204","32.606105"
"Hellen Anyango","-0.098996","34.752147"
"Chany Tailoring","-0.098608","34.751762"
"Muwanga metal works","0.443902","32.624609"
"Galaiya stores","-0.097616","34.753566"
"Kayongo Metal works","0.446938","32.616016"
"NA welding works","0.447075","32.616545"
"Keyo grinding machine","2.806165","32.190103"
"Atimango's Tailoring work shop","2.806158","32.18997"
"Saliheen foundation","2.598952","30.891965"
"COLEIN","2.599737","30.891727"
"Babumbi Metal works","0.44177","32.631182"
"Mulumba metal works","0.437771","32.621924"
"Uchumi Engineering workshop","0.433496","32.623025"
"Odoch's grinding machine","2.83877","32.171413"
"The New Edge metal works","0.436569","32.622155"
"Bishop shop","-0.095664","34.767326"
"George workshop","-0.095664","34.767326"
"Agustin shop","-0.095664","34.767326"
"C and S tailoring and design","-0.095664","34.767326"
"Lily school of dress making","-0.095664","34.767326"
"Real fasion","-0.095664","34.767326"
"Friends Metal workshop","0.441271","32.621735"
"Engineer Metal Production","0.44139","32.62172"
"Rahmatullah Metal works","0.446981","32.614614"
"Kapur Metal works","0.44735","32.614212"
"Nsereko and Sons Metal Workshop","0.313733","32.441239"
"Geoffrey  Furniture Mart","0.325639","32.453542"
"Yasin Metal Fabrications","0.324365","32.454332"
"Seleather Crafts","0.325697","32.42956"
"Tiika Fabricators","0.322907","32.445485"
"Kamu Metal Works","0.321308","32.438879"
"Sharf Furniture Mart","0.32136","32.438917"
"Buloba Metal Workshop and Glass Mart","0.320448","32.444008"
"Ssempala Metal Workshop","0.315472","32.441239"
"SB Furniture Work Shop","0.320508","32.441013"
"SK General  Workshop","0.32015","32.441826"
"Buddo workshop","0.284415","32.487893"
"Henry K fabrication","0.28384","32.486607"
"Aliyah timber workshop","0.419493","32.414377"
"Kikubampanga youth tents and chairs","0.419431","32.413144"
"Iziku Harriet","3.346444","31.808026"
"Cheka na kazi 2 welding","2.458308","30.956412"
"Wanok Remijo tailoring shop","2.459002","30.955973"
"Anirwoth Patricia's tailoring shop","2.47534","30.923988"
"Ave Maria workshop","2.477662","30.924706"
"Bicanduwun Elly's workshop","2.486003","30.924994"
"Siyaa Everline","3.304279","31.850167"
"Evergreen Savings Group","3.300524","31.867561"
"Vusia Agnes","3.298715","31.868048"
"Muganzi funiture workshop","0.22613","32.54533"
"Mazzima metal works","0.227181","32.545317"
"Frank fab metals","0.22788","32.545212"
"Franco","2.506452","30.80579"
"Mayombo  Michael","3.352276","31.855999"
"Milca liquor soap","0.239088","32.594121"
"Bakule Metal Works","0.238412","32.594276"
"Faith Joan Fashion Designers","0.236301","32.592494"
"KM Engineering Works","0.24085","32.594028"
"Love Alive Uganda","0.242264","32.594961"
"New Combined Workshop","0.243183","32.593797"
"Oneka Driver","3.349258","31.855202"
"Meddy and Sons Metal Fabrication","0.24935","32.592021"
"Hard target metal fabrication","0.235578","32.529697"
"Oryema's grinding machine","2.836048","32.077993"
"Edema Faustine","3.345515","31.806315"
"Okethi","2.503515","30.805123"
"Odagiu","2.502937","30.804875"
"Flavia's liquid soap","0.358875","32.533787"
"Apparel and clothing house","0.358875","32.533787"
"Vine shine liquid soap-Manager","0.358875","32.533787"
"Chandia Rose","3.342843","31.796491"
"Colin's othira","2.504597","30.847005"
"Jacob","2.504643","30.84661"
"Francisco carpentry and join dry workshop","2.462612","30.955958"
"God's Grace Carpentry","2.519012","30.906248"
"Charles","-0.096819","34.75206"
"Anthony's grinding machine","2.813841","32.020975"
"Martin shop","-0.094789","34.767726"
"Mukasa metal workshop","0.23167","32.534923"
"Sentongo and sons","0.231211","32.536785"
"Yasin motors","0.230694","32.538907"
"Ron's  steel and metal fabrication","0.231","32.542118"
"Katale metal fabrication","0.231782","32.542117"
"Byaso and sons company","0.229219","32.545788"
"Grace Mart contracting company","0.229232","32.545955"
"Longira workshop","0.447172","32.580918"
"Highland metal works","0.446627","32.580995"
"Skamart fashion and design","-0.098538","34.767374"
"Onung's grinding machine","2.815014","32.017231"
"Top care metal workshop","0.420724","32.597412"
"Balikiddembe Group","0.245794","32.586323"
"Muyabi Woman's group","0.246871","32.585644"
"Matale Garments","0.250638","32.590413"
"Crown Detergents","0.249465","32.588255"
"Kwagalana Women's Group","0.250839","32.596205"
"Harriet Briquettes","0.250296","32.592898"
"Gangu A Busabala Youth Metal Fabrications Project","0.249083","32.593079"
"Good Samaritan","0.249846","32.594296"
"Robert's grinding machine","2.83944","31.974581"
"Lakica's Tailoring work shop","2.838643","31.97501"
"Yelled mot mot Oola grinding machine","2.81048","31.984876"
"Atang 's liquid Soap","2.80964","31.985211"
"Tailaring","2.58462","30.9135"
"Tripple D engineering works","0.285089","32.490555"
"Kiwanuka furniture","0.285901","32.494275"
"Aisha quality feeds and milling center","0.276066","32.468374"
"Okeluwange grinding","2.585858","30.918715"
"Patrick Abelu and sons","2.58554","30.91776"
"Canmeduryeku workshop","2.473673","30.874037"
"Vincent metal fabricators","0.378552","32.530525"
"Badshah engineering works and welding","23.7457","90.412288"
"Vincent fabrication","0.419484","32.402156"
"Amaza Dominic","3.42828","31.771502"
"Yamungu Training Center","0.374436","32.527185"
"Clara Angu","3.405158","31.776253"
"Grinding machine","2.459485","30.871466"
"Eimani Santa","3.398396","31.796253"
"Ajiko Aisha","3.39695","31.793382"
"Jua Annet","3.394235","31.794045"
"Milling","2.462342","30.874394"
"Omirambe Albert","2.463058","30.874772"
"Rubel tailor","21.242962","92.145369"
"Mahi steel and auto furniture","21.242978","92.145429"
"Atoma Sebbi Aballo","3.372189","31.798458"
"Kimera and metal works","0.399187","32.640866"
"Null bet family limited","2.571393","30.93125"
"Salama sowing","2.5715","30.93128"
"Wasswa Kabaalu & Sons Metal Workshop","0.378093","32.51802"
"Anna Kiden","3.388198","31.794673"
"Sunday and sons sewing machine","2.568483","30.928747"
"Quality Furniture Mart","0.373805","32.521377"
"KM2 Real furniture","0.402175","32.641484"
"Jeniffer soaps","0.372642","32.52196"
"Kirabo Welders","0.372834","32.521469"
"Tya Allah Metal works","0.457884","32.55821"
"Akwatempola metal works","0.449984","32.558711"
"Bamwogera Farm Suppliers","0.375171","32.520332"
"Tic kutegu tailoring","2.420646","30.901877"
"Jokolera Youth construction workshop","0.448976","32.559677"
"Orange 3D","33.242032","44.360134"
"AlHuriyah","33.412893","44.416904"
"Jamcity stage and workshop","2.417195","30.902236"
"Janat Adan Factory for Plastics","32.013775","44.331302"
"AlMadhala for Plastics (Umbrela Label) Factory","33.358789","44.452379"
"Work and pray Miller","2.816486","31.931755"
"George's grinding machine","2.816909","31.930698"
"Kk groundnut grinding machine","2.81608","31.931167"
"Hiran Group","36.158788","44.003655"
"Umar K metal workshop","0.444722","32.552418"
"Block 1 Itipa Savings Group","3.398295","31.740369"
"Abdul Metal works","0.444335","32.551289"
"Jokolera Metal welders and fabricators","0.439998","32.547622"
"J' s Carpenter workshop","0.368167","32.527403"
"Zubeda and Daughters fashion designers","0.367381","32.528283"
"Michael Aliunzi","3.401591","31.739467"
"MM metal workshop","0.438979","32.545076"
"Kironde metal works","0.438773","32.541798"
"Nyijiasi Women Group","3.412429","31.734888"
"Kikonyiama Savings Group","3.412796","31.734918"
"Ojja Patrick","3.412276","31.735808"
"Hajjati fashion center","0.364643","32.530252"
"J and A fashion house","0.364334","32.529137"
"Samuel's Metal workshop","0.442076","32.536376"
"Baby Savings Group","3.402104","31.740423"
"MK vine Metal works and plumbing services","0.437173","32.536936"
"Juan Sarah","3.409297","31.73599"
"Sofi Mandera","3.409261","31.736086"
"Stima Betty","3.410077","31.735402"
"Mawadri Daniel","3.410258","31.735869"
"Inyani Michael","3.414581","31.735313"
"OKK Tailoring work shop","2.81","31.940845"
"Pur Ber maize Miller","2.809984","31.940858"
"Kalimu Metal works","0.444375","32.561196"
"Nakabaale metal works","0.436485","32.566355"
"Nkerebwe welding master","0.435967","32.566988"
"Chandia Stella","3.377709","31.782632"
"Hope Metal Fabricators","0.433554","32.568247"
"Freeman Engineering Solutions","0.431214","32.568553"
"Heavy metal workshop","0.430465","32.568593"
"Clare Blessing Eberuma","3.361439","31.78566"
"Praise Metal workshop","0.429009","32.568812"
"Ayia Lucy","3.362619","31.782867"
"Alia Scovia","3.362486","31.782551"
"Eddy K Welding workshop","0.424128","32.569627"
"Kasirye metal fabricators","0.421141","32.570016"
"Mulongo Fabricator","0.419718","32.570346"
"Blessed General Metal Workshop","0.336022","32.525783"
"Standard Metal Works","0.334564","32.518002"
"Trust Properties and Builders","0.336303","32.516942"
"Byansi Metal Workshop","0.333536","32.51429"
"Mant Engineering Workshop","0.335566","32.519289"
"Sam & Sons General Engineers Ltd","0.343047","32.506687"
"Goe and Amo Metal Fabrication Work Shop","0.340795","32.510931"
"B and A Structure Ltd","0.338746","32.511605"
"KF Investment","0.349738","32.510577"
"Nyadeng Angok","3.189793","31.78986"
"Awi Geri","3.189928","31.789901"
"Ajumara Jackson","3.254018","31.784469"
"Mociruku Harriet","3.258092","31.788865"
"Amadeku Savings Group","3.279917","31.796598"
"Mikirigiri carpentry work","2.324398","31.10469"
"Amamadri Women & Men Savings Group","3.286972","31.800704"
"Mindraa Cezira","3.286551","31.801503"
"CUWEDE COD LAB","2.321136","31.109577"
"Tiondi Richard","3.304149","31.804633"
"Gods will steel dealers","0.419811","32.596935"
"Unzia Joyce","3.304855","31.801658"
"Endreo Moyoa Gift","3.302882","31.801893"
"M Robert metal works","0.418657","32.591303"
"Olualu Savings Group Kureku East","3.304745","31.80042"
"Kaye metal works","0.420632","32.590197"
"M Vincent metal works","0.418434","32.589831"
"Tabeli James Tawa","3.300525","31.802391"
"Sk fabrications","0.423697","32.643931"
"Robert's wood workshop","0.423389","32.644431"
"Golden metal works","0.41548","32.584918"
"Mf fabricators","0.415841","32.584172"
"Ronnie k metal workshop","0.415702","32.581124"
"Anifa Nadia","3.329331","31.779902"
"Athugu carpentry work shop","2.451573","31.073067"
"Kimera metal works","0.417605","32.576892"
"Atoma Samuel","3.338856","31.77936"
"Heldon metal works","0.419672","32.572092"
"Musa metal works","0.419143","32.571279"
"Eimani Lagu","3.338103","31.781698"
"Jimmy and sons","2.3246","31.111096"
"Kutegeragana metal works","0.411289","32.57184"
"Bateezi metal works","0.407283","32.572631"
"Chandia Dorothy","3.356311","31.781624"
"Barua Alisantina Eyitu","3.356267","31.781715"
"Jubu Thomas","3.361134","31.782491"
"Ronald Metal Workshop","0.343051","32.505626"
"Spet Metal Works","0.340084","32.502089"
"Muliga Metal Works","0.354212","32.501491"
"Birungi Best Quality Feeds (Milling Machine)","0.355732","32.502443"
"RM metal workshop","0.271395","32.462923"
"Devoted glass mart","0.402333","32.632735"
"Masoudi welding and fabrications","0.386393","32.644214"
"Wass metal craft","0.397566","32.638434"
"Seru professional carpenters","0.398736","32.637439"
"Technical services","0.399084","32.637107"
"Mark.s metal works","0.391531","32.64147"
"S.k demago metal gladiators ltd","0.399812","32.635905"
"Atimango Tailoring machine","2.839953","31.811018"
"Okumu Cwarnkuka carpentry work shop","2.840014","31.811277"
"Wek giloki bana Tailoring center","2.88347","31.620187"
"Onen's grinding machine","2.884374","31.620397"
"Muhamudu Metal Fabrications","0.256516","32.590142"
"God's Plan Metal Workshop","0.257597","32.58932"
"Home Suite Engineers","0.259169","32.58931"
"Skills Link Uganda Vocational Training Center","0.260848","32.589211"
"Lubega Metal workshops","0.26128","32.5884"
"Es Embroidery","0.260677","32.587968"
"Musaazi Enterprise","0.267175","32.583405"
"Carol Liquid Soap","0.266618","32.582886"
"Lugave Metal Works","0.256348","32.597908"
"Lakang maize Miller","2.874967","31.546252"
"Omuk grinding machine","2.892427","31.477121"
"Provedence vocational school","2.481","31.081305"
"Jofas Metallic","0.410367","32.572056"
"Okello Grinding machine Tee okutu","2.885418","31.467656"
"Mama Vickie fashion world","0.363461","32.532139"
"Agaba metal fabrication","0.412833","32.644048"
"Ob Wood work shop","2.88771","31.46969"
"J and K metal workshop","0.418243","32.57086"
"Johnte Furniture Center","0.361179","32.532568"
"Room of Fashion Stars","0.362367","32.532526"
"Uzuri interior company limited","0.416152","32.64512"
"Cosy Metal workshop","0.417713","32.569318"
"Tee- Okutu Tailoring work shop","2.887232","31.468711"
"Mu mukama bisoboka joinery and furniture","0.417388","32.645221"
"Lissy metal workers","0.42224","32.644038"
"Ssema Metal workshop","0.417648","32.568025"
"Kalyango Metal fabrications","0.417044","32.564812"
"Make mukemi Rice Miller","2.888084","31.472165"
"Carpenter","-1.267222","36.845906"
"M&J Holdings Limited","0.357899","32.528567"
"Bakamempisi Designers","0.357864","32.528653"
"Kato and sons","0.417037","32.56346"
"Sparkle pro liquid soap-Manager","0.357201","32.53048"
"Semakula Enoc Metal workshop","0.417912","32.562063"
"Onoba Tailoring workshop","2.491338","31.111596"
"Favor fashion","2.493768","31.115305"
"KB metal workshop","0.428789","32.558004"
"Japan Enterprise","2.490018","31.108635"
"Hamuza Fabrication works","0.42265","32.560767"
"Alpha and Omega metal fabricators","0.422879","32.559781"
"Gum Parwot welding work shop","2.887565","31.5796"
"OMEYER CARPENTRY WORK SHOP","2.517646","31.08943"
"God's will furniture palace","2.474675","31.090243"
"Christ the King metal and fabrication","2.474803","31.090552"
"Holly wood","2.473077","31.089045"
"Gerald's tailoring","2.473607","31.089522"
"Hajji Waswa quality furniture","0.271639","32.464084"
"Mugaba furniture mart","0.384126","32.645136"
"Idro Benjamin","3.376385","31.784077"
"Omee Rice Miller","2.850858","31.771558"
"Palema maize Miller","2.861632","31.694331"
"Palema Tailoring work shop","2.862405","31.695915"
"JP Metal Workshop","0.255911","32.600578"
"Maama Brenda Tailoring","0.258275","32.598764"
"God's plan","0.257518","32.599302"
"Muko Metal Works","0.266706","32.584486"
"Judith Liquid Soap","0.258562","32.600119"
"Kawulula metal workshop","0.351399","32.524416"
"Kiwuuwa metal workshop","0.352369","32.522286"
"MM metal works","0.450945","32.611559"
"Chapter Style and Fashion Store","0.352454","32.52099"
"Kabagu metal fabrication","0.229723","32.548433"
"Medi junior woodworks","0.229028","32.55016"
"Devine providance","2.406231","31.195089"
"Comboni technical school, angal","2.406157","31.195107"
"Mother Mary metal fabrication","0.229783","32.550952"
"Basokaa kwavuula metal workshop","0.353652","32.518968"
"Lutalo Furniture center","0.353779","32.518844"
"Meriko  fabrication services","0.231337","32.55138"
"Kyebando Welders Group","0.354368","32.516154"
"Kamoyo Scovia","3.3336","31.746904"
"Adjumani Prison Farm","3.333623","31.746943"
"Javis and sons welders","0.357991","32.513627"
"Tee-Olam grinding machine","2.934905","31.795056"
"Ssuna metal works and glass mart","0.451774","32.608938"
"Jemba metal works","0.485478","32.609682"
"Opiyo's grinding machine","2.935219","31.792559"
"Mokas workshop","0.232427","32.552245"
"Neeza metal fabrication","0.233077","32.552577"
"Freedom  metal fabrication","0.234058","32.553393"
"Quality Metal workshop","0.496738","32.613361"
"Muddu metal works and fabrication","0.49186","32.611909"
"Fashion n Design Toiloring Centre","2.407461","31.197976"
"Jupingra Metal fabrication work shop","2.387067","31.026042"
"Ssubi Metal works","0.451093","32.610104"
"Apola carpentry workshop","2.37667","31.18375"
"HB metal works","0.442749","32.608038"
"Index Metal workshop","0.442743","32.608251"
"Tic Ku Tego Metal Fabrication Work Shop Padel","2.358379","31.189041"
"Moze metal works","0.413874","32.601828"
"Bongomin grinding machine","2.824296","31.856578"
"Goli welding","2.385933","31.024346"
"Genesis metal works","0.418296","32.597563"
"Mulindwa metal works","0.416128","32.597727"
"Maxima investments","0.412041","32.595384"
"True Vine metal works and fabrication","0.411197","32.594974"
"BSK Designers","0.261095","32.584629"
"HK Metal Fabricators","0.258355","32.568828"
"DG_wert Engineering","0.258889","32.568504"
"Yoo Twolo Rice Miller","2.822262","31.862004"
"Seguvero metal works and contractors","0.39256","32.661085"
"Ml scrap metal deals ltd","0.393388","32.662495"
"Haba fabrications","0.393567","32.662674"
"Nalango Liquid soap-Manager","0.363719","32.508897"
"Mama selina's Liquid Soap","0.363915","32.508347"
"Ebenezer Group Parombo","2.299757","31.208108"
"Opakrwoth innocent","2.300018","31.208207"
"Maiku Modesto","3.383892","31.753217"
"Alendro Village Saving Group","3.383937","31.753592"
"Abison welders","0.2385","32.554713"
"Banamasaka metal works","0.235672","32.554088"
"Teraphy clasic fashions","0.235252","32.553483"
"Julius Metal works and glass mart","0.489965","32.611064"
"Ababiku Irene","3.369918","31.731252"
"Anzoa Janifer","3.369365","31.731336"
"Mandera Stella","3.369779","31.730118"
"Waribu cing wood work shop","2.818699","31.894984"
"Pipeline design and foam industries limited","0.473887","32.606724"
"Jeroma Liquid soap and Sanitizer","0.362049","32.505296"
"AKABA VOCATIONAL TRAINING CENTER","2.491088","31.144347"
"Maria wood work shop","2.815003","31.864183"
"Market stage","2.326393","31.156073"
"RR Metal workshop","0.471421","32.606105"
"Medober Tailoring Centre","2.327466","31.155936"
"Padwot grading work shop","2.492665","31.215706"
"Sombe Metal works","0.460998","32.605763"
"Bright Idea metal works","0.460065","32.605628"
"Papa's  metal works","0.247673","32.553296"
"MJM fabrication","0.240191","32.555703"
"Moriom engineering works","23.707688","90.434446"
"Idraku Pasquino","3.371154","31.724096"
"Opia Godfrey","3.371172","31.724086"
"Andayo Gladys","3.382681","31.751304"
"God's Plan Fashion And Design Tailoring Centre","2.317399","31.156371"
"W. Place","2.318055","31.155612"
"John and sons Granding mill","2.554267","31.242333"
"Seba and sons metal works","0.236625","32.554027"
"Mukwaya Metal works","0.458973","32.605477"
"Ajut grinding machine","2.791154","31.851398"
"Fair price  tailors","0.237617","32.553842"
"Mayanja Metal works","0.457845","32.605571"
"Techno Mac","23.819591","90.365352"
"Ideal N D T Services & Training Center","23.81952","90.365312"
"Lakshai Engineering","23.818976","90.364578"
"Star wood parombo","2.29861","31.202352"
"Komaa Juliet","3.374506","31.741581"
"Gerra metal workshop","0.262497","32.556692"
"Ebeneezer fashion designer","0.453127","32.606852"
"Gerald Metal works","0.453101","32.606959"
"Global Metal workshop","0.452535","32.607776"
"J R Engineering Works","23.695321","90.435956"
"Kds pump","23.695295","90.436179"
"Joynal abedin & co .ltd","23.696229","90.43646"
"Sheba Engineering","23.695923","90.436954"
"Industrial Tacnical Services","23.798484","90.387025"
"New sundor engineering works","23.692437","90.435759"
"Mitali Engineering Works","23.692665","90.435597"
"Arif agriculture engineering","23.693116","90.434375"
"Power Cell Eng Works","23.800278","90.371318"
"Cak Keda Technical services","2.820368","31.864448"
"Haque Engineering Works","23.798327","90.370746"
"Ovizio Christine","3.386933","31.750206"
"M/S Agree Foundry & Eng. Works","23.691435","90.434082"
"Letio Dorothy","3.385363","31.751995"
"S S Engineering Works","23.80586","90.369556"
"Mazira Immaculate","3.384286","31.752176"
"Azad Boilers Ltd","23.808991","90.359921"
"Alumaiya Faith","3.385049","31.756991"
"Konyio Dominica","3.384391","31.758635"
"Hope Savings Group Rende","3.385985","31.75839"
"Ababiku Joyce","3.386052","31.758358"
"Azad Engineers","23.791077","90.353943"
"Danika Eng Service Ltd","23.78875","90.357741"
"Ulea Sofi Agnes","3.389452","31.770121"
"Ivan and sons furniture works","0.384365","32.651322"
"Ziwangaala sofa repair","0.384707","32.651744"
"Real value metal fabricators","0.390017","32.657177"
"Umar katende metal fabrication","0.387836","32.654482"
"Kadunabi metal works","0.382543","32.649139"
"Obutono bwakasanike furniture","0.382534","32.649098"
"Kutegelagana and sons","0.286484","32.49604"
"Tadiniyo Gloria","3.379772","31.74617"
"Mazira Jane","3.3764","31.743833"
"Enoa Christine","3.374228","31.738483"
"Dayo Agnes","3.37341","31.735577"
"Vuchiri Sunday","3.37098","31.733918"
"Liquid soap","0.364547","32.523766"
"Amadrio Agnes","3.3703","31.727215"
"Kangati metal works","0.460243","32.618463"
"Tuu-podac work shop","2.937616","31.929709"
"JAS Welding and metal Fabrication","0.460013","32.629999"
"Canan Metal workshop","0.459835","32.630447"
"Yesu Oromo Toiloring Workshop","2.303154","31.202994"
"Winny's Tailoring work shop","2.958426","31.872079"
"OWECHI GRADING Mill","2.508857","31.12161"
"Morden Tailors and Designs","0.363162","32.523981"
"Rod Metal crafts","0.463216","32.625926"
"Life Stragle Workshop","2.3052","31.202531"
"Moka enterprises metal fabrication and welding","2.30465","31.202902"
"Hakim Metal works","0.472998","32.620788"
"Teddy work shop","2.959033","31.872992"
"Crispac Logistics","0.472255","32.621716"
"OB And Sons Carpentry Workshops","2.305939","31.204739"
"Otobi Ltd.","23.726825","90.417407"
"Bulesko furniture  workshop","0.267352","32.557255"
"Patience school of tailoring and Designs","0.364849","32.521772"
"JSON GROUP OF COMPANIES LTD","0.365548","32.52138"
"Cost of Living Metal works","0.468455","32.623126"
"Baraka metal workshop","0.266076","32.556767"
"CEPA","0.26482","32.556307"
"Classic Metal Works","0.466712","32.629379"
"Mubiru metal works","0.466805","32.629543"
"Dinah School of Designing","0.366919","32.520393"
"Innocent Real Furnitures","0.367018","32.520759"
"MK trust works","0.258322","32.559795"
"K B S Engineering Works","23.730938","90.412289"
"East-West Engineering Ltd","23.731086","90.411763"
"Pop [lab]","48.8646","2.45057"
"Nalumu and Selunkuma trust metal works","0.256405","32.56063"
"Demands Metal works","0.493001","32.6525"
"Jb wood furniture workshop","0.252375","32.556313"
"HK metal works","0.252393","32.555678"
"Walters and sons","2.30444","31.199327"
"Can-oroma","2.303958","31.200175"
"Joram Metal work shop","0.482564","32.645377"
"Al-hamed And Sons workshop","2.302845","31.206178"
"God's Love WorkShop","2.302666","31.206456"
"Comfort Engineering Ltd","23.739002","90.410096"
"BC engineering Ltd","0.254143","32.562568"
"Isma funiture mart","0.254224","32.562112"
"Ashraf Engineering (pvt) Ltd","23.747484","90.41245"
"SK Metal workshop","0.475461","32.636251"
"Precision Alloy Steel Casting Ltd","23.751612","90.414097"
"New Ovi Engineering Works","23.750748","90.413666"
"J Classic  metal workshop","0.353285","32.541621"
"Good hope welding and fabrication","2.303724","31.201722"
"Masumbuku Timber Craft And Carpentry shop","2.303207","31.204673"
"MK metal works","0.473742","32.633305"
"LERMA SKILL DEVELOPMENT CENTER","2.487648","31.155483"
"Mbogga Furniture Center","0.358932","32.536637"
"Serunjoji Metal Fabricators","0.470745","32.63086"
"Ologo millers","2.464272","31.190556"
"Faizol workshop","0.424731","32.644049"
"Olam metal fabricators","0.425249","32.644376"
"Star Fashion Designers","0.359138","32.539033"
"Nkobazambogo metal workshorp","0.464462","32.627131"
"Bhai Bhai Engineering Works","23.763336","90.389116"
"Ivan metal works","0.358933","32.540633"
"Amiina Fashion World","0.35887","32.540631"
"Onencan Richard Carpentry Worksop","2.306197","31.202733"
"Mugumya Metal works","0.463286","32.623098"
"Honeycomb Tech","23.76877","90.393747"
"R K Engineering","23.768428","90.397146"
"SB carpentry and furniture company ltd","0.426624","32.643865"
"Kidawalime metal workshop","0.462163","32.620782"
"MK metal fabrication","0.427835","32.64542"
"Kisakyamukama metal works","0.428593","32.645918"
"Give and take metal workshop","0.42782","32.645419"
"Busulumba technical Services","0.460907","32.61937"
"Modern Erection Ltd.","23.765739","90.398887"
"Radiant Engineering Training Services & Inspastion Ltd","23.766096","90.395947"
"Gregory metal fabricators","0.351676","32.541936"
"Ntege Metal workshop","0.454355","32.614589"
"Asienzo Winnie","3.388572","31.778707"
"God is Able Quality Furniture","0.358087","32.534976"
"Robert steel stores","0.289125","32.497964"
"ISAMOS FASHION","0.290168","32.497807"
"Hasfa fashion designer","0.290077","32.501738"
"Mazima Metal Works","0.262964","32.571775"
"MK Timber and Wood workshop","2.81927","31.865873"
"Kibira furniture mart","0.372724","32.649236"
"Josh wood workshop","0.377375","32.648284"
"Fabrication legend and aluminum works","0.373837","32.649265"
"Wood enterprise","0.373669","32.649201"
"Nambawo and daughters work shop","0.379189","32.647249"
"Flour solution","2.440495","31.20823"
"Rokani Patrick","3.374884","31.787962"
"Lokua Beatrice","3.374524","31.786915"
"Kyilimi Creative Designers","0.263562","32.567209"
"Masajja Disabled Development Group","0.262433","32.576468"
"Omeyer Grinding mill","2.544015","31.096532"
"Kulubya metal works","0.430008","32.64787"
"Real furniture enterprise","0.430615","32.648202"
"B # D Welding Shop C","2.441769","31.20589"
"Leza investment LTD","2.442912","31.205135"
"Quick Wood Workshop","2.442685","31.20521"
"Zion tailoring center","2.444721","31.204176"
"Silinamosi fabrication","0.431412","32.649246"
"Tuzimbe metal works","0.432447","32.651029"
"KM metal workshop","0.432597","32.600409"
"Beneya And Family Carpentry Worship Agwok","2.465737","31.187853"
"Design Centre metal fabrication","0.434925","32.655783"
"Ojuru and grandsons grinding mill","2.46941","31.189541"
"Agwok tailoring","2.469266","31.189278"
"Haki Metal works","0.426314","32.598718"
"Mutebo metal works","0.42548","32.598648"
"Osman Technical Sevices","0.243143","32.55685"
"BA Jimmy Furniture","0.244888","32.55761"
"By trust Fabricators and constructors","0.434973","32.601501"
"Spider Funiture","0.24617","32.558157"
"Kisoboka Funiture","0.248856","32.559701"
"Kaseeda Metal Workshop","0.444798","32.610596"
"PM Steel and Aluminium Fabrication","0.250361","32.560638"
"Metal Plus Fabricators","0.385221","32.515973"
"Believers Metal workshop","0.44172","32.6091"
"Joel metal fabricators","0.386631","32.514121"
"Ks Metal fabricators","0.384204","32.517059"
"Cairo company Limited","0.43064","32.620411"
"Thatha welding","2.495738","31.098923"
"Byansi Super Furniture","0.383557","32.517799"
"Layisi metal workshop","0.382186","32.518725"
"Quality metal Works","0.434801","32.606308"
"Leon metal workshop","0.423489","32.598061"
"Utamuriza Fashion and Design","0.360599","32.533731"
"Gonza Fashion designers","0.360792","32.534042"
"HR Furniture Mart","0.356973","32.502796"
"SJ Metal Workshop","0.356973","32.502796"
"Mbulya  Engineering Services","0.356973","32.502796"
"Aisha Hussein","3.377573","31.79299"
"Bunia Janet","3.377701","31.79203"
"Angu Joyce Lakidi","3.37956","31.791925"
"Aol Nancy","3.376317","31.791649"
"D.D.labong welding and fabrication","2.481678","31.096669"
"Inyaa Joyce","3.378016","31.776868"
"Masudio Alice Rebecca","3.37891","31.777665"
"BAYOA HELLEN","3.37712","31.777372"
"Nebbi flour solution","2.477706","31.093725"
"Kumakech and sons","2.477664","31.093045"
"Peace of Mind Carpentry Wood Work Shop","2.478587","31.093115"
"Miracle Workshop","2.477762","31.092107"
"Wun Steel Fabrication","2.480544","31.095236"
"Kotichi Gloria","3.376085","31.777177"
"Oyika and sons timber store","2.476644","31.09261"
"Abio Sarah Ochen","3.375462","31.77811"
"Akello Mary","3.375239","31.778261"
"Mindraa Concy Ruga","3.376046","31.778935"
"Moriku Santa","3.376308","31.779297"
"CH hardware continent ltd","0.44554","32.6052"
"Sinotex Weiding Workshop","3.385086","31.788102"
"Asienzo Rebecca","3.385263","31.787564"
"Kasangati tailoring centre","0.446184","32.606034"
"J & A Carpentry WorkShop","0.360152","32.504198"
"Banakalungu Metal Workshop","0.360364","32.504824"
"Juan Susan","3.370287","31.780807"
"Mazira Mildred","3.37931","31.779717"
"Mociruku Stella","3.371777","31.780974"
"Amanzora Savings Group","3.371533","31.780093"
"God Helps metal Fabricatin","2.47732","31.081053"
"Dynamic designing and tailoring","2.477245","31.081025"
"A&M Advanced  metal works","0.24215","32.545308"
"Kia Cosmetics","0.35681","32.534013"
"Anyama Michael","3.376613","31.787943"
"Su welding workshop","0.268262","32.541553"
"Ocircan petra","2.479859","31.093328"
"Jehovah jerrie","2.479859","31.093328"
"Piyic Hellen","2.479859","31.093328"
"St Joseph welding  works","0.265701","32.546082"
"Mwesigwa metal fabrication","0.265942","32.545995"
"FORUDES NEBBI VOCATIONAL TRAINING INSTITUTE","2.493799","31.090773"
"Kato's funiture","0.267993","32.5464"
"Jamric Aluminium  fabricators","0.269758","32.546613"
"Derick and sons metal works","0.268823","32.546642"
"Rhita textiles","0.269941","32.546215"
"J Quality furniture","0.351199","32.537918"
"Eagle gate metal workshop","0.44016","32.598962"
"Utua Esther","3.374658","31.791307"
"Owaggagge metal workshop","0.438054","32.602519"
"Kean investment limited","0.408342","32.59005"
"Wanx Metals","0.374377","32.501382"
"Pala Investments","0.384059","32.504918"
"Abutex Engineering","0.382595","32.498199"
"Mongolian Furniture & Machinery Work Shop","0.371885","32.502796"
"HM  Metal Workshop","0.381807","32.508101"
"Lubega Metal Workshop","0.385509","32.504541"
"Edea Everline","3.389591","31.779475"
"Agoori Sandra Rokani","3.3898","31.779707"
"Asienzo Dina","3.388587","31.780176"
"Lilly's Multi Purpose Liquid Soap","0.358459","32.532122"
"Atwine","2.415549","30.984403"
"Anzoa Jane","3.386831","31.788317"
"Baitiyo-Hellen","3.386831","31.788317"
"Kato Workshop","0.295111","32.499733"
"Hanash tailoring.","0.292796","32.49998"
"Hajjati fashions","0.292444","32.499856"
"Ojaba Agnes","3.39024","31.777457"
"Unzi Stephen","3.390312","31.77759"
"FELM LIMITED","0.45233","32.570581"
"Jimmie's Metal Solutions","0.361671","32.530178"
"Kazibwe metal fabricators","0.25137","32.545609"
"Multitude metal fabricators","0.257505","32.545878"
"Arise Women of Faith","0.266705","32.569004"
"Tumwesige Women's Group","0.264441","32.573181"
"Mania Paula","3.387771","31.783332"
"Patrick K. Metal Workshop","0.365397","32.526039"
"Masudio Grace","3.382941","31.783084"
"Shafiq quality metal workshop","0.333371","32.67181"
"David Welding Center","0.362794","32.529795"
"Topacu and family workshop","2.478963","31.091988"
"Metrine Annet phoebe","3.386304","31.784703"
"Kalogoyi metal fabricators","0.335325","32.669263"
"Fabrication concept","0.335539","32.66882"
"Basokakwavula Silk Group","0.262468","32.5849"
"Da Sulex Metals and Fabrication Works","0.3576","32.533366"
"Masudio Monica","3.384474","31.785941"
"Nakimuli Evas","3.38432","31.785944"
"Rose k Investments","0.263691","32.54605"
"Musilamu Tailors","0.26769","32.568806"
"Eria metal works","0.261612","32.546052"
"Bantengo metal works","0.258974","32.545902"
"Adrupio Beatrice","3.385357","31.780679"
"Vuje Grace","3.385381","31.780742"
"Ruts metal fabrication","0.295365","32.503875"
"Victory welders","0.296086","32.504496"
"Camp side metal","0.297642","32.506399"
"Robert metal workshop","0.299081","32.508412"
"Print 'N' carton","0.402135","32.582227"
"Dribareo Scovia","3.367941","31.783935"
"Kikonyogo metal workshop","0.353624","32.670892"
"Hospital equipments","0.353072","32.668909"
"Spatial collective","-1.300102","36.792073"
"Johama furniture mart","0.352908","32.667415"
"Mutebi metal works","0.353153","32.667187"
"Jacent Liquid Soap","0.266448","32.570537"
"Banamasaka Steel Welders","0.347184","32.530289"
"Sending and sons  metal works","0.270843","32.546577"
"Ali K Fashions","0.348811","32.528314"
"Davison metal workshop","0.267756","32.569853"
"Aloy Funitures","0.272843","32.5566"
"Jessica Designers","0.350707","32.526502"
"Ebenezer school of fashion","0.355269","32.523459"
"Siraji welding fabrication","0.355282","32.522638"
"Byuma metal works","0.352437","32.660071"
"Christine liquid soap","0.270593","32.568665"
"BRI victorious group","0.354509","32.524238"
"Real Signs","0.350577","32.656255"
"Free and Fair workshop","0.351011","32.656039"
"Jusatex textile","0.26696","32.566635"
"Devine K Liquid Soap","0.273994","32.56909"
"Baatio Jusphine","3.388741","31.775811"
"DRANIA GRACE","3.389398","31.776361"
"Dadaab KCRS waste recycling plant","0.04637","40.311256"
"Ball Making Workshop Daadab YEP","0.045752","40.308487"
"Nyota Farsamo","0.007615","40.371512"
"NRC Hagardera TVET CENTRE","0.006765","40.372127"
"GINO WELDING CITY","3.3762","31.786108"
"STEELCOM METAL FRABRICATION HARDWARE & TRANSPORT SMC LTD","3.374064","31.792731"
"Aman Engineering Works\n","23.722446","90.385884"
"Balal Engineering Works","23.720799","90.390667"
"Lab Briq Sociale","48.8532","2.43047"
"Mim Engineering Works","23.719632","90.389881"
"City Engineering Works","23.780655","90.399035"
"Reek Lube Oil Industries Ltd","23.780514","90.401572"
"Electro Venture Ltd","23.781464","90.400283"
"Salam Engineering Works","23.716793","90.385634"
"Madina Molding Works\n","23.718065","90.386535"
"Brothers Engineering Works","23.717751","90.385079"
"Naim engineering works","23.709882","90.420084"
"A R Cutting center","23.710345","90.419013"
"Gourob industry ltd","23.710989","90.422583"
"Choluntika engineering","23.708606","90.420373"
"Kazol sheet cutting and eng centre","23.709029","90.421659"
"Bangladesh hydraulic co. Ltd","23.709444","90.419881"
"National electro care Pvt. Limited","23.708583","90.42033"
"Nahid suppliers & Eng works","23.704134","90.424116"
"New S S Engineering","23.704157","90.424013"
"SP eng workshop","23.712346","90.418468"
"Aftab Engineering Works","23.719155","90.415699"
"Shamin engineering works","23.721381","90.415316"
"Aliga Ismail Grinding Mill","3.56294","31.445688"
"Mauzu Rukia Tailors","3.638095","31.450605"
"Lemiriga Rashid Grinding Machine","3.563867","31.44483"
"Sianyara Carpentry and Joinery Workshop","3.563212","31.4436"
"Ijosiga Grinding Mill","3.561863","31.443677"
"Toha Grinding Machine","3.538902","31.254999"
"Udojo Grinding Mill","3.522325","31.25047"
"Angudriga Ratib Grinding Mill","3.4964","31.270592"
"Rembe Samuel Grinding Mill","3.657092","31.263975"
"Isile Toha Grinding Machine","3.539568","31.229788"
"Siriba Taban Grinding Mill","3.580108","31.199467"
"Good Grinding Machine","3.580027","31.199321"
"Scopas Rabu Grinding Machine","3.675247","31.310522"
"Luate Gordon Grinding Mill","3.67539","31.30959"
"Focus Metal Workshop","3.683102","31.289859"
"Abajo Moses Grinding Machine","3.686307","31.323495"
"Lobida Grinding Machine","3.68783","31.292686"
"Mambo Isaac Grinding Machine","3.699118","31.28256"
"Anguyo Taban Grinding Machine","3.64378","31.24556"
"Arike Charles Milling Machine","3.658467","31.273255"
"Wuro James Grinding Mill","3.685912","31.321877"
"Ratib Yaba Grinding Mill","3.72479","31.266318"
"Angudriga Ratib Metal Fabrication","3.685948","31.292315"
"Kido Grinding Mill","3.679483","31.297438"
"Olega Mudasiri Grinding Mill","3.524132","31.135385"
"C & J Ex combatants Furniture Workshop","3.525498","31.134059"
"Oyaruku Tailoring Youth Action For Development","3.525827","31.134288"
"Goroga Swaib","3.527127","31.195592"
"Munduale Carpentry and Joinery Workshop","3.620662","31.109467"
"Odolobo Grinding Machine","3.609855","31.114732"
"Alli Karala Grinding Machine","3.525808","31.195984"
"Umoja Furniture Workshop","3.525894","31.196027"
"Orobia Grinding Machine","3.526415","31.133188"
"Amiga Majid","3.570912","31.131441"
"Northern Engineering Works","23.71","90.41"
"Metal Fairs & Engineering Works","23.71","90.41"
"Nimule Grinding Machine","3.48994","31.338221"
"Bunia Baba Grinding Machine","3.450712","31.276621"
"Nguru Trading Center Grinding Machine","3.477655","31.317392"
"Oriama Grinding Machine","3.447206","31.293569"
"Amandua Ramandan Metal Fabrication","3.462305","31.249818"
"Nanjere Mixed Famers Group","3.481236","31.327241"
"Kawawa Rashid Grinding Machine","3.490417","31.336537"
"Excel Welding Workshop Bagdad","3.46829","31.241863"
"Gule Grinding Machine","3.467981","31.242188"
"Oyabaku Metal Workshop","3.465254","31.249215"
"Edema Sunday Grinding Machine","3.472486","31.252236"
"Ama-ecora United Carpentry Group","3.469927","31.24823"
"Said Bundu Grinding Machine","3.471877","31.250852"
"John Bosco Metal Fabrication","3.468807","31.243347"
"Al-Qadir Workshop","3.469474","31.247137"
"Caltex Timber Technology","3.468021","31.245907"
"SBA Metal Workshop","3.464603","31.247676"
"Nuru Shaban Carpentry Workshop","3.45003","31.22952"
"Hamida Liquid Soap","3.452734","31.236786"
"Salama Knight Liquid Soap Investment","3.453153","31.237634"
"Andama Ismail Carpentry Workshop","3.439772","31.184763"
"Oboboga Summary Grinding Machine","3.428842","31.210462"
"Brahan Grinding Machine","3.444135","31.196745"
"Lore Women Group Grinding Mill","3.428582","31.27028"
"Zodan Family Tailoring Group","3.409625","31.284608"
"Kassim Amin","3.408255","31.287418"
"Yasin Musa Grinding Machine","3.437037","31.258246"
"Aziz Ariku Grinding Machine","3.429498","31.270743"
"Delu Mahmud","3.441293","31.254027"
"Imbiga Grinding Machine","3.428123","31.272047"
"Ambaga Enterprise Limited","3.336202","31.231732"
"Aciga Ismail Grinding Machine","3.336478","31.23175"
"Razak Liquid Soap Point","3.385358","31.184078"
"Azabo Isaac Home Based Workshop","3.367363","31.184883"
"Aman Jadawajada Investment","3.431384","31.249369"
"Solomon Edema Workshop","3.352372","31.204493"
"Abelecu Disability Group Grinding Machine","3.381625","31.185212"
"Ambelecu Youths Association","3.367633","31.187547"
"Swale Grinding Mill","3.362182","31.206663"
"Sunday Grinding Mill","3.33527","31.230128"
"Taban Furniture Workshop","3.344349","31.247532"
"Artcon Carpentry and Joinery Workshop","3.394233","31.240377"
"Aisuga Nuru Adigesi Tailoring and Training Point","3.404106","31.23532"
"Twalib Asijo Furniture Workshop","3.413845","31.228097"
"Taban Jafar Abdu Workshop","3.411237","31.218042"
"Adumi Blacksmith and Carpentry Workshops","3.41212","31.219323"
"Ingadri VSLA Grinding Machine","3.37477","31.262518"
"Ichikiti VSLA Tailoring Group","3.384474","31.257747"
"Apangu Janato Local Furniture Workshop","3.379185","31.257845"
"Pakayu Youth Carpentry and Joinery Workshop","3.37584","31.216003"
"Pakayu Mosque Grinding Mill","3.3755","31.215902"
"Aldo Tema Furniture Workshop","3.349583","31.217372"
"Akoku Coffin Workshop","3.342645","31.214715"
"Onziga John Grinding Mill","3.342495","31.216982"
"Odravu West Modern Vocational Training Center","3.342065","31.213032"
"Atubua William Metal Fabrication Workshop","3.342023","31.213025"
"Owino Grinding Machine","3.345663","31.10576"
"Mazanga Carpentry Workshop","3.444568","31.148787"
"Buga Ratib Furniture Workshop","3.423726","31.147293"
"Kapanga Grinding Machine","3.423353","31.147867"
"Gumbiri Grinding Machine","3.39732","31.131428"
"Pani Youth Carpentry and Joinery Group","3.424363","31.139893"
"Kapanga Grinding Mill Company","3.39787","31.168202"
"Lomorojo Women Tailoring Group","3.397705","31.168816"
"Anzimifi Carpentry and Joinery Workshop","3.431753","31.12988"
"Ali Icile Grinding Machine","3.418117","31.18535"
"Paduru Youth Carpentry and Joinery Workshop","3.421906","31.186401"
"Adronga Ajini Grinding Mill","3.424765","31.134254"
"Community Workshop","3.427525","31.130467"
"Mazanga Youth Carpentry and Joinery Workshop","3.443083","31.144737"
"Aliku Grinding Machine","3.41738","31.186397"
"Mungusi Savings Group","3.421985","31.111372"
"Aluma Luka Workshop","3.421719","31.112925"
"Buruga Carpentry and Joinery Workshop","3.387097","31.090822"
"Viko Zaina Tailoring & Training","3.386121","31.090896"
"Lodonga Black Teachers Quarter Grinding Mill","3.405","31.092264"
"Aloro Ahmed Carpentry Workshop","3.387901","31.097642"
"Odama Metal Fabrication Lodonga Junction","3.413252","31.114887"
"Annia Alfred Skills Good Quality Training Center Lodonga","3.41304","31.113984"
"Ezatiru and Ndaru Tailoring Point","3.358785","31.159492"
"Praise Savings Group","3.337203","31.071287"
"Taban Charles Furniture Workshop","3.346993","31.126327"
"Dratega Romano Furniture Workshop","3.356193","31.16214"
"Jimmy Mundua Grinding Mill","3.335107","31.127648"
"Yumbe District Traditional Herbalists Association","3.373415","31.095655"
"Munduga Brahan Furniture Workshop","3.359308","31.099005"
"Govule Grinding Mill","3.322448","31.129347"
"Needy African Child","3.322133","31.068998"
"Kampala Furniture Workshop","3.321125","31.070602"
"Icikiti Ahmed Furniture Workshop","3.317298","31.061923"
"House Design - دار التصاميم","33.340965","44.389415"
"House Design","33.340965","44.389415"
"Kabowa Tailors Association","0.282662","32.555055"
"Olivia Detergents","0.286014","32.539689"
"Tramy Fashions","0.286893","32.540723"
"Village 22 liquid soap group","3.223612","31.40757"
"Muzamilis grinding mile","3.247157","31.365954"
"Tabu Charity Tailering workshop","3.217612","31.407292"
"Manowa Bayiti Tailering workshop","3.219205","31.408007"
"Kent Interiors Work Shop","0.351998","32.580815"
"Agape Work Shop","0.351767","32.58028"
"Muzey Grinding machine","3.526179","31.346715"
"Kasa Joseph Millers","3.529641","31.354417"
"Stephen Mule","3.527084","31.332791"
"Agrey Lady Millers","3.526587","31.333251"
"Kandaakiat organisation for women Empowerment","0.371533","32.708182"
"Hoifa Steel Fabricators Ltd","0.353521","32.587956"
"KP Metal Workshop","0.353474","32.587809"
"Delka Metal WorkShop","0.353616","32.579314"
"Avoid Weakness Workshop","3.523838","31.342412"
"Esbon James Grinding machine","3.522525","31.335215"
"Lobojo Robert Grinding machine","3.521728","31.335115"
"Nguna Aduma Grinding machine","3.522025","31.338835"
"Juma John grinding mill","3.221835","31.406775"
"Sam Henry Carpentry Workshop","3.529727","31.361619"
"Kiden Jesca","3.218477","31.406823"
"Ngum Kata Grinding Mill","3.528651","31.351236"
"Lasu Stephen Grinding machine","3.526703","31.347607"
"Rapture Engineering Company Limited","0.356337","32.581665"
"Sabir Peter Grinding machine","3.525832","31.354742"
"Lucky Grinding machine","3.530311","31.331205"
"Noel Kenyi Millers","3.523726","31.334752"
"Stephen John Grinding machine","3.519182","31.325364"
"Fekira Evans grinding mill","3.33636","31.289828"
"Ngun kata carpentry workshop","3.337037","31.293753"
"Discount designer furniture","0.357396","32.615971"
"Good luck furniture","0.357423","32.615862"
"Kapere top metal fabrication","0.321022","32.545487"
"Asuman metal works","0.32887","32.525569"
"Yole Ta grinding","3.391566","31.346418"
"Loketo water business group","3.335066","31.305042"
"MM Beauty and Saloon Development Group","0.308479","32.518944"
"Unity is power Christian development group","0.308442","32.518954"
"Lillian's Group","3.404061","31.421013"
"Progressive Women Group","3.522615","31.359548"
"Young chance.","3.324471","31.297476"
"Mule millers","3.528091","31.365146"
"Tatambita Carpentry Group","3.528421","31.365703"
"Unity women tailoring group","3.337723","31.303298"
"Mambo Grinding machine","3.524636","31.36417"
"Village 06 Tailoring Group","3.524556","31.363865"
"Gole ku mugu.","3.330866","31.302469"
"Moses Lemi","3.529197","31.35256"
"Evans mill.","3.331913","31.307642"
"SEME grinding Mill","3.326108","31.297985"
"United grinding Mill","3.332042","31.296252"
"Amule Grinding machine","3.523901","31.361735"
"Festo Lemi Millers","3.523588","31.360808"
"Grinding mill","3.488088","31.398914"
"Ronald Furniture Work Shop","0.354804","32.578855"
"JC Metal Workshop","0.354805","32.578862"
"Fumbe Metal Workshop","0.279646","32.550678"
"Wankulukuku metal works","0.318787","32.521952"
"Blessed tailoring  Enterprises","0.284262","32.577511"
"Standard Calibration Services Limited","0.306915","32.517806"
"A&A digital printers and stationaries","0.306183","32.517538"
"Unique quality works","0.310822","32.516562"
"Kojja Furniture","0.280512","32.550102"
"Kyeyune and sons metal workshop","0.340778","32.534544"
"Fifi Tailors and Design Center","0.273927","32.568049"
"Mukisa women's group","0.27429","32.567751"
"Lutwama Metal works","0.289307","32.570262"
"Ansaf investment limited","0.332993","32.528202"
"Star workshop","0.330824","32.526771"
"Beatrice Soaps","0.307928","32.517378"
"Bivamuntuyo Metal Workshop","0.344287","32.542116"
"Northern furniture workshop","0.344286","32.541569"
"Kibuye Expert Taylor","0.292295","32.572238"
"Joseph Mua and Sons","3.528502","31.366875"
"Signs and metal fabrication","0.304877","32.547063"
"CM Furniture Workshop","0.304849","32.547062"
"Gold's furniture","0.304207","32.54548"
"House of Works Products","0.30433","32.545767"
"mark  metal workshop","0.307127","32.553103"
"Kikandwa metal workshop","0.306959","32.55282"
"Da metalz","0.308604","32.555323"
"Lugave quality furniture","0.302154","32.540164"
"Joy grinding mile","3.308798","31.251229"
"Joy tailering group","3.308519","31.251133"
"Ngota Granding Mill","3.391742","31.388994"
"Loketo group","3.295547","31.287312"
"God with us","3.389665","31.391"
"Hope","3.389363","31.391314"
"Koliko grinding machine","3.462608","31.368765"
"MM Interior Furniture","0.367878","32.57068"
"Honest Metal Centre","0.368417","32.569858"
"Ralison","3.486124","31.397933"
"Bismarck","3.486124","31.397933"
"Amalu group","3.486192","31.398511"
"Possible women group","3.486192","31.398511"
"TABAN grinding machine","3.468085","31.40856"
"Jackson Bida grinding mill","3.284968","31.311447"
"Acholi grinding Mill","3.464088","31.37776"
"Akafekye funiture","0.208895","32.539722"
"Golden Star","3.392663","31.39103"
"Meta international death children parents group","3.49188","31.399804"
"Johnston grinding mile","3.312436","31.250672"
"Hope carpentry workshop.","3.311603","31.252231"
"United women tailoring group","3.466817","31.409133"
"Ngun Kata tailoring group.","3.310622","31.249219"
"Grinding mille","3.476241","31.36854"
"Ama ichkiti soap making group","3.462413","31.41383"
"Pukuya women Tailering group","3.284007","31.310477"
"Ssassi metal fabrication","0.207198","32.540601"
"Anex metal fabrication","0.206218","32.540693"
"RK Metal Workshop","0.361916","32.571033"
"Ndyamba metal workshop","0.303331","32.543033"
"New Hope metal workshop","0.209352","32.5428"
"Mulangira Semakokiro","0.208692","32.540917"
"Jordan Powers","0.270249","32.578913"
"Claires","0.269649","32.578184"
"Hossen Engineering Works","23.75","90.38"
"Moses Dekuta Grinding Machine","3.531463","31.363312"
"Dange Robert Grinding Mill","3.530772","31.362806"
"Akwila lady grinding mile","3.38369","31.307419"
"\nAlemi Emmanuel carpentry workshop","3.370559","31.3211"
"W. O Stevens funiture","0.226075","32.548622"
"Kasa Millers","3.529742","31.356884"
"Amule's Group","3.404467","31.372483"
"Elias's Group","3.404708","31.373364"
"Custom Funiture","0.219715","32.545485"
"Sedix metal works","0.219918","32.545655"
"Homex furniture mart","0.223558","32.54747"
"United carpentry workshop","3.372302","31.307743"
"Success tailering group","3.372107","31.318246"
"Wolo community grinding machine","3.370084","31.308702"
"B-F wood works","0.21124","32.56607"
"Ramos trade link Enterprise","0.343886","32.550079"
"Custom way fabrication","0.211002","32.568988"
"Metal man ltd","0.216403","32.543711"
"James Kwaje and family","3.52861","31.359361"
"Steven Malish Millers","3.526948","31.361283"
"Susan's Group","3.396212","31.347538"
"JoJo metal wood aluminum workshop","0.321889","32.544154"
"Allied engineering","0.341217","32.632634"
"MAAT TENT MANUFACTURERS AND SUPPLIES LTD","0.341108","32.632463"
"Kwewaayo Metal work shop","0.28269","32.576443"
"Triple star metal fabrication","0.28706","32.573"
"Hariet Sida","3.401123","31.335897"
"Lumana Justin","3.399912","31.335527"
"Miki mugu liquid soap group","3.402312","31.337242"
"Simon Taban tailoring workshop.","3.396783","31.335928"
"Alex Taban grinding mill.","3.397379","31.33617"
"Rufas Moro","3.401044","31.337204"
"Suzan Kiden","3.398072","31.335243"
"Shanena Engineering Works","0.340315","32.630581"
"Sanon Mazzima Quality Company Limited\n(Metal Fabrication)","0.341086","32.630395"
"Suffer with faith","3.398137","31.348232"
"Friends Fashion Designers","0.268116","32.578545"
"Irene Detergents","0.268217","32.578481"
"Nancy minala tailoring workshop.","3.402566","31.338712"
"SH Dream Funiture","0.286198","32.570518"
"Yasin furniture mart","0.285943","32.574608"
"Golden cleaners","0.27624","32.56945"
"Bismillah & Bro's engineering workshop","0.303546","32.558374"
"Kibirige metal works","0.286728","32.572049"
"New VIP tailors","21.23542","92.161898"
"Bismillah sanitary mart","21.234701","92.159408"
"Kamal engineering workshop","21.234829","92.159517"
"One star furnitur","21.235033","92.154857"
"Marhaba Thai Aluminium and SS Fabrication","21.235033","92.154857"
"MS Ukhiya two star furniture mart","21.235033","92.154857"
"Bimillah SS Galary and Thai aluminium","21.235033","92.154857"
"Ripon design house","21.235033","92.154857"
"Olok furniture and design mart","21.235033","92.154857"
"Salma steel and engineering workshop","21.142743","92.159603"
"Jannatul Naima tailors","21.17271","92.155139"
"Arif sanitary mart","21.173457","92.155409"
"dakris fashion collections","0.330818","32.554434"
"Kemigisa tailoring services","0.341466","32.538831"
"Sserunjoji Alex fashions","0.341192","32.538388"
"Sharif Home of Furniture","0.356744","32.563036"
"Innocent Metal Fabricators","0.355957","32.562909"
"Kiden's Group","3.266291","31.27735"
"Hope Traling Group","3.26625","31.277349"
"S K J Furniture Mart U Ltd","0.356989","32.566125"
"Annet's Trailing Group","3.270386","31.280472"
"Ronald Furniture World","0.354743","32.566912"
"Walakira Furniture Center","0.356126","32.565657"
"Hojo entrepresis","0.34747","32.587357"
"Abija homeland","0.348025","32.588066"
"Kamwokya II Blessed Mother's Group","0.347118","32.588407"
"Eco Youth Development Group","0.344891","32.588214"
"Munaku workshop","0.329961","32.552878"
"Shantalo  Fashions","0.34626","32.59084"
"Alham Dulilah furniture matt.","0.329538","32.550754"
"Go-1","0.329339","32.549706"
"Seme Benji Tailering workshop","3.222532","31.332072"
"Peter lodoru","3.22008","31.328453"
"Benard Mark grinding mill.","3.227627","31.280018"
"\nBida Lawrence workshop.","3.227252","31.280818"
"God's will tailoring group","3.227477","31.279097"
"Sam tailoring workshop.","3.202533","31.275015"
"Martin Bida carpentry.","3.202223","31.273682"
"Loketa group.","3.20278","31.274143"
"Kenyi's Grinding mill","3.201452","31.272186"
"Towongo's grinding mill","3.207527","31.275445"
"Emma's carpentry and joinery workshop","3.228995","31.282058"
"Kojo tailoring shop","3.228217","31.282333"
"Work with  wealth metal fabrication","0.282198","32.603007"
"Voice Arm Uganda","0.346704","32.586528"
"Chusa Creative Arts 256","0.347155","32.586237"
"BK Metal Works","0.377683","32.55326"
"Simons house of fashion and design and tailoring","3.20857","31.275055"
"Marcy Liquidsoaps producers","3.21833","31.248946"
"Yasin Metal Works","0.370441","32.552809"
"Hussein Workshop","0.369669","32.553561"
"Child voice","3.210702","31.275216"
"Child voice liquid soap maker's","3.210692","31.275163"
"SMS Metal Workshop","0.334481","32.632187"
"Muhanguzi and sons furniture  workshop","0.276277","32.603857"
"Betty Adare Tailering workshop","3.218448","31.328865"
"Ghetto Research Lab","0.347881","32.585163"
"Engineering Metal Work Shop","0.33746","32.634127"
"Save metal fabrication limited","0.36252","32.607252"
"Central fabricators and plumbers(SMC) Limited","0.363412","32.606497"
"Kitandwe metal fabrication","0.37765","32.609745"
"Step by step wood workshop","0.374756","32.605956"
"Tidy Hospital Equipments","0.384822","32.554816"
"Kisakye Fashion House","0.391153","32.550401"
"Excellent Tent Manufacturers and Metal Fabricators","0.389812","32.551397"
"Maganjo Technical Services","0.39007","32.551082"
"James babu","3.244839","31.276537"
"Bosco Liquid soap makers","3.260566","31.275901"
"Star Group","3.260146","31.275459"
"Mana Tom carpentry workshop","3.250625","31.276517"
"Kobe James metal works","0.26256","32.598767"
"DK Stainless Steel works","0.262193","32.599198"
"Moses Mokili","3.24362","31.272802"
"Peace Africa","3.243409","31.272614"
"Ken's Group","3.243718","31.273718"
"Asia's Group","3.244229","31.273646"
"Samuel Taban","3.249443","31.280032"
"Beautrice Sunday tailoring workshop.","3.251397","31.264268"
"Ngun kiyi.","3.250093","31.26712"
"Kinene Abdul metal works","0.372332","32.605729"
"Reida tailoring business","3.25972","31.262657"
"Waiwai's workshop.","3.259284","31.271608"
"Samuel chadiga","3.246408","31.272157"
"John woru","3.250103","31.272945"
"Sakatawa steel works","0.26104","32.60036"
"Mary umi Tailering workshop","3.25128","31.275637"
"Emma's grinding mill","3.25902","31.261805"
"Rufas sebit grinding mill.","3.248448","31.265521"
"John's grinding mill","3.256993","31.262745"
"Abugo Charles","3.247857","31.271712"
"B.DAVID WORKSHOP","0.37085","32.602477"
"Faz investments limited","0.372065","32.602181"
"Recent company ltd","0.268315","32.58906"
"Escon contractor","0.268415","32.589057"
"Welding workshop","0.327478","32.545448"
"Bunakasawo Welding Workshop","0.388089","32.552842"
"Mandela Metal Works","0.386084","32.553898"
"Meddie Tank Metal Workshop","0.368215","32.559316"
"SDK quality metal works","0.266252","32.593273"
"SR remas metal and aluminum works","0.326218","32.542528"
"JK furniture workshop","0.25967","32.601893"
"Simon Duku carpentry workshop","3.249632","31.278968"
"Medum workshop","0.297363","32.586725"
"Gukiina furniture","0.332112","32.561221"
"Kitooke Metal Works","0.355019","32.555166"
"Florence Liquid Soap","0.354424","32.555707"
"Malish sabero carpenter","3.265003","31.282192"
"Matthew doruge liquid soap group","3.264993","31.282175"
"Blessing liquid soap group maker's","3.264933","31.302372"
"Pita's liquid soap","3.26507","31.305783"
"Osman Taban","3.265877","31.287919"
"Prayer Never fail work shop","3.267635","31.280967"
"Arusu grinding mill","3.266403","31.301658"
"Clement Loboko","3.267003","31.30093"
"Billy's Traling Group","3.264475","31.29001"
"Bida Robert","3.264504","31.29004"
"Superior Tech and fabrication","0.288215","32.608077"
"Ngun Kata workshop.","3.26365","31.306731"
"Abtex Engineering and Construction Company","0.309297","32.564171"
"Kyemba Andrew quality furniture","0.384889","32.593692"
"Filleze fabrications","0.385131","32.593512"
"Joseph soro grinding mill","3.262722","31.28661"
"Luate's grinding mill","3.264598","31.30482"
"Salaam tailoring group","3.264202","31.305277"
"God's mercy","3.260922","31.277345"
"\nKamala","3.261798","31.277421"
"Moses mawa grinding mill.","3.267601","31.290868"
"Ayiki women's center","3.258318","31.285755"
"Village 7 tank 21 welding workshop","3.264393","31.309278"
"Hope Liquidsoap Group","3.263205","31.292123"
"Mary Dawa","3.263021","31.292098"
"Workshop Group Association","0.30916","32.565332"
"Ssenogonga Furniture","0.308611","32.565369"
"Zenop Metal fabrication","0.267293","32.592355"
"BBC Furniture and Metal fabrication","0.29203","32.573597"
"KRYSTAL ICE","0.299227","32.649044"
"Arce Engineering Works","0.312391","32.609904"
"Wani Benet carpentry workshop","3.268338","31.300538"
"Nicolas Mawa","3.268728","31.299754"
"Hardwood furniture","0.388502","32.593069"
"Balaka metal works","0.387745","32.593148"
"Engineering Furniture Work Shop","0.301375","32.646289"
"Katongole Metal Works","0.362683","32.555334"
"St.Peter and Paul quality furniture makers","0.394369","32.593391"
"Freedom Metal Works and Fabricators","0.359162","32.556214"
"Erias Metal Workshop","0.358856","32.55634"
"Musali General Business Enterprise","0.303357","32.646289"
"Olive Fashion Designers","0.363834","32.555153"
"Kasaka home furniture","0.285278","32.581667"
"Angels Secret","0.306099","32.564651"
"Wada woods","0.313155","32.60931"
"Bk 2 metal fabrication","0.379388","32.598473"
"Almustapha Metal workshop","0.356557","32.556558"
"X- eRA","0.35011","32.618807"
"EJ Workshop","0.37951","32.57708"
"Luna Trust  Metal Fabricators","0.358413","32.573614"
"Classic shoemakers and repairs","0.377485","32.576752"
"Grace fashions","0.338463","32.544035"
"Susan's Liquidsoap Group","3.266257","31.274519"
"Roland and son wielding","3.266722","31.278204"
"Eliba boga","3.271562","31.300956"
"Sheila's Trailing Group","3.268534","31.27559"
"Water user committee liquid soap group","3.267458","31.278927"
"Zone one village two liquid soap group","3.26749","31.278925"
"Jesus is the Key Metal Welding and Fabrication Company Limited","0.333879","32.634634"
"Rapid Metal WorkShop","0.333879","32.634634"
"P and F trading centre","3.268688","31.29577"
"Innocent group grinding mill","3.272085","31.285702"
"God with us  soap maker's","3.272194","31.286163"
"Blessing fashion","3.276847","31.288085"
"AB funiture","0.281936","32.593855"
"Naminha David and Sons Metal Workshop","0.328867","32.635267"
"Mask steel works","0.28428","32.590057"
"Galimufe development group Metal works","0.283998","32.590561"
"United brothers tailoring","3.269288","31.282773"
"Blue life","3.267758","31.294293"
"Quest Metal fabricators","0.285917","32.58783"
"New revival metal works","0.397273","32.598423"
"God' s mercy furniture centre","0.397271","32.59829"
"Maria and sons","0.338535","32.542713"
"Alpha metal works","0.375353","32.576233"
"CS workshop","0.287092","32.586239"
"John metal fabrication","0.305824","32.57002"
"Masaka Domestic Small Industry","0.306077","32.569932"
"Sseramba General Entreprises Limited","0.304822","32.570146"
"Mbabazi Jim","0.304799","32.569539"
"Mbunda Company of Natural Products","0.31091","32.567104"
"SG welding workshop","0.303508","32.571362"
"Neaten Detergents","0.326191","32.546207"
"Jinja blacksmith","0.425277","33.213407"
"Nkwantirako work shop","0.304322","32.653706"
"Agro Machinery and Engineering Company Limited","0.304321","32.654059"
"TAJ Engineering Workshop","23.829924","90.353474"
"Twezimbe WorkShop","0.311246","32.656884"
"Butabika Professional Shoe Makers","0.308282","32.650535"
"Afaayo Cleaning Detergent","0.307549","32.651587"
"JOFINE INVESTMENT (CARPENTRY)","0.311261","32.652647"
"SD metal fabrication","0.269345","32.612728"
"Noble rock fabrication","0.26935","32.612757"
"Isaac Metal workshop","0.259607","32.618043"
"ML Metal Workshop","0.313997","32.649468"
"Salongo metal workshop","0.287683","32.626155"
"Mazima nabwenkanya metal works","0.267743","32.614797"
"Bethel solar Metal works","0.266108","32.615135"
"Forest art and fabrication","0.264655","32.616023"
"Clara ventures limited","0.368365","32.623013"
"Kakira sugar ltd","0.507624","33.289663"
"The innovation village Jinja","0.423969","33.206846"
"Deroom furniture","0.368021","32.670749"
"Praise executive Furniture","0.368017","32.670933"
"Twezimbe mental fabrication","0.369463","32.673426"
"Superior wood works","0.374736","32.674861"
"Nile Technical Services","0.374955","32.674827"
"Green world investments","0.37778","32.673707"
"Lydia Murungi fashions","0.365508","32.613292"
"Peter Remo","3.18619","31.21647"
"Baguntu","3.186625","31.216963"
"Besmark Sebit","3.195117","31.231486"
"Santos mambo","3.198915","31.234727"
"Peter yagutu grinding Mill","3.187387","31.222333"
"Masela's workshop","3.183123","31.197578"
"Joka's grinding mill.","3.171207","31.168164"
"Aloro Clement grinding mill","3.171503","31.169368"
"Tumore jojo","3.197006","31.231913"
"Saida workcentre","3.196277","31.231346"
"Unity group grinding mill","3.19242","31.206753"
"Good friend tailoring duka","3.192387","31.206647"
"Paul Landemas workshop.","3.172928","31.170042"
"Peace group","3.193204","31.227312"
"Grace groly","3.193251","31.227431"
"Ngongi ko yupet liquid soap group","3.1706","31.16657"
"Israel Lagu carpentry workshop","3.17408","31.16506"
"Edward's workshop","3.180502","31.19249"
"Towuma na seme grinding mill","3.181042","31.193082"
"Cilina tumalu","3.189465","31.224678"
"John grinding","3.185961","31.214254"
"Joseph Tubura","3.187381","31.218721"
"Sekabbo wood works","0.345137","32.576084"
"Ayub furnisher","0.362941","32.575263"
"Canaan Work Shops LTD","0.363457","32.575003"
"Basokakwavula metal workshop","0.287213","32.596717"
"Akwata Empola Metal works","0.283648","32.597595"
"Tembo's couture","0.284887","32.597127"
"Mukupya and sons carpentry workshop","0.367416","32.575887"
"Youth welding and fabrication center","0.34648","32.571897"
"Ssebyala and Sons G-nuts Milling","0.350967","32.572131"
"Alibrab Designers","0.35045","32.572418"
"Mohan's Honey","0.354684","32.568619"
"Tapp Tumaini Aids Prevention Program","0.323571","32.553519"
"Sitima joice","3.175522","31.186117"
"Loketa grinding machine.","3.195479","31.186918"
"God's my witness tailoring group.","3.193699","31.181894"
"God is there","3.182813","31.182307"
"Marcy group","3.182569","31.18389"
"Ngobi metal works","0.296838","32.592567"
"Peace tailoring group.","3.184959","31.182766"
"Masada furniture workshop","0.302973","32.587213"
"Taban workshop","3.180396","31.180291"
"Tinate tailoring group.","3.171741","31.185775"
"God is great grinding machine.","3.189022","31.182331"
"Morikimgu","3.184278","31.180352"
"Reduce poverty","3.184121","31.180333"
"Malish James carpentry","3.17258","31.18657"
"Richard Taban fashions","3.172858","31.187037"
"Ssebanakita's Workshop","0.301827","32.651121"
"MANGA ENGINEERING WORKS","0.30185","32.651005"
"Emmanuel Baraka","3.174245","31.18805"
"John waru","3.181665","31.182759"
"Kesu mugu","3.181128","31.182216"
"God's will Metal Workshop","0.305239","32.652069"
"Nytil Southern Range Nyanza Ltd","0.436477","33.186343"
"Ashanti liquid soap group","3.178468","31.19007"
"Amavis Fashions","0.327125","32.56649"
"Kavuma and Sons Metal Workshop","0.306553","32.653902"
"Dalvina sewing and fashion designers","0.327022","32.550745"
"Amazing grace mills","0.364936","32.611225"
"B2S fabricators","0.300366","32.557265"
"Kat's clothing's Uganda limited","0.295075","32.552783"
"Keji Novia group","3.18906","31.162313"
"Edward Lomude grinding mill","3.188977","31.162643"
"Mamun Shop","23.179316","91.988153"
"Joynal Shop","23.179316","91.988153"
"Modina Traders","23.179316","91.988153"
"Parul grill works","23.179316","91.988153"
"Porshi Engineering works","23.179316","91.988153"
"Souda Motors","23.179316","91.988153"
"Ukhiya Model Engineering","23.179316","91.988153"
"Masud Engineering","23.179316","91.988153"
"Noyon Engineering workshop (নয়ন ইঞ্জিনিয়ারিং ওয়ার্কশপ)","23.179316","91.988153"
"AM steel and glass works","23.179316","91.988153"
"Shahed Thai Aluminium and SR Steel corner","23.179316","91.988153"
"Mocca Sanitary (মক্কা স্যানিটারি)","23.179316","91.988153"
"SS design steel","23.179316","91.988153"
"SR Super steel","23.179316","91.988153"
"Digital steel","23.179316","91.988153"
"Design engineering","23.179316","91.988153"
"Misuk engineering grill workshop","23.179316","91.988153"
"M/S New court Bazar builders","23.179316","91.988153"
"Volanath Workshop (ভোলানাথ ওয়ার্কশপ)","23.179316","91.988153"
"Moulavi Workshop","23.179316","91.988153"
"Bismillah Trading","23.179316","91.988153"
"Orizit steel king","23.179316","91.988153"
"Mridul Machinery (মৃদুল মেশিনারি)","23.179316","91.988153"
"Marie stitches","0.363664","32.61052"
"N2 Metal Works","0.342637","32.576701"
"Kansanga Metal work","0.291852","32.605588"
"Lwanaka Youth Engineering Works","0.323903","32.571089"
"Francis amba","3.192278","31.163157"
"Victoria Sunday","3.192278","31.163212"
"Moro Moses carpentry","3.189489","31.169769"
"WEB SHOES","0.319975","32.638516"
"Charles grinding machine.","3.192679","31.169516"
"Federicous workshop","3.178428","31.181852"
"Tabu Mary Samson omugo technical school 4 tailoring","3.19206","31.170297"
"AK and Bros enterprise.","3.193397","31.164903"
"Yesu ku nan","3.191157","31.170958"
"AA classic fashion designers","0.290686","32.605687"
"Earthly Energy Designs Limited","0.376935","32.672885"
"Aim at metal for universal joinery and art design(AMUJA)","0.358539","32.607865"
"United Reformed Persons Association Carpentry and Joinery Project(UREPA)","0.307337","32.641345"
"COD Fabrication","0.367886","32.666069"
"Petasim Enterprises","0.367794","32.665945"
"Industrial Area Kagugube Book Making Group","0.324711","32.57193"
"Bamukisa Kivulu Development Group","0.325109","32.571575"
"Tenywa and Sons Metal Workshop and Fabrication","0.308108","32.633221"
"Kojja Adam Welding Center","0.341496","32.57644"
"Ssebaza Youth Development Initiative Limited","0.305503","32.642683"
"Trinity Beauty Furniture","0.316149","32.636162"
"Trust Worthy Metal Fabrication","0.344635","32.576953"
"Hard workers tailoring center","3.19311","31.16624"
"Edward Lomude","3.186203","31.175311"
"Beauty Fixers Uganda","0.330565","32.573473"
"No name yet","0.355218","32.597293"
"Isaac luwate","3.129156","31.226172"
"Manneell Maneno","3.119917","31.222357"
"Reponi workshops","3.119542","31.2228"
"Malish grinding mill","3.126721","31.224262"
"Mbuya Steel Works Limited","0.321269","32.635394"
"Agape youth association.","3.155803","31.195982"
"All in One furniture metal and wood works","0.349064","32.593705"
"Robert Lujang carpentry","3.112638","31.185599"
"Godwill Granding mill","3.166307","31.217731"
"Biogenics limited","0.375186","32.602545"
"Ddamulira SK Metal Workshop.","0.320068","32.634856"
"Isaac grinding","3.118791","31.217062"
"Gabriel Maliya","3.123095","31.223031"
"Bara and sons grinding machine.","3.15415","31.192092"
"Janel products limited","0.367738","32.6486"
"TNJ Pearl Uganda","0.367683","32.648577"
"Bukesa Community Association","0.319706","32.56477"
"Eco Breath","0.319755","32.564805"
"Slow but sure liquid soap group","3.111031","31.184223"
"David Malish liquid soap","3.110961","31.181385"
"Florence leyo","3.140478","31.235182"
"Uganda Industrial Research Institute","0.336848","32.625799"
"Good lyfe furniture workshop","0.355824","32.598581"
"Smart Metal fabricators","0.356296","32.598435"
"God mercy  Group","3.093091","31.277356"
"James  ceaser","3.093731","31.277976"
"Advanced metal works","0.282148","32.611317"
"Agnes grinding mill","3.156057","31.20088"
"Charles Lado","3.121849","31.222486"
"Tore teili fashions","3.15403","31.19874"
"Balikyewunya wood Master","0.284918","32.608608"
"Mona group","0.284372","32.60866"
"You and I foundation","0.35256","32.58645"
"Devine Blessing Metal works and property agent","0.364887","32.648775"
"Not named","0.350219","32.594104"
"JB furniture","0.348073","32.597998"
"Henry best wood furniture","0.357627","32.598588"
"NIRA outdoor furniture","0.360407","32.598559"
"SL  good metal works","0.360379","32.598493"
"Remo's grinding mill","3.154415","31.19987"
"Grazing Hope Childrens Intiative","0.324306","32.562213"
"Good life Metal","0.283175","32.611445"
"Wood Specialists and Furniture","0.318515","32.633221"
"NMubiru metal works","0.293287","32.570902"
"Biko furniture","0.347117","32.596378"
"Erimu Co ltd","0.283355","32.6131"
"Samuel leta","3.119937","31.22139"
"Plexus","0.358285","32.586887"
"Goli kone mugo","3.16868","31.220243"
"Zenji enterprises","0.287755","32.606994"
"Gole Ku mungu/ wuti ŋerot","3.155992","31.202355"
"Kitunzi Technical Services","0.32276","32.636205"
"AGABA SHOE MAKER","0.312933","32.63572"
"Extreme Furniture","0.32569","32.636753"
"Welding and Metal Fabrication","0.3218","32.640155"
"VITLAB hand sanitizer","0.320513","32.57385"
"Genesis women group.","3.125283","31.16136"
"Consulate Tailoring workshop","0.280029","32.546949"
"Jose best workshop","0.28","32.546931"
"Betty's workshop.","3.115254","31.174464"
"Gabriel grinding machine.","3.115287","31.17439"
"Elias yakani","3.121858","31.159246"
"Women Group","3.121617","31.159065"
"Hope women group","3.113496","31.178822"
"Ofua women  Trailing Group","3.113809","31.178999"
"Learned to achieve group","3.127971","31.167672"
"Savita work center","3.12876","31.167794"
"Denis Latio","3.131807","31.163502"
"Ngun Kata liquid soap group","3.131664","31.163896"
"Project two five","3.129984","31.1619"
"Vivian & viola","3.120893","31.163142"
"Anthony Baba","3.118959","31.176129"
"Namuko Furniture & Aluminum co.","0.314407","32.607067"
"Modino Furniture","0.31461","32.606748"
"Natural Stones Products","0.363306","32.62387"
"Deeds universal workshop","0.363292","32.624059"
"Rose Dawa Lino","3.132489","31.161304"
"Salama importants","3.125495","31.166521"
"God gives","3.124747","31.163022"
"Flora yale","3.123745","31.16749"
"MW Engineering services","0.3668","32.624735"
"Alpha and Hero's workshop","0.262102","32.625458"
"Victory manon","3.124188","31.166175"
"Ngenda Maaso Graphics Designing","0.310645","32.575929"
"Faisaq Investments Limited","0.310533","32.575858"
"Woja and Wani workshops","3.11905","31.179795"
"Mary's liquid soap center","3.121847","31.163591"
"Mukisa Mpeewo Tailors Association","0.311729","32.578045"
"Nagwero Furnisher Mart","0.340785","32.57128"
"Uganda Oxygen Limited","0.31578","32.604973"
"Smartex designer","0.277088","32.546899"
"Tandaza Furnisher workshop","0.339749","32.571722"
"Cheap and good metal works","0.362022","32.622483"
"Metallic Art","0.26952","32.619223"
"Giant fabrication","0.278203","32.547222"
"Mbogo metal works","0.258493","32.627548"
"Technical group","0.26794","32.621909"
"Balemeezi Furniture works","0.342483","32.570575"
"Extreme Metal Fabricators","0.273152","32.61714"
"Taleta zain","3.124998","31.167337"
"Capital metal fabricators","0.374187","32.62471"
"Twin Art & Metal","0.266007","32.626887"
"Mirembe Classic Furnisher","0.348143","32.563859"
"Gabby general timber store","0.255285","32.631097"
"God bless Liquidsoaps producers","3.129395","31.16581"
"TASDAK TOGETHER FOR A DIFFERENCE SKILLS DEVELOPMENT ASSOCIATION","0.31522","32.641319"
"Segu furniture and General Construction","0.310083","32.63534"
"Mutindo Liquid Soap.","0.320672","32.648534"
"United Wood WorkShop Bugolobi.","0.318024","32.62447"
"Nsenene Metal works","0.321393","32.558873"
"Rose payida","3.091215","31.405725"
"Tabu and wizly workshops","3.09124","31.405727"
"J&S Creativity","0.310495","32.603718"
"Wanyangi 3 bar soap group","3.101321","31.356567"
"Hope soap makers","3.099075","31.343287"
"Tika tailoring group.","3.100497","31.399107"
"God's blessings carpentery and joinery","3.102502","31.350732"
"Wanyange c tailoring group.","3.104594","31.35675"
"Yang/ k Timber  workshop","0.310148","32.602098"
"Magezi metal works","0.308167","32.60992"
"Care grinding mill","3.103848","31.355769"
"overland International","0.304052","32.612776"
"Joseph Moro workshops","3.092318","31.405333"
"Women peace tailering group","3.106087","31.391361"
"No sweat No sweet","3.099265","31.399328"
"Quality improve Mila's group","3.098955","31.399107"
"NRC tailering group","3.099381","31.346234"
"CHAL Investment","0.303562","32.601405"
"Gnota betiwel","3.131922","31.345062"
"Jimmy soromogi griding","3.132765","31.346598"
"Wanyange grinding machine.","3.10268","31.349611"
"Top steel fabricators","0.331862","32.605979"
"Eron collections","0.314111","32.557148"
"Harry 400 steel fabrication","0.30936","32.609457"
"Sofa king","0.310075","32.609563"
"Masha metal engineering company","0.318471","32.557565"
"Both steel fabrication works","0.305578","32.601353"
"SENA INDO UGANDA LIMITED","0.319483","32.611593"
"Miburu Bamutange company limited","0.33578","32.609558"
"Wolf finance ltd","0.30504","32.611863"
"Simon maje","3.130272","31.34817"
"KY furnitures.","0.332847","32.553314"
"Assy fashions.","0.332573","32.553733"
"Cornerstone Diaries","0.333335","32.624799"
"Tom workshops","3.136529","31.305932"
"Community savers group","3.136513","31.306303"
"Titu engineering workshop","21.241982","92.147569"
"God's grace tailoring group.","3.122978","31.264361"
"Sebit grinding machine.","3.121433","31.265373"
"Siasa Julius fashions","3.169423","31.351556"
"Jos's Liquidsoaps producers","3.171708","31.359428"
"Yakani's grinding machine.","3.123368","31.267087"
"Meta John","3.137402","31.301113"
"Adolenance group","3.137092","31.301414"
"Women soap making group","3.170007","31.360157"
"Faith liquid soap group","3.134874","31.307801"
"Amani liquid soap group","3.136911","31.26245"
"Dia meresi tailering gruop","3.13813","31.263886"
"Lo kiden wealth foundation","3.127903","31.277252"
"United liquid soap maker's","3.127382","31.276978"
"Susan and Betty workshop","3.172127","31.34924"
"Lolita workshops","3.08103","31.283545"
"Lokudo workshop","3.172343","31.352148"
"Salama's liquid soap makers","3.172916","31.351108"
"Yahweh tailoring group.","3.124788","31.264496"
"God's will grinding machine.","3.124329","31.264124"
"Manday's struggle group","3.171643","31.350639"
"Youth Group","3.170625","31.358596"
"Ariwa women group","3.13345","31.301103"
"Art cau","3.162861","31.273963"
"ART CAU training center","3.162803","31.27397"
"Malaika Honey","0.347553","32.574206"
"Joekim Designers","0.344541","32.573495"
"Alur yeda","3.163548","31.274832"
"Seme Wani workshops","3.163137","31.276057"
"Deniyo Moses","3.164657","31.277105"
"Janet's workshops","3.163826","31.273923"
"Liberty tailoring group","3.180748","31.279522"
"Monday workshop","3.179875","31.279506"
"Investers liquid soap group","3.180942","31.281737"
"Salam liquidsoap maker","3.17823","31.281257"
"Eat your work","3.178042","31.281022"
"Maritin Adam","3.165132","31.274821"
"Women","3.180052","31.280997"
"Salam","3.179538","31.281242"
"Keridaku liquid soap markers","3.173905","31.331798"
"Keridaku women's center","3.17424","31.33212"
"Mbiri fabrication works","0.302755","32.615291"
"Duku Alex Carpentry","3.179364","31.28221"
"Trust furniture.","0.330629","32.557297"
"Layisi general workshop namungoona.","0.334188","32.549266"
"Panel fabrication","0.309993","32.610788"
"JJ steel masters","0.326901","32.637203"
"Easy way stores","0.330978","32.614981"
"Rays wielding and fabricate.","0.330045","32.613912"
"BM metal fabrication","0.337278","32.547574"
"Atomie Sanitizers","0.334669","32.558921"
"Kasirye furniture.","0.343004","32.544014"
"BL hospital equipments","0.343207","32.543763"
"Steel fabricators interior designer","0.304112","32.522203"
"Cubic3D","-1.097782","37.021894"
"Anguyo Robert","3.104271","31.244962"
"Charles malish","3.098468","31.28839"
"Lawrence's carpentry and joinery workshop","3.060707","31.321272"
"Maggi grinding  mill","3.081096","31.284506"
"Nyabang Geik","3.083041","31.285038"
"Emmanuel Lasuba","3.106596","31.245654"
"Eden 6 youth association group","3.06559","31.313779"
"Women ambassador for peace working at grassroot","3.065625","31.314134"
"Majuin tailoring group","3.079913","31.284215"
"Cicilia dudo","3.097703","31.300128"
"Kasule Eddy","0.311598","32.574585"
"ACN Tailors","0.311534","32.574614"
"Mami aseri ireen","3.081454","31.285442"
"Kir campany","3.081802","31.28545"
"Viola and tabu fashion","3.09958","31.287882"
"Aban Rasid","3.105949","31.244011"
"Williams carpentery","3.053862","31.310747"
"Kapurni workshops","3.084282","31.289503"
"Moses Latiyu","3.099918","31.299508"
"Smart worker","3.100473","31.299508"
"Bright maker's liquid soap's","3.061738","31.326463"
"Alfred Morgan","3.0586","31.317038"
"Mike mawa grinding machine","3.077355","31.283639"
"Karolos Engineering","0.31408","32.604999"
"Amam construction","0.31434","32.603887"
"Collins workshop","3.065001","31.311576"
"Eden four Liquid soap maker's group","3.05503","31.310218"
"Nickson's liquid soaps center","3.054248","31.309777"
"Riek  workshop","3.11046","31.297148"
"Harreya Apotu","3.099032","31.298737"
"Fredma Tailors","0.310217","32.573323"
"Ugalluminium enterprises","0.312603","32.607036"
"Riek kong workshop.","3.078324","31.283817"
"Arambe","3.062442","31.327182"
"Busimila Tailors","0.310875","32.570968"
"SSD Enterprise","0.31461","32.602736"
"Royal fashion designers","0.308295","32.516015"
"Ndawula and sons","0.308267","32.516141"
"Mult home furniture","0.314545","32.599042"
"Uganda sweaters Co. Limited","0.339277","32.586616"
"Mbale investment and grain millers","0.296508","32.532764"
"Never give up  liquid soap group","3.094582","31.278518"
"Jamal's grinding mill","3.090124","31.275961"
"Khemis moses\n","3.091789","31.276743"
"Ocea block1 carpenter group","3.091165","31.276635"
"Sonko Metal crafts limited","0.246062","32.62808"
"Walkies Metal fabricators","0.24418","32.615598"
"My Springs Fashion","0.242522","32.617673"
"Lona keji","3.090664","31.277474"
"Mpeewo tailors","0.299323","32.533336"
"Joy vocational training institute","0.30101","32.533525"
"Impact woods","0.251623","32.607479"
"chibataka's Fashion","0.251232","32.626415"
"Cheap Plastic Company Kawempe","0.369861","32.558859"
"Shanan metal fabricators","0.246538","32.613641"
"Bbukimera Grain Millers","0.307769","32.571429"
"KMK/KM and Sons Mixed Millers","0.307818","32.57123"
"Kisenyi Gram Salers","0.306817","32.571197"
"Micheal Jubon","3.096349","31.279582"
"Skin Doctor","0.352701","32.560159"
"M S METAL GALLARY","23.8223","90.3465"
"Monowara Medical Engineering Co.","23.82828","90.360723"
"George Eriku Grinding Machine","3.726615","31.781001"
"Padiga North Youth Grinding Mill","3.726617","31.78094"
"Kuleni Youth Grinding Machine","3.689204","31.7781"
"Christine Dropia Tailoring Workshop","3.68799","31.789152"
"Albert Andruvu Furniture Workshop","3.687381","31.789241"
"George Grinding Mill","3.701038","31.785711"
"Mother Mary Grinding Machine","3.701917","31.768294"
"Gabriel Amanzuru Grinding Mill","3.689035","31.788966"
"Justo Okpo Grinding Machine","3.653189","31.762896"
"Asusi Denis","3.668374","31.789821"
"Robert Tesure Grinding Machine","3.668537","31.78982"
"Rie Agro Millers","3.652339","31.760059"
"Guma Dominic","3.669318","31.785236"
"Paul Oja Metal Fabrication","3.668816","31.785722"
"Amatura Youth Group Grinding Mill","3.495217","31.670424"
"Amalu Grinding Machine","3.494733","31.6706"
"Sure Dealers General Workshop","3.472352","31.635603"
"Triple B","3.471988","31.635257"
"Jamal Akuku Grinding Mill","3.494033","31.669927"
"Badrara Safi and Brothers Workshop","3.492443","31.669232"
"Chandiga Grinding Machine","3.24264","31.548349"
"Amavule Savings Group","3.405566","31.604784"
"Timundi Farm Group Rice Huller","3.378807","31.563832"
"Gametalemeri Farm Group Grinding Mill","3.37876","31.564146"
"Aziku Rasul Furniture Workshop","3.403603","31.613211"
"Alemi Rashid Grinding Machine","3.239628","31.551686"
"Adiga Hakim Carpentry Workshop","3.240318","31.551868"
"Rogers and Sons Enterprise","3.240506","31.552779"
"Obongi Town Metal Fabrication","3.237958","31.553755"
"Anika Savings Group Angaliacini","3.393258","31.625592"
"Aliowaku Grinding Mill","3.213373","31.540265"
"Aliba Bito Boat Building & Carpentry Group","3.178399","31.514609"
"Amega Grinding Machine","3.177908","31.51668"
"Leki and Sons Furniture","3.240245","31.554592"
"Manas Metal Fabrication","3.239893","31.554168"
"Ijotre Dino Millers","3.179532","31.513888"
"Haruna Rashid Grinding Machine","3.236364","31.548811"
"Lemeri Waku Women Group","3.207647","31.534268"
"Palong Steel","21.275732","92.105084"
"Srabonti Engineering workshop (শ্রাবন্তী ইঞ্জিনিয়ারিং ওয়ার্কশপ)","21.275832","92.105509"
"Olok furniture","21.242176","92.143105"
"Md Yousuf Sanitary","21.249284","92.132768"
"Al Medina steel point","21.248911","92.13288"
"Ismail Leku Millers","3.245116","31.539323"
"Sebi Mohammad Grinding Machine","3.252503","31.498987"
"Maa sanitary store","21.314049","92.0957"
"Abdur Rahman sanitarty mart","21.313119","92.095869"
"Alvi SS Galary and Thai Aluminium","21.246598","92.136237"
"BN Engineering Workshop","21.247345","92.13506"
"Fancy's tailoring centre wand","3.100328","30.977362"
"Siraji welding and metal fabrication workshop","3.1006","30.977605"
"Opi hardware and electrics","21.31185","92.097087"
"Gaudennzios Metal and Fabrication","3.560201","31.821289"
"Jaja and Sons Fabrication","3.56026","31.82104"
"Mundruomapke Grinding Machine II","3.68077","31.7074"
"Abas Murujani Grinding Mill","3.689767","31.690804"
"Akule and Sons","3.56049","31.825394"
"Nyerere Julius and Sons Enterprise","3.564406","31.923762"
"Karodi and Sons","3.633498","31.794799"
"Joseph's Enterprises","3.663882","31.711038"
"Hasan Ramandan Millers","3.689048","31.6916"
"Haruna Khemis Grinding Machine","3.687832","31.691855"
"Mundugo Grinding Machine","3.68827","31.692169"
"St. John carpentry workshop","3.266382","31.056123"
"Amoko Geoffrey Investment","3.67339","31.712058"
"Anyama John Grinding Machine","3.674192","31.711488"
"Wilson Investment","3.685624","31.698851"
"Nyadru Stephen Grinding Machine","3.56607","31.90751"
"Anyasa Francis Millers","3.564464","31.922505"
"Orlando and Son Metal Fabrication work shop","3.024374","30.911228"
"Inyani Kenis Millers","3.672422","31.712963"
"Dramoyo Enterprise","3.559708","31.840519"
"Mundtuomapke Grinding Machine","3.684223","31.702233"
"Mike and Brothers Millers","3.558737","31.837366"
"Ogoro and Sons Enterprise","3.559212","31.836295"
"Pascal Lindriga and Sons","3.57653","31.829157"
"OTAAS training centre Edrayo","3.137873","31.085195"
"Drapari's tailoring centre","3.137227","31.085175"
"Amazon Millers","3.583397","31.558143"
"Amazon Carpentry","3.58337","31.55824"
"Mokosa Grinding Machine","3.585234","31.553146"
"Mansur Grinding Mill","3.585666","31.553711"
"Afia Focus Youth Group Ombaci","3.423067","30.971285"
"Ngun kata metal fabrication works","3.422478","30.970206"
"Super Qulity Funiture Ombachi","3.422303","30.969642"
"Mu Lolo sofa work","3.421683","30.972574"
"Musa and sons","3.065222","31.085276"
"Andaman and son' maize  mill","3.065195","31.085395"
"Ramandan work shop","3.06749","31.084384"
"Dralobu Setmus Grinding Mill","3.59621","31.544289"
"Boarder view Grianging Mill","3.507145","30.912336"
"Yamiro A Farmers Association","3.429145","31.065502"
"Tairi millers","3.429317","31.065178"
"Jovan and family maize grinding mill","3.270908","31.046693"
"Miasi-missi Orange Oraba Town","3.536035","30.887092"
"Wood lover 2","3.503592","30.939548"
"Masaloa East Grinding Mill","3.601824","31.607849"
"Iriku Grinding Mill","3.602255","31.607536"
"Team No Rest Alionzi Youth Carpentry And Joinery Association","3.520252","31.00298"
"Tendele B Value Grinding Mill","3.637972","30.986135"
"Made nyazu work shop tendele","3.638238","30.986661"
"Yuma Grinding Center Keri","3.50474","30.940142"
"Kuluba TOILERING Association","3.505521","30.939725"
"Mada Tailoring center","3.50511","30.938833"
"Kuyi Mori Bongo Grinding mill","3.616079","31.045723"
"Good hope Metal Wirkshop","3.503445","30.941058"
"Manusuru wood works","3.5038","30.94127"
"\nJongulu A group Millers","3.37077","30.981669"
"Ludara Rural Producer organisation","3.559672","31.062168"
"Andamas grinding mill","3.401051","31.037091"
"Christopher's Grinding Mill","3.40103","31.037101"
"Vuciri George Grinding Machine","3.591287","31.594254"
"Manase Grinding Mill","3.390499","31.024615"
"Itipa Grinding Machine","3.5704","31.603133"
"Okudra's Grinding Mill","3.415964","31.024458"
"Kulubu group","3.371036","31.040442"
"Khemis Metal Fabrication","3.584963","31.588643"
"Sauda Grinding Machine","3.585955","31.590352"
"Sakaya's Grinding Mill","3.382436","31.065674"
"Ayikile Rice Hulling Farmers Group","3.381844","31.065474"
"Agoga Grinders","3.589152","31.608123"
"Azizi Grinding Mill","3.369701","31.034512"
"Kassim and Brothers Enterprise","3.58421","31.584931"
"Swaleh Grinding Mill","3.584064","31.585222"
"A & D Metal Fabrication","3.654284","31.719064"
"United Brothers Multipurpose Company Limited","3.654604","31.71975"
"Ayiga Millers","3.595201","31.596028"
"Telemera Grinding group","3.369308","30.983131"
"Easter gamet","3.27398","31.114606"
"Vatiru tailoring and training centre omugo trading centre","3.274342","31.114263"
"Raymond's Integrated Ventures","3.58564","31.586265"
"Sefex Grinding mill","3.411248","31.021126"
"Rashid's Grinding Mill","3.38164","31.066665"
"Nelson Mandela Grinding Mill","3.601046","31.606757"
"Andrew Malu","3.587865","31.612483"
"St John's College SCIENCE andTECHNOLOGY","3.433988","30.989596"
"Wendwoa Vocational Institute Of Welding And Tailoring","3.434515","30.990233"
"Agolemori Carpentry","3.654817","31.726227"
"Kelmak Welding and Fabrication","3.655605","31.726408"
"Ago Olemori Workshop","3.652399","31.727526"
"Moses Carpentry workshop","3.41879","30.963558"
"Ssebaga wook work","3.418696","30.963294"
"One Love Metal Fabrication","3.419477","30.964141"
"Air Light Tailoring","3.655455","31.723017"
"Lindriodeku Carpentry","3.655427","31.723292"
"Lizebeth Investment-SMC Limited","3.65605","31.721325"
"Oxen grinding mill","3.266565","31.053328"
"Patrick Metal Fabrication Workshop","3.648097","31.730749"
"Faridan Metal Fabrication and Furniture Limited","3.646978","31.730918"
"Anzole Izama Memorial-Lopirigo Madi Foundation (AIM-LMF)","3.647138","31.730657"
"Musa Tailoring center","3.4407","31.036375"
"Swaibu Tailoring Center","3.441192","31.035275"
"David wood works","3.417761","30.962315"
"Design - تصميم","33.299675","44.298017"
"Design","33.299675","44.298017"
"ِAtarya for cosmetics","33.296757","44.332474"
"Trust Quality furnitures","3.413177","30.960741"
"YABUS WELDING","3.411189","30.955773"
"KOBOKO YOUTH WOOD WORK SHOP","3.410569","30.957785"
"LAND PRODUCTS METAL WORK SHOP","3.414085","30.959219"
"Gosheen Workshop","3.408502","30.961408"
"Zipe and United Brothers Metal workshop","3.409274","30.961385"
"Onil hardwares","21.308611","92.09892"
"Shofi store","21.308189","92.096686"
"BORIYE TAILORING","3.415783","30.958649"
"Cosmas Metal Fabrication","3.420228","30.965522"
"Life Direction Metal Fabrication","3.422633","30.960475"
"Hasan Wasswa","3.418843","30.96007"
"Jamsky Fabrication","3.420935","30.966445"
"Hasan Kato Metal Workshop","3.399563","30.957975"
"Check Point Workshop","3.421353","30.960428"
"Orombi Metal Fabrication","3.027022","30.906506"
"God's Grace Fabrication","3.027215","30.906783"
"Amori J Technicians","3.018934","30.90852"
"FLAMINIO VOCATIONAL TRAINING CENTRE","3.01216","30.896058"
"Dankos Quality Metal Fabrication & Welding Workshop","3.02094","30.909503"
"OLALI AND METAL FABRICATION WORK","2.77569","31.036136"
"Wua Grinding Machine","2.594972","31.029777"
"Olepi Millers","2.776573","31.03502"
"Jamadri Tailoring","2.888775","31.176333"
"Pajobi Grinding Machine","2.58448","31.051625"
"MUNGU ECONI METAL FABRICATION","2.996167","30.904993"
"Okollo tailoring and garment cutting","2.652742","31.144617"
"Gladys's Tailoring school","2.652412","31.144718"
"God will metal fabrication workshop","2.651162","31.145278"
"Safi 90 United Youth Association","2.997538","30.9127"
"Opini Metal Fabrication","2.997182","30.912979"
"Stella's House of Fashions and Designs","2.987264","30.914016"
"Mokasi Metal and Wood Workshop","2.987223","30.914478"
"Magret Tailoring","2.618777","31.044455"
"BLIMARK Welding Matal Work Fabrication and Work","2.994","30.903409"
"Agnes skills work","2.993951","30.903321"
"Nyakuni and sons enterprise","2.956912","30.916623"
"Emma and bros tailoring","2.957528","30.916542"
"Terico Y2K Welding and Fabrication Limited","2.999539","30.912069"
"Hopes Enterprise","2.618425","31.042304"
"Adraa carpentry work shop","2.618339","31.04217"
"Hometown Metal Fabrication","2.991285","30.913886"
"Alise tailoring work shop","2.8746","30.982802"
"Okuyo Meta Fabrication","2.979247","30.919072"
"Surprise Metal Fabrication","2.973847","30.920428"
"AJ Unit Investment Limited","2.974357","30.920087"
"Oba investment metal fabrication workshop","2.955987","30.91571"
"Hassan Metal Fabrication","2.979655","30.918198"
"Mungufeni and King Solomon Metal Fabrication","2.972642","30.920077"
"Vetflex Investments","2.990372","30.914209"
"ONIA  Tailoring","2.727203","30.935059"
"Bien Enterprise","2.984689","30.915824"
"Bosco's","2.729141","30.936739"
"God is Great  Welding and Metal Fabrication","3.036687","30.890933"
"Olukundra and sons","2.955713","30.916902"
"LTV Metal Fabrication","2.97807","30.918993"
"Dralega And Eria's Family Enterprise","2.946513","30.964072"
"Wadri Alfa","2.753449","30.851635"
"Wadri and sons Tailoring","2.754176","30.851499"
"Ajisia tailoring school","2.907862","30.88201"
"5×5 Aluminium & Construction Co. Limited","2.976728","30.919965"
"Gloria Alese's tailoring  shop","2.891283","30.880828"
"Molly Ayiko making soap business","2.888635","30.87926"
"Piles metal and Fabrication vurra custom","2.888652","30.879342"
"Mosville fashion centre","2.909415","30.8831"
"Prince metal fabrication workshop vurra custom","2.887623","30.879507"
"Enzata work shop","2.701092","30.851068"
"ABELE ORIS AND FAMILY WORK SHOP","2.70051","30.851783"
"Mix And Match","2.946603","30.963034"
"Super Nou Camp Limited","3.01543","30.932214"
"Weah Ways","3.015422","30.932153"
"Kamwokya Tailoring Group","2.915776","31.025347"
"Nesta's tailoring and training centre Odramacaku","3.110213","30.802167"
"Odramacaku welding","3.110315","30.802211"
"Amin Mungu Metal Fabrication and Welding Center","3.014604","30.904974"
"City Design Metal Fabrication","3.015623","30.931128"
"Ayikoru Stella Tailoring","3.018425","31.035918"
"Charles Tiyo Investment","3.018787","31.036073"
"Angu Amani tailoring training skills","3.000165","30.891671"
"AD and Brothers","3.000042","30.891618"
"Youth Livelihood Metal Fabrication","3.012963","30.938755"
"Step by Step welding and metal Fabrication","2.991191","30.88812"
"Jabs Tailoring Investment Limited","3.027254","30.924259"
"Malcolm Ventures","3.026663","30.924966"
"Asianzu Trinita Skills Development","2.989812","30.887822"
"Opebaku Grinding Mill","2.989579","30.887942"
"Odramacaku welding centre","3.10829","30.800872"
"Survivor Metal and Workshop Fabrication","3.00791","30.948252"
"Siraj and Sons Welding Fabrications","3.035619","30.929132"
"Lillian's Tailoring school","3.051429","30.797454"
"God's Power Goes Round Metal Fabrication","3.013528","30.962548"
"Itia Millers Group","3.029897","30.979205"
"Agnes's Tailoring and training centre Odramacku","3.110783","30.805198"
"Letasi Tailoring","3.110678","30.804842"
"Joseph Investment","3.010875","30.958677"
"St. Joseph Chapel Ania Grinding Mill","3.019357","31.046483"
"Siskondo and friends metal fabrication workshop","3.033328","30.913608"
"Secret and fashion design","3.033787","30.91333"
"Oluadri work shop","3.072032","30.939285"
"Ferrial metal fabrication workshop","3.024765","30.90813"
"Gertrude tailoring center","3.01283","30.902703"
"Michu","3.115185","30.864943"
"OTRAA Welding workshop","3.062774","30.933239"
"OTRA ENTERPRISE LIMITED","3.049054","30.943481"
"Afimani grinding Mill","3.048671","30.942776"
"Stress Free Enterprise Skills training","3.014362","30.901359"
"Arua classical metal fabrication workshop","3.026557","30.907927"
"Good Samaritan Tailoring","3.063802","30.939343"
"Good friends work shop","3.07055","30.938994"
"Hassan 's work","3.028982","30.913147"
"Faith metal fabrication workshop","3.031097","30.913317"
"Tongilo Orphans Metal Fabrication","3.031001","30.901678"
"Dancos welding","3.003937","30.911834"
"Royal Star Tumusha Engineering Services","3.029943","30.913246"
"Arua super welding workshop","3.012558","30.909697"
"Berlin conference youth metal fabrics","3.034953","30.91327"
"Okuyo Richard's workshop","3.035273","30.913435"
"Corner curve Grinding mill","3.008463","30.910316"
"Drati Welding WorkShop","3.028097","30.905554"
"Rainbow tailoring centre","3.027562","30.91518"
"Oli  D women and youth group","3.029652","30.91487"
"Amanyio Molly's tailoring cente","3.029993","30.915008"
"Tericco y2k metal fabrication","3.007319","30.911135"
"Getho Welders","3.029676","30.903858"
"Super Blessing Technical Services","3.028711","30.906878"
"Star Welding And Metal Fabrication","3.027924","30.908004"
"Aseru Amina","3.029505","30.910475"
"Shida Sauda Enterprise","3.029454","30.910678"
"Vicky","3.027152","30.90897"
"TK metal fabrication work shop","3.009133","30.911693"
"Chongoloya Tailoring","3.006316","30.91336"
"Younes Soaps","33.643287","42.823834"
"3D World","36.861694","42.98711"
"AlAmeen Manufacturer","36.353461","43.0917"
"Noor Studio","36.36192","43.190901"
"Special Plastic PVC","36.173794","43.933674"
"Kharma Printing","36.154062","43.98717"
"Shadan Printing","36.155855","43.990319"
"Erbil Innovation House","36.211402","43.990439"
"Deltas Manufacturer for Plastic Products","36.142571","43.994492"
"Adil Plastics","36.150833","43.994874"
"Plastic Magic","36.108369","43.995451"
"Bana Group - Bright for Detergents","36.18693","44.003668"
"Baz Plastic","36.137955","44.005561"
"AlWatania for Plastics Industries","32.597813","44.016099"
"Barakat Zamzam Co. for Polyethylene","32.605151","44.027862"
"Hargeisa Plastics","9.594257","44.042358"
"Gamuur","9.59236","44.044284"
"Drop Plastic","36.217972","44.049305"
"Anwar AlShareef Manufacturer","32.572466","44.05056"
"Golis Mineral Water","9.568924","44.064071"
"Royal Foam Factory","9.570362","44.064179"
"Turkish Star Furniture","9.57014","44.064533"
"Medical World Company","36.122261","44.07113"
"Manufacture A","9.521871","44.07291"
"Alkhayraat","9.54791","44.091136"
"Ilo Taango","9.561579","44.112607"
"Hiwa Manufacturer for Plastics","36.199423","44.141227"
"Danial Group","36.336469","44.169678"
"Mustafa AlKhayat","33.300897","44.288499"
"AlBurak Factory","33.375281","44.296746"
"AlSamer for Welding Services","33.29707","44.304949"
"AlKahimah for Plastic Bags","33.262985","44.316185"
"Style Tailor","33.344502","44.316995"
"Hidadet AlNafaq","33.308551","44.319326"
"3D Printing Figurines Company","33.312902","44.329306"
"Dijlah Manufacturer","33.349049","44.334529"
"Soft Touch Soap","33.315592","44.338164"
"Ishtar Handmade Soap","33.317987","44.346278"
"AlKawthar Plastic","33.199274","44.3595"
"Da Vinci","33.065424","44.365455"
"Foad Group for Plastic Products","35.603339","44.368073"
"Haifa Co.","33.346232","44.369661"
"SKT Face shield","33.301698","44.380695"
"AlFurat Iraq Factory","33.46735","44.381392"
"AlIsraa Company","33.472688","44.385144"
"Asad Babel","33.474824","44.385271"
"AlDuha Plastic Factory","33.46806","44.392144"
"3D U Wish","33.342915","44.393029"
"AlAndulus Plasma","33.359638","44.397093"
"Baghdad Plasma","33.35505","44.399153"
"Kemat Asia Co.","33.33163","44.412505"
"Ulameen Cad","33.29953","44.421341"
"ECO LIFE","33.30154","44.436857"
"MKM 3D Printer","33.312914","44.441139"
"IoT Maker","33.308138","44.448925"
"Makers of Baghdad","33.308262","44.449328"
"Al-Dhilal Company","33.305939","44.470096"
"AlBaraka for Plastics Industries","33.269324","44.482801"
"AlMabrook Co. for Limited Plastics Industries","33.269385","44.482903"
"Anwar AlSharqiyah","33.396598","44.49487"
"AlHayat Manufacturer","34.728731","44.593528"
"Zam Zam Food Industry","2.059882","45.265071"
"Al Naciim Miniral Water","2.041256","45.274032"
"Banaadir  Water Company","2.128822","45.290331"
"Alwan Manufacturer","34.628636","45.293031"
"Juba Pure Mineral Water","2.076627","45.298279"
"Daldis Aluminium","2.028434","45.302307"
"Hadiid Industry Group","2.037192","45.302652"
"Somali Plastic Factory","2.038289","45.302954"
"Somtang Factory","2.025764","45.310322"
"Sahha Mineral Water","2.06009","45.315518"
"Jema Miniral Water","2.045543","45.32034"
"Al Musbaax Aluminium","2.034051","45.320736"
"Afi Mineral Water","2.066596","45.324458"
"Tayo Aluminium","2.048436","45.327783"
"Dalsan Mineral Water","2.072243","45.331809"
"Musbaax Mineral Water","2.078733","45.335745"
"Asal  Mineral Water","2.050698","45.340108"
"Som Plastic Industry","2.074402","45.358064"
"AlKhaimah fro Plastics Industries","31.246345","45.364721"
"Warshadda Isbuunyada Al Furqaan","2.100506","45.371162"
"Sulaymaniyah Factory for Soap and Cosmetics","35.557322","45.442704"
"Balad AlRayan","32.497533","45.826837"
"AlBasrah Factory","30.40736","47.769465"
"Forge 3D","30.506839","47.776643"
"3D Factory","30.499391","47.781602"
"Science Camp","30.536904","47.827793"
"Science Camp (the Iraqi maker space)","30.537029","47.828159"
"Jadawel AlFurat (jafcoo)","30.517068","47.842125"
"Nakhil AlBasrah Factory for Food Packaging","30.44255","47.867845"
"FABLAB UPSACLAY","48.712546","2.167348"
"8 Fablab Drôme","44.728198","5.023439"
"A.O.C & Usinette","47.2365","2.62966"
"ACoLab","45.7959","3.07354"
"Atelier Pobot","43.6211","7.04175"
"Brewlab","48.8775","2.59016"
"Chantier Libre","45.9742","4.130899"
"Coglab","48.8684","2.35243"
"OpenLab","48.8423","2.32124"
"EnsadLab","48.8455","2.34945"
"Fablab AIR-Polytech Grenoble","45.1842","5.75423"
"Le Dôme","49.1807","-0.348044"
"FabLab du Dôme à Caen","49.181016","-0.347539"
"Fablab Champagnole","46.7473","5.91117"
"Fablab Lannion KerNEL","48.7316","-3.45071"
"Fablab Lille","50.6895","3.16271"
"Fablab Web-5","43.3476","3.22234"
"Fabrique Pola","44.854484","-0.554723"
"Flammekueche Connection - LUG","48.5789","7.75426"
"Formalab","45.0362","3.89228"
"FunLab","47.3921","0.668211"
"Gamerz","43.5257","5.41441"
"Gi-Nova","45.1907","5.7174"
"GRLFrance (Graffiti Research Lab)","48.8668","2.35401"
"INRIA Creativity Lab","45.2186","5.80769"
"LOAD","44.9162","4.91472"
"I-Lab","43.1207","5.93916"
"La Fabulerie","43.297","5.38098"
"La plage digitale","48.5729","7.75979"
"LabFab Maison des Associations","48.105","-1.67637"
"Labo d'Aix-périmentation","43.5134","5.45094"
"Le petit fablab de Paris","48.8552","2.39194"
"Lab86","48.855161","2.392018"
"Laminiak","48.854765","2.389992"
"Les Fabriques du Ponant","48.4081","-4.49815"
"L'établi","43.749","-1.32505"
"L'Etablisienne","48.8463","2.40066"
"LH3D fablab","49.4922","0.132024"
"Carrefour Numérique²","48.8956","2.38806"
"Maison Fablab Vannes - Makerspace56+ICAM","47.650392","-2.781279"
"Mutualab","50.6296","3.06142"
"Photonic Fablab","48.7067","2.17556"
"Plascilab (Planète Sciences)","48.6597","2.41561"
"Téléfab Brest","48.3587","-4.57017"
"Telefab","48.358","-4.570117"
"ThiLab","49.3489","6.1731"
"CMD-LAB FabLab Buenos Aires","-34.5856","-58.4035"
"El Reactor","-34.585564","-58.403381"
"Biofoundry","-33.8942","151.197"
"FabLab Adelaide","-34.9267","138.606"
"FabLab WA","-32.0661","115.767"
"Ars Electronica / Futurelab","48.3097","14.2843"
"ESC","47.0712","15.4423"
"Garagem FabLab","-23.5247","-46.6532"
"District3","45.497","-73.5788"
"FabLab@Marguerite (CSMB)","45.4182","-73.6216"
"FabLab CSMB (formely @Marguerite)","45.418209","-73.62159"
"FabOutaouais","45.4829","-75.6844"
"FabLab Bern","46.9404","7.43281"
"FabLab Zürich","47.3839","8.51006"
"Fablab Santiago","-33.4495","-70.6278"
"eigenbaukombinat","51.4667","11.9855"
"FabLab Berlin","52.5305","13.4134"
"FabLab Bremen","53.0777","8.83516"
"Fab Lab Fabulous St. Pauli - Hamburg Germany","53.541945","10.010486"
"bauer+planer Entwurfswerkstatt","53.541203","10.010954"
"Curious Community Labs","53.54198","10.01035"
"FabLab-Bayreuth","49.9619","11.6174"
"FabLab-Lübeck","53.8989","10.795"
"Citilab","41.3574","2.07072"
"FabLab Alicante","38.3879","-0.513932"
"FabLab Sevilla","37.3624","-5.98638"
"Fab Lab Sevilla / Escuela Tecnica Superior de Arquitectura Universidad de Sevilla","37.362274","-5.98668"
"Hangar","41.4029","2.1917"
"iceAddis","8.9806","38.7578"
"AALTO FabLab","60.189019","24.833356"
"Pixelache","60.1869","24.9738"
"Acces Space","53.3753","-1.46869"
"DIYBIOMCR","53","-2"
"LabCulture Limited","50.7326","-2.7554"
"Meltwater Entrepreneurial Scho","5.64467","-0.152527"
"Drugo more","45.3274","14.4407"
"MAMA","45.8102","15.9743"
"FabLab Budapest","47.5077","19.0623"
"Fablab Reykjavik","64.1016","-21.8232"
"FabLab Biella","45.5746","8.05406"
"FabLab Napoli","40.9287","14.188"
"FabLab Palermo","38.1214","13.3538"
"Fablab Venezia","45.4674","12.2184"
"Mediterranean FabLab","40.7051","14.7046"
"Fablab Kamakura","35.3215","139.55"
"FabLab Kitakagaya","34.6233","135.475"
"FabLab Sendai","38.25869","140.875081"
"Fablab Shibuya","35.6607","139.698"
"iHub","-1.30819","36.7331"
"CYLAND MediaArtLab Vilnius","54.6872","25.2796"
"BioArt Laboratories","51.4509","5.45309"
"FabLab Enschede","52.2208","6.88388"
"V2_ Institute of the Unstable","52","4"
"Solvik Gard","69.576047","20.21887"
"FabLab ESAN","-12.1127","-76.9737"
"Opo Lab","41.1523","-8.60242"
"FABLAB Porto -OPO LAB","41.152311","-8.602411"
"new media center_kuda","45.2498","19.8501"
"FabLab Paramaribo","5.85204","-55.2038"
"Atrak'Art","48.1943","17.0321"
"Kibla","46.5577","15.6493"
"Hive Colab","0.341899","32.5912"
"Biotech&Beyond","33.135599","-117.275"
"Champaign-Urbana Community Fab","40.102064","-88.224819"
"CYLAND MediaArtLab New-York","40.7238","-74.0014"
"FabLab Baltimore","39.2527","-76.734"
"Fair Use Building and Research","40.5055","-74.4325"
"Incite Focus FabLab","42.3283","-83.0496"
"The S.T.E.A.M. Room Fab Lab","41.6611","-91.5302"
"Rlabs","-33.9539","18.5325"
"BongoHive","-15.4047","28.3224"
"Fablab Moebius","48.402885","2.695665"
"Fablab Mons","50.4444","3.95093"
"Fablab Château-Thierry","49.037","3.39848"
"Fablab La Côte","46.459394","6.209565"
"Die Werke","52.3911","9.73295"
"Fablab El Paso","31.7673","-106.486"
"Lorem","48.8274","2.31144"
"LOREM 3D FABLAB","48.827411","2.310961"
"Mon atelier en ville","48.8679","2.34614"
"Biotehna","46.0558","14.5041"
"Fablab Renens","46.5274","6.59295"
"Mips Lab","43.2992","-0.366691"
"Fablab Sud 31-Val d'Ariège","43.3138","1.53189"
"Le FabLab de Cap Sciences","44.85972","-0.553709"
"Fablab Mobile","48.6814","2.17076"
"Club Scientifique & Radioamateur de Rueil-Malmaison","48.864134","2.194427"
"Fablab Les Usines","46.5162","0.336475"
"Fabrik'numérique","48.9449","2.57903"
"Whitespace (0x20)","51.0597","3.73243"
"Micro Factory","50.8542","4.34714"
"Hackerspace Brussels (HSBXL)","50.8482","4.3388"
"Fablab Bratislava","48.1539","17.0719"
"Timelab","51.0427","3.73822"
"Makilab","50.6695","4.62187"
"Staten Island  MakerSpace","40.6047","-74.0917"
"FabLab Luzern","47.0149","8.30488"
"SoFab","43.615","7.08052"
"Fablab du pays de Lorient","47.741798","-3.407276"
"VoLab","49.0225","2.03241"
"Fablab Oita","33.2413","131.6"
"Ycam Edu Lab","34.1695","131.467"
"Frenchmakers","47.242","6.0075"
"Laboratoire Ouvert Grenoblois","45.1853","5.7111"
"OpenFactory","45.4494","4.38589"
"DataPaulette","48.8555","2.42702"
"Le Boc@l","47.2161","-0.72719"
"Fablab Marseille","43.3425","5.43728"
"Stadslab Rotterdam","51.9173","4.48462"
"Fablab Arnhem","51.9873","5.9512"
"La Fruitière numérique - Fablab Lourmarin","43.7661","5.3642"
"FAB LAB Sardegna Ricerche","38.9902","8.93037"
"Fab Lab Olbia","40.9349","9.48335"
"Kathmandu Living Labs","27.7227","85.3309"
"Hochelab","45.5514","-73.539"
"FabLab Fribourg-Freiburg","46.79","7.14"
"Fab'Alpes","44.5595","6.07606"
"Info@Leze","43.413","1.38973"
"Bonevet","42.3798","20.4265"
"Bonevet Makerspace","42.379617","20.431384"
"Canberra Makerspace","-35.216589","149.09659"
"MakersCafé London","51.5273","-0.078292"
"Fabric'INSA","43.5693","1.46558"
"Technocopia","42.2774","-71.7999"
"betahaus","52.5026","13.4121"
"FabLab ?ód?","51.7539","19.4874"
"Ljudmila Art and Science Laboratory","46.0712","14.5154"
"Opendot","45.4483","9.222"
"Workbench Projects","12.9764","77.6267"
"FabLab Bangalore","12.976594","77.626765"
"FabLab Mittmach-Werkstatt Lüne","51.5913","7.54786"
"FabLab Lünen","51.591224","7.548007"
"C'Num","43.5361","6.45968"
"FabLab Neuchâtel","46.9967","6.93688"
"Vanderlab/Château éphémère","48.9438","2.02148"
"Fablab ENSAPVS - Ecole nationale d'architecture","48.8274","2.38517"
"Atelier21","48.826835","2.383711"
"Numérifab","49.2101","5.37714"
"La Quincaillerie numérique","46.172","1.86914"
"Saint-Ex, culture numérique / Artfabrique","49.249718","4.021768"
"Quai-Lab","46.52","0.31487"
"AviLab","43.9343","4.80191"
"Avilab // Fablab Avignon","43.934381","4.801477"
"Fablab du Chalonnais","46.7889","4.83555"
"Labo de la Chambre Blanche","46.8108","-71.2281"
"Pangloss Labs","46.259555","6.107684"
"Pangloss Labs #1 - Ferney-Voltaire","46.259543","6.10779"
"3615 Señor","47.2325","6.03882"
"Betamachine","48.4409","1.49305"
"Trakk","50.4637","4.85116"
"Volumes","48.8793","2.3921"
"L'atelier de René","48.8976","2.34429"
"PotentialLabs","17.3896","78.4533"
"FabLab ULB","50.827","4.3741"
"Sqylab","48.78578","1.981303"
"La Fabrique Janzé","47.958097","-1.498109"
"FabLac - fablab Léman","46.354825","6.427946"
"Epidemic","48.9278","2.52382"
"MakerConvent","41.3875","2.1811"
"Sensorica.co","45.5132","-73.5708"
"Technarium","54.6747","25.2772"
"WeMake","45.49907","9.175067"
"Les Fabriqueurs","48.8201","2.30167"
"Atelier Solidaire Saint-Ouen","48.9168","2.33683"
"Art3Fact","43.7201","-1.05086"
"Make it Marseille","43.286134","5.377451"
"El Rancho Electronico","19.4234","-99.1446"
"Coh@bit","44.791124","-0.607981"
"EspaceLab","46.7704","-71.294"
"Mars'Hack Lab","45.1837","0.655474"
"FabLab Den Haag","52.0661","4.34539"
"PlugnMake FabLab Delft","52.0083","4.361"
"Kaasfabriek Fablab Alkmaar","52.6382","4.75027"
"De WAR","52.154099","5.397371"
"FabLab+","51.219","4.40835"
"FabLab+ (Antwerpen)","51.218965","4.408353"
"CODA FabLab","52.2155","5.95843"
"CODA FabLab Apeldoorn","52.2155","5.958426"
"Makersbuzz","51.5734","5.05397"
"Jeugdfablab","52.5122","5.72348"
"de Maakschappij","53.1401","6.56027"
"De Factorij","51.4491","5.45813"
"Wowlab","52.2318","6.89424"
"Fablab Groningen","53.2143","6.56917"
"FabLab Leuven","50.8607","4.6806"
"FabLab de Stookplaats i.o.","52.221","5.19688"
"TinkerinQ FabLab Houten","52.034968","5.163806"
"Makerspace Leiden","52.1628","4.49356"
"Healthhub-Roden Fablab","53.1426","6.44229"
"SPARK Lab","51.7018","5.35195"
"Bouwkeet i.o.","51.9116","4.43778"
"Rotslab","52.0737","5.12072"
"FabLab Wageningen","51.9692","5.66539"
"L'atelier des Amis","48.8912","2.32434"
"Frack","53.1999","5.78383"
"Fablab 3D CAT","33.5914","-7.64025"
"Karkhana","27.7089","85.3306"
"Espacio Open Ribera de Deusto","43.2687","-2.96223"
"Bilbao Fab Lab - Espacio Open","43.269175","-2.962676"
"FabLab Neuenstadt","49.2374","9.3362"
"Le BêtaLab","46.2231","-0.142963"
"EasyCeram","45.8597","1.29645"
"Umakers","34.1072","-117.698"
"Fablab Coimbra","40.2281","-8.44078"
"Kyoto Design Lab","35.0262","135.781"
"Fablab Rwanda","-1.94446","30.0896"
"Institute 404","46.0413","14.4956"
"Vitamines","49.2553","-0.646426"
"Blolab","6.37029","2.39124"
"Innofab","43.622","2.26139"
"Les Inventeurs","48.8896","2.36047"
"Millaulab","44.0985","3.07918"
"Fablab Winti","47.49518","8.717473"
"FabLab SUPSI Lugano","46.0364","8.96361"
"Fab@Lac","45.749","4.87739"
"Lab Ouest","46.6728","-1.43508"
"LabFab Hub Epitech","48.1037","-1.6885"
"LabFab O Cesson","48.1296","-1.5973"
"LabFab Utice","48.1139","-1.64529"
"LabFab UR1","48.1141","-1.64021"
"LabFab Etrilab","48.0022","-1.76024"
"La Kazlab","5.50302","-54.0316"
"Villette Makerz","48.8889","2.39244"
"Fablab Valletta","35.8988","14.5083"
"Atelier Made in iKi","46.8027","5.45178"
"Atelier Made in iKi - FabLab Bresse du Jura","46.803004","5.451858"
"ESAAA lab","45.8926","6.13711"
"LAB01","45.954","5.34482"
"Tuba","45.7607","4.85837"
"Three Keys Craft Space","22.2679","114.244"
"Hall Couture","48.848","2.37407"
"Le L@bo","50.0157","4.04533"
"Maison Folie Moulins","50.6211","3.066"
"FabCafe Singapore","1.28624","103.859"
"Fablab de Crescendo","43.2454","0.081805"
"Saint-Brieuc Factory","48.5224","-2.74786"
"UBO Open Factory","48.398675","-4.497587"
"TyFab","48.398418","-4.497241"
"Human Lab / My Human Kit","48.1265","-1.7031"
"Gullivigne","47.078202","-1.290859"
"Labo Arts & Techs / Stereolux","47.206","-1.56395"
"La Cocotte numérique","45.1109","2.86981"
"Okartié","-20.9829","55.2854"
"Rutech","44.353","2.57799"
"RuTech FabLab MJC Rodez","44.353232","2.578284"
"SimplonLab","48.8606","2.41011"
"Remakery","51.4705","-0.103974"
"Hub Workshop","51.4697","-0.066793"
"London Music Hackspace","51.5111","-0.117148"
"Blackhorse Workshop","51.5909","-0.034654"
"Building BloQs","51.6086","-0.040168"
"Zios Makerspace","30.7191","76.7487"
"Chandigarh","30.71897","76.749546"
"La Fab'Brique","43.402","-0.949223"
"La Fab'Brique - Béarn des Gaves","43.402009","-0.949417"
"Institute of Making","51.5233","-0.132363"
"Fablab Fabbulle","47.827036","-69.538296"
"La Parcelle collective","50.691","3.19021"
"Le Fabricarium","50.6106","3.13778"
"MakeIT.lab @Fyxxi","51.030044","3.71963"
"WeCreate Fab Lab","52.9468","-8.03689"
"WeCreate Workspace","52.946718","-8.036766"
"La Fabrique","48.5785","7.7093"
"Tiers-lieu Limoux","43.0555","2.21284"
"YourLAB","50.4911","5.07152"
"Fablab Lapalisse","46.2489","3.63516"
"Fablab Clermont","49.3875","2.39947"
"Fablab Médialab Pays du Clermontois","49.387164","2.399225"
"Runfablab - Solidarnum","-20.9039","55.4998"
"RunFabLab","-20.904016","55.499341"
"Design.lab UAI","-33.4212","-70.5919"
"Fablab UV","-33.0459","-71.6132"
"L'Atallier","46.5697","3.32696"
"Atallier Fablab Moulins","46.56993","3.32735"
"Fab.LLab Kinshasa","-4.3198","15.3288"
"Konk Ar Lab","47.8834","-3.91581"
"La Fabritech","44.9128","4.43306"
"Hyper","48.8699","2.42381"
"Onl'fait","46.209736","6.117396"
"Inventópolis","6.2122","-75.5711"
"Lab Place","42.8714","1.22193"
"Les Copeaux Numériques","49.4225","1.06539"
"Le F@bRiquet","43.5509","1.48805"
"ICI thecamp","43.4966","5.34433"
"Le Reset","48.8625","2.35212"
"La Bricothèque FabLab de Pernes-les-Fontaines","43.9997","5.06194"
"Atelier 21 - Paléoénergétique","48.837","2.33489"
"Le Campus","48.5711","-3.81264"
"SonicLab","48.9012","2.36996"
"Village Factory","47.8886","-0.233564"
"Lab.2r","44.1083","0.894183"
"Homemakers","48.8382","2.30416"
"Ludylab","46.9226","-0.962397"
"Fablab des 3 Lapins","47.8181","6.38841"
"Fablab des fabriques","47.2196","5.9737"
"Cyberespace","45.5305","4.62047"
"The Curious Forge","39.24731","-121.026471"
"Mboalab","3.80586","11.4634"
"Le Hublot","43.7171","7.28447"
"Fablab du Plateau des Petites Roches","45.3242","5.89574"
"Générateur 9","45.7721","4.79596"
"AgriLab","49.466841","2.072854"
"Luz'In","45.5638","5.43661"
"FabLab ULB Charleroi - Fab-C","50.4059","4.48068"
"FabLab Wapi","50.6053","3.39353"
"L'e-Square Coworking & Fablab","50.2287","5.3359"
"Smart Gastronomy Lab","50.5334","4.71341"
"Wallonia e-health Living Lab","50.5045","4.71305"
"Hub créatif de Charleroi Métropole","50.4061","4.43955"
"Fablab de la Palanquee","43.4099","3.68838"
"Le labo du Florida","44.2029","0.620496"
"Artifab Fablab CMAR PACA","43.785469","7.210109"
"HoFaLab","53.5005","9.99626"
"Fablab de la vallee","48.7086","2.03871"
"LabHidouille","47.7388","7.32957"
"atelier de bidouille numerique","48.9542","4.33806"
"TIC4Ed","5.34278","-3.91961"
"FABLAB DES MONTS DE GY","47.4228","5.84197"
"FabLab de Graulhet","43.7606","1.96699"
"La Bobine Fablab Auch Gers","43.666498","0.601174"
"FABLAB LE DYNAMIK","43.848031","1.236629"
"Maker Space","54.965214","-1.602427"
"Kitchen Lab Tarvo","60.203748","24.848086"
"Smart Open Lab","39.479077","-6.341385"
"SeekMake","59.428643","24.759348"
"HOW HOUSE","48.814718","2.398258"
"Alt Lab","54.674252","25.303946"
"TOP project space","52.456131","13.402331"
"El FabSpace Lac","36.834924","10.243204"
"Dos Mares","43.294665","5.38377"
"BLIIIDA","49.126154","6.183257"
"Eco FabLab MDesign","49.126269","6.182086"
"La Fabrique Retiers","47.917029","-1.384264"
"ARS LONGA","48.866438","2.417139"
"NØ School Nevers","46.991481","3.163737"
"Fablab Agadir","30.367642","-9.542531"
"SOLU Space","60.188497","24.973382"
"Fablab Chaux-de-Fonds","47.099658","6.823128"
"Hyperlien","47.206187","-1.559457"
"CitéBOX","50.277821","3.971643"
"EUREKAFAB","44.712915","-0.581122"
"Crealab","50.643874","5.590235"
"HOBBYHIMMEL die offene Werkstatt","48.818478","9.169646"
"HOBBYHIMMEL","48.818611","9.169399"
"FABlab Mérida","38.908931","-6.339063"
"Nemeton","45.184175","5.706029"
"The Geekery","51.385249","1.385661"
"HomeLab Tuxtla","16.753801","-93.115959"
"La Gare, Centre d'Art et de Design","48.409575","-4.388047"
"FabLab - Les Franciscaines Deauville","49.354274","0.067001"
"Fab Lab Liverpool","53.405003","-2.970291"
"La Fabrique Amanlis","48.003654","-1.475092"
"L'atelier du Cyber","48.508075","-4.686945"
"le LAB","48.805489","2.235857"
"OPEN TECHNOLAB","45.700735","4.764348"
"La Bricole Numérique","47.494643","-0.589291"
"Petit Lab","48.08801","-1.671217"
"SqyBois","48.778971","1.997742"
"échofab","45.544508","-73.655668"
"Izylab","48.782985","2.175888"
"Fablab Academique Polytech Orléans","47.266384","-2.230393"
"FabLab Makerspace Rheinfelden","47.549554","7.78613"
"BioPunk Society","37.770855","-122.413571"
"Les ateliers de la Bastardière","47.922763","-2.186221"
"Le JoliLab","45.160279","5.554736"
"IDLAB","48.742985","2.391956"
"SENFABLAB","14.736682","-17.452812"
"William Factory Small Business Incubator @Traction Space","47.256962","-122.439501"
"AlpesLab","45.745354","6.420468"
"Time's Up","48.314375","14.321998"
"AnozerLab","45.254657","4.68038"
"Teijo Makerspace","60.275572","22.990419"
"Fab Lab Raseko","60.478823","22.161939"
"Martigues'FabLab","43.404247","5.051267"
"SYN FAB LAB","37.984024","23.741061"
"Pôle Numérique / FabLab Techfactory","44.737527","1.384427"
"TechF@ctory","44.737572","1.384484"
"FAB'N'LAB de Clamecy","47.461286","3.515144"
"FLMC miniLAB","47.402488","3.400048"
"FabLab du Morvan","47.298764","3.824326"
"IROKO FabLab","6.367695","2.42525"
"Le Repair","48.560043","7.779512"
"Le Pixel : FabLab de la CyberGrange","48.54664","7.769308"
"Epn by Cedeg","50.559654","4.695823"
"FABLAB H3O","-21.001194","55.678898"
"Edulab Rennes 2","48.118605","-1.702687"
"UNION LAB","-4.276315","15.237434"
"FabLab Le Pointu","43.117961","5.798417"
"Fablab La Multiprise","48.178932","3.252752"
"Solidarity Fablab Orange Digital Center","50.845631","4.356815"
"Fablab des Tracols","45.026556","5.328218"
"Artilect FabLab Toulouse","43.601741","1.442948"
"arn'eau decoupe","48.947414","2.870613"
"Fablab Soli'Seine","49.478469","0.578241"
"Made in Roch","48.411497","-1.369053"
"le ]ProtoLab[","45.768398","3.08743"
"AuxR_Factory","47.792436","3.578068"
"180 Studios Community Makerspace","38.386108","-122.719641"
"Davis Makerspace","38.544345","-121.739581"
"Girls Garage","37.878825","-122.296631"
"Mothership HackerMoms","37.848893","-122.271791"
"NIMBY LLC","37.749752","-122.187072"
"PLACE - Community Center, Makerspace & Permaculture Site","37.846217","-122.285529"
"SJCC Robotics & Automation Club (Makerspace)","37.314554","-121.929389"
"The Crucible","37.804979","-122.290642"
"TheShop.build SJ","37.382915","-121.915104"
"Hacker Lab Rocklin | Startup Coworking Maker Space","38.797115","-121.213524"
"Hacker Lab Rancho Cordova | Startup Coworking Maker Space","38.600015","-121.264424"
"SHARED","37.777028","-122.401104"
"San Jose BioCube","37.253825","-121.785173"
"MakeX Palo Alto","37.418239","-122.1083"
"FootHill College - Krause Center for Innovation","37.363053","-122.131593"
"College of Alameda","37.780721","-122.279205"
"CoA Fab Lab","37.780881","-122.279304"
"College of San Mateo Campus","37.534109","-122.334172"
"Folsom Lake College","38.661791","-121.126864"
"FLC Innovation Center","38.66198","-121.126194"
"Hartnell College","36.673341","-121.668453"
"Sacramento City College","38.540922","-121.488064"
"Sierra College","38.793349","-121.207965"
"Woodland Community College","38.658379","-121.734225"
"American River College...","38.651148","-121.346733"
"City College of San Francisco","37.725665","-122.451295"
"Allan Hancock College","34.944613","-120.418934"
"Butte College","39.647498","-121.645063"
"College of the Canyons","34.404219","-118.569631"
"Glendale Community College","34.166529","-118.227943"
"Moorpark College","34.29983","-118.83619"
"Moreno Valley College","33.887259","-117.203114"
"Mt. San Antonio College","34.047903","-117.844573"
"Mountie MakerSpace","34.0482","-117.845117"
"Mt. San Jacinto College","33.806879","-116.969769"
"Orange Coast College","33.671126","-117.910206"
"San Bernardino Valley College","34.08773","-117.310759"
"San Bernardino Community College District Donald Averill – Applied Technology Training Center","34.100403","-117.251623"
"STEAM FUN","37.390298","-122.042121"
"Autodesk Technology Center - Pier 9","37.799959","-122.39792"
"Maker Ed","37.869833","-122.299789"
"The Gate 510","37.716332","-122.179548"
"Moonlighter FabLab","25.79223","-80.134039"
"FirstBuild","38.219066","-85.753366"
"Share Create Reuse and Promote - Magic City Makerspace","45.686966","-108.387392"
"Maker Mobile","38.275407","-85.744833"
"Arkansas Regional Innovation Hub","34.758752","-92.258116"
"The HUB nwi","41.434151","-87.195911"
"Smart MakerLab","40.551957","-3.613905"
"MPLS MAKE","45.038484","-93.252297"
"Brambleton Library Makerspace","38.984185","-77.536176"
"4-H MakerSpace","44.66843","-85.499419"
"Makerspace at The Point","40.122889","-82.94293"
"Interlock Rochester","43.177034","-77.550478"
"Loveland CreatorSpace","40.372134","-105.196079"
"Revolution Makerspace","42.381686","-71.238465"
"GEARS (Garrett Engineering and Robotics Society) Inc.","39.546825","-79.391605"
"Makerspace Greenville","32.980682","-96.110392"
"The Workshop","44.827301","-93.286248"
"Makerlab Israel","32.995088","35.269101"
"Lords Assembly Esbjerg - Makerspace","55.468195","8.456062"
"Valdosta Makerspace","30.832702","-83.278485"
"Los Alamos Makers","35.887882","-106.315706"
"The Workshop Madrid","40.403011","-3.704605"
"FabLab Puerto Rico","18.237005","-66.029752"
"Chester County Library Digital Media Lab & Makerspace","40.032125","-75.620745"
"La Fragua Maker","42.336525","-3.702173"
"SnoCo Makers","47.914289","-122.216071"
"SLUB Makerspace","51.02943","13.738905"
"Springfield MakerSpace","39.772463","-89.688924"
"Hazel L Incantalupo MakerSpace","28.091036","-82.761682"
"Meta Makers Cooperative","42.323729","-83.009501"
"ADX (Art Design Xchange)","45.519809","-122.65497"
"Maker Lab","32.462235","-99.715894"
"Brimfield Public Library Makerspace","40.693649","-89.588986"
"Bostonmakers","42.313188","-71.114539"
"The Garage","46.154023","-119.033896"
"Woodbridge High School Raider's Den","38.818466","-75.58824"
"London Community Woodshop","42.979104","-81.248189"
"SVA Visible Futures Lab","40.746497","-74.009447"
"Berkshire MakerKids","42.151418","-73.396735"
"Maker Community Inc","-37.760321","144.961313"
"Harford Hackerspace","39.296536","-76.623489"
"510 Art Lab","45.737281","-94.952419"
"MAXT Makerspace","42.890956","-71.943516"
"El-Warshkhana","30.052641","31.458499"
"Studio 775","40.000801","-105.099512"
"The Reddie MakerSpace at The STEM Center at  Henderson State University","34.125098","-93.058943"
"Makerspace @ hogeschool pxl - uhasselt","50.927775","5.384387"
"Makerspace Duiven","51.953183","5.996738"
"Urban Hax CIC","52.590991","-1.986197"
"Made In Workshop","-26.108593","27.979387"
"Fox.Build","41.913751","-88.312718"
"Breva Creative Makerspace","29.398111","-98.486562"
"MakeIt Labs","42.741295","-71.458793"
"MAD emergent art center","51.441642","5.469722"
"FabLab Brainport","51.441642","5.469722"
"Makerspace CSM","-34.48466","-58.548302"
"Paden Elementary's Makerspace","37.771277","-122.283908"
"GJmakerspace","39.041721","-108.572754"
"Saprk Penketh","53.387427","-2.649617"
"MACCLab","38.96729","-92.345432"
"Instituto Cumbres Oaxaca STEAM-Makerspace","17.032371","-96.719899"
"The Hub","42.346712","-88.036349"
"Mixxer Community Makerspace","39.855615","-88.949952"
"Nod makerspace","44.412338","26.117809"
"Atölye Atölye","40.763666","29.916589"
"ZhengZhou MakerSpace","34.747308","113.645574"
"Lightspeed","34.066063","-117.649077"
"YuKonstruct","60.738882","-135.07563"
"SmartSpace Kota Kinabalu","5.978949","116.076261"
"Tinkerhaus Community Makerspace","42.806403","-70.881907"
"Weavers Guild of Minnesota","44.975486","-93.254174"
"Minnesota Center for Book Arts","44.975486","-93.254174"
"Makerspace Adelaide","40.718257","-74.005102"
"Haiti Communitere","18.556359","-72.259967"
"Morristown Makers","36.184105","-83.375197"
"It Begins in Brockport","43.215551","-77.937611"
"NSP Makerspace","46.143132","-60.196644"
"Vally lab","30.619806","34.801018"
"Hunterdon County Library Makerspace","40.503039","-74.901287"
"Jongo Hub","4.154053","9.24342"
"My Mini Maker Space","48.137968","15.276877"
"Kent State University Tuscarawas","40.467868","-81.407141"
"Austin School for the Driven","30.296771","-97.705852"
"SCES Makerspace Research Lab","-1.309236","36.81448"
"Kathleen Syme Makerspace","-37.798648","144.965227"
"Bell Tech Center","33.978527","-118.189928"
"BenMaker Podyumpark","40.225476","28.967603"
"Das Habitat Augsburg e.V.","48.367421","10.870996"
"LaunchSpace","42.591635","-72.315619"
"make717 Innovation Center","40.041374","-76.279691"
"Staunton Makerspace","38.149576","-79.071696"
"The Little Bits Workshop","41.89781","-87.81395"
"7th Street Studio & MakerSpace","40.958004","-76.884521"
"Lamba Labs Beirut Hackerspace","33.8938","35.5018"
"LaunchPad MakerSpace","41.68622","-70.07585"
"THINKspot Main Library","33.418191","-111.829564"
"The Arkansas Regional Innovation Hub","34.766561","-92.262899"
"Lincoln Maker Space","-34.491759","-58.482145"
"Spark Space","34.948325","-81.930549"
"Fab Lab, Museum of Science and Industry","41.88531","-87.62213"
"10BitWorks","29.397958","-98.467785"
"ShopSpace","35.802398","-78.630594"
"Procrastination Station","33.524225","-102.009104"
"NextFab","39.939752","-75.177299"
"Portal Maker","-23.520292","-47.461336"
"Make Nashville Makerspace","36.161101","-86.754303"
"ags - Wissenschaftliche Arbeitsgemeinschaft für Studio- und Senderfragen an der TU Braunschweig e.V.","52.2725","10.534"
"ags - TU Braunschweig","52.273025","10.534994"
"Tehama County Maker Space","40.17855","-122.245581"
"Fab Lab Sandwell","52.519095","-1.99255"
"Willie L. Brown Jr. Middle School","37.730417","-122.384425"
"MakerLab @ The Powerhouse","37.318364","-107.880367"
"Bainbridge Artisans Resource Network","47.644452","-122.522526"
"The IDEA Center","34.294672","-119.296637"
"Fablab Erfindergarden Munich","48.120524","11.575051"
"Creative Factory","35.872449","128.624826"
"Anchorage Makerspace","61.191144","-149.890242"
"Engidea","10.49","-66.78"
"FabNewport","41.513679","-71.314028"
"Making Awesome Inc","30.419161","-84.350491"
"Asmbly Makerspace","30.353611","-97.671856"
"Fort Collins Creator Hub","40.591247","-105.052479"
"MakerPlace","54.951748","-1.601181"
"Shop Time Studios","43.366145","-79.801761"
"Le Fab-Lab","46.221179","-0.145617"
"Maker Exchange","33.874986","-117.568038"
"The Forge","36.01965","-79.762418"
"GearBots Makerspace","49.068291","-122.234644"
"T-burMakers","41.955953","12.771792"
"GENIALES","19.491623","-99.21319"
"Innovation Pipeline","32.370179","-95.30093"
"Upside Artspace","37.767787","-122.419019"
"Fairfield County Makers' Guild","41.1177","-73.4082"
"Innovation Station","40.72267","-73.518183"
"MadJax Maker Force","40.142124","-85.389874"
"2Mades","51.174311","4.838508"
"Makers Siem Reap","13.359908","103.862138"
"MAKE Santa Fe","35.662002","-105.993223"
"Steyr-Werke Makerspace","48.042769","14.414268"
"Utah County 4-H Mobile Makerspace","40.393591","-111.797238"
"Kentucky Movers and Makers","37.330943","-87.501593"
"Makers' Alliance","41.476916","-81.576094"
"LVL1 Hackerspace","38.188962","-85.676819"
"MakerSpace - The Westport Library","41.141486","-73.357895"
"KADU Fashion Makerspace","33.808516","-84.27705"
"Bitterroot College FabLab","46.311393","-114.190986"
"MakeHaven Community Makerspace","41.304866","-72.923771"
"The Big Idea at San Juan College","36.773792","-108.167385"
"OCC Library Makerspace","43.005239","-76.199787"
"Inventors Club","33.717766","-83.995588"
"Bellevue Library ideaX Makerspace","47.62016","-122.194337"
"d.lab for Making","30.291971","-97.873776"
"Hacklab","50.487965","30.462435"
"Cherokee Makerspace","34.088274","-84.581867"
"Nerdlab","51.062513","3.730312"
"Buttercup STEAM","33.791426","-84.403687"
"Mystic Krewe's PinChurch","29.979734","-90.163544"
"Rockford MakerSpace","42.331667","-89.151548"
"Olomoucka Dilna","49.580855","17.259178"
"Johnson County Library MakerSpace","38.946393","-94.67604"
"CIS","3.522116","-76.51984"
"The Generator, Inc","39.540154","-119.748395"
"Bridgewire","39.540154","-119.748395"
"Belvedere Tiburon Library Makerspace","37.877037","-122.461441"
"Missoula Public Library - Makerspace","46.878718","-113.996586"
"The Monarch","41.220378","-111.968737"
"The Exploratory Maker Space","34.005017","-118.433835"
"Broken Hammer Forge","39.074382","-75.765898"
"Future Forge","32.767939","-108.276957"
"Northumberland Makers","43.974886","-78.161877"
"MAKEbhm","33.523252","-86.775595"
"Okanagan regional library","49.88961","-119.494095"
"The Clubhou.se","33.457703","-81.964391"
"Reykjavík City Library Makerspace / Tilraunaverkstæði Borgarbókasafns Reykjavíkur","64.104402","-21.81521"
"Fablab Nagpur","21.115011","79.060106"
"Mesh Makers","59.916698","10.65526"
"ThinkLab","40.506015","-111.884526"
"Greenwell Springs Library Makerspace","30.492543","-91.057218"
"Chatt*lab Makerspace","35.001806","-85.336881"
"Pioneer Library System's Maker Mobile","35.215731","-97.490289"
"narrm ngarrgu Makerspace","-37.807613","144.958531"
"SparkCC","-33.412098","151.287513"
"Yucca Valley Material Lab","34.182059","-116.414204"
"MakerFX Makerspace","28.445279","-81.43214"
"Eskilstuna Makerspace","59.38859","16.45089"
"Ithaca Generator","42.402794","-76.483999"
"Cannon Valley Makers, SouthEast MN","44.431138","-93.206569"
"Makerspace Brampton @ Brampton Library - Springdale Branch","43.757732","-79.761353"
"UOttawa Makerspace","45.42068","-75.680788"
"CYC Creation Station Maker's Lab","41.759792","-87.564304"
"The Creative Studio","41.932171","-87.993569"
"Creation Station: La Quinta's MakerSpace","33.677656","-116.298888"
"Maker Factory","40.458509","-86.041779"
"Imagine Lab","40.105904","-83.725623"
"Edmonton New Technology Society","53.575575","-113.446574"
"West Virginia University at Parkersburg Entrepreneur Center","39.286315","-81.55477"
"Amman Valley MakerSpace","51.804764","-3.922483"
"M.ZONE","22.620933","120.280398"
"STEAMLabs","43.651064","-79.397762"
"Cache Makers 4-H Club, STEM ED Center & Community Makerspace - Utah State University Extension","41.758598","-111.857635"
"WREN Works Maker Studio","39.860252","-74.988868"
"Cruces Creatives","32.307164","-106.776315"
"El Sótano Makerspace","28.012536","-15.402994"
"Creative Studios","36.846973","-76.290914"
"Mind- and Makerspace","51.194905","3.216672"
"Be a Maker @ Betty Brinn Children's Museum","43.043978","-87.899151"
"Rochester Makerspace","43.172517","-77.619647"
"Lima Makers Makerspace","-12.025167","-77.011017"
"Phelps Library STEAM Lab Makerspace","42.963394","-77.043612"
"River Center Library Makerspace","30.44672","-91.18792"
"Leonardo's Basement","44.893938","-93.281839"
"Liv Creatively","38.713859","-77.796802"
"Professor Gizmo's Workshop","41.748491","-71.349515"
"Karlskrona Makerspace","56.184514","15.601743"
"PaxSpace, Inc","38.300403","-76.507454"
"westurn kansas Community Group","37.97169","-100.872662"
"PicoTurbine Jersey City Makerspace","40.73189","-74.072683"
"Arlington Public Library The Shop","38.883786","-77.107268"
"Redding Library","40.574006","-122.38523"
"TLC Academic Makerspace","12.837934","80.137344"
"Bibliomaker","37.179753","-3.609299"
"MakerspaceHull","53.746763","-0.343489"
"Lawrence University Makerspace","44.26129","-88.397801"
"Minnesota Makerspace","46.356173","-94.198733"
"Philadelphia Woodworks","40.026001","-75.223111"
"EKU IT Geek Makerspace","37.764867","-84.296913"
"Phoenix Forge","33.451108","-112.081082"
"GRAND GARAGE","48.312692","14.300668"
"create[space] University of St. Thomas","44.942629","-93.188209"
"THINQubator","42.728412","-73.691785"
"UTDallas Makerspace","32.911717","-96.99072"
"The Foundry Makerspace","48.756216","-122.489459"
"build IT","32.776412","-117.071919"
"The University of Akron Wayne College 3D Lab","40.859239","-81.789954"
"Brenchie's Lab","12.509204","-70.008631"
"Shire City Sanctuary","42.470867","-73.188624"
"Johnny Bright Makerspace","53.419246","-113.534725"
"MatchBOX Makerspace","40.416583","-86.890397"
"Town.Ninja","33.93705","-80.333789"
"Lawrence Center for Entrepreneurship","38.971669","-95.23525"
"Catalyst Space","40.514909","-78.403936"
"Fuse33 Makerspace","51.04086","-114.066136"
"FSU Innovation Hub","30.441177","-84.29599"
"KoopLab","33.791202","-118.129763"
"The Dr. Charles J Monier, PhD Makerspace","29.79038","-90.802737"
"Leysin Innovation Lab","46.345167","7.006637"
"SYN Shop","36.041247","-115.033902"
"Make It UP! Makerspace","47.127321","-88.585952"
"MakerLab León","21.129936","-101.685805"
"FAB LAB NOVAERA","21.129995","-101.685796"
"The Makery","38.434027","-78.858173"
"reDiscover Center","33.99458","-118.439207"
"Rapid City Public Library Makerspace","44.078413","-103.228918"
"West Seattle Tool Library","47.432251","-121.803388"
"Lava","59.331925","18.064312"
"Eagle Maker Hub","31.328451","-89.334624"
"TecLab","14.621908","-90.514573"
"Smart Fab Lab","42.683632","23.33129"
"Chimera Art Space","38.407222","-122.869654"
"University of Pretoria Library MakerSpace","-25.755392","28.230244"
"York Region makers (NewMakeIt)","44.079921","-79.423795"
"NewMakeIt","44.079921","-79.423795"
"Diyode Community Workshop","43.544805","-80.248167"
"Alberni Valley Makerspace","49.242056","-124.808009"
"LWTech Innovation Lab","47.704691","-122.167027"
"Studio Atwater","34.110341","-118.25851"
"Fox Meadow Makerspace","41.005098","-73.784577"
"MAxT","42.915485","-71.932271"
"4th Floor","35.033705","-85.307222"
"Lab.cafe","48.144568","17.111663"
"Les Affûtés","45.530939","-73.610347"
"Ela Area Public Library - Forge","42.194859","-88.088473"
"The Foundry","42.90785","-78.856047"
"Federal Way Library Makerspace","47.294629","-122.331774"
"The Ridgewood Makerspace","40.977754","-74.105593"
"Pioneer Maker Club","42.732371","-90.48726"
"UC3M MakerSpace","40.332585","-3.765169"
"FUSE Makerspace","35.084169","-106.646446"
"Creatis","26.89504","75.789447"
"Melbourne Makerspace","28.111535","-80.671938"
"Iron Range Makerspace LLC","47.400405","-92.950154"
"innovation Factory","36.534903","-86.890791"
"Pikes Peak Makerspace","38.841342","-104.816278"
"Makerspace San Diego","32.724103","-117.170912"
"Makerspace Garage","43.342673","17.814445"
"Make-It","31.915929","34.769112"
"Brobots Hub","50.509804","30.765903"
"MakerBay","22.294074","114.237564"
"Strand Center for the Arts","44.696808","-73.454095"
"Gardner-Harvey Library Makerspace","39.54947","-84.42777"
"SHAK","40.486427","-86.133603"
"Fab Lab at Lake Michigan College","42.095564","-86.393008"
"IDIYA - New Orleans Makerspace","29.956665","-90.107394"
"IDIYA","29.956665","-90.107394"
"cedar valley makers space","42.499244","-92.349529"
"Area 52","27.49861","-82.574475"
"Idea Studio, Fond du Lac Public Library","43.777468","-88.445385"
"KID Museum","39.023191","-77.128849"
"KOLLABOR","46.682767","21.0997"
"The Maker Studio @ Science City","39.085328","-94.585578"
"Maker Studio","39.085462","-94.585206"
"Idea Exchange, Old Post Office","43.358353","-80.315527"
"Makerspace Colegio De La Salle Bogotá","4.748701","-74.032938"
"MakeLKN","35.481214","-80.857809"
"Roswell Firelabs","34.027783","-84.320162"
"Fab Lab ICC","37.180636","-95.756197"
"#Rosenwerk (FabLabDresden)","51.046208","13.715406"
"#Rosenwerk","51.046251","13.715483"
"Näh.Werk","51.04616","13.716137"
"Werk-Stadtpiraten e.V.","51.046","13.71518"
"Werk.Stadt.Laden.","51.046113","13.715094"
"MAKERSPACE Carinthia GmbH","46.617875","14.317198"
"ESPR","10.597881","-61.126073"
"The Facility Makerspace","47.820907","-122.322813"
"HATCH Workshop","37.954329","-121.276272"
"Hello Stitch Studio","37.870882","-122.277157"
"Rockville Science Center Makerspace","39.086564","-77.151462"
"Colleg of the Canyons MakerSpace","34.404382","-118.570588"
"Maida Vale Scouts Maker Space","-31.939629","116.003154"
"SDFWA Member Shop","32.883102","-117.190662"
"Makerspace Learning and Design Center","42.820886","74.618963"
"SparkMacon","32.791896","-83.602912"
"Makersville","33.760643","-118.190477"
"Tinker Kitchen","37.755212","-122.419536"
"Unlimited MakerSpace","21.018473","-89.591565"
"Tinker|Bristol","36.606673","-82.163535"
"Esporões MS","41.51173","-8.415234"
"Hemda Makers","32.083989","34.780392"
"3D Africa","5.478926","6.997883"
"Burlington Generator","44.458971","-73.21616"
"CREATE","37.310646","-121.990037"
"Makersmiths Inc.","39.114234","-77.567181"
"BBS Makerspace","29.375859","47.977405"
"Solid State Depot / The Boulder Hackerspace","40.014986","-105.270546"
"Kzoo Makers","42.296004","-85.567187"
"Rogue Hack Lab","42.326515","-122.875595"
"Kalmar makerspace","56.730115","16.29615"
"Chicago Industrial Arts & Design Center","42.009932","-87.663045"
"UCSF Library Makers Lab","37.76333","-122.45925"
"Nebraska Innovation Studio","40.818272","-96.703937"
"The Curiosity Factory","48.179628","-117.043258"
"the LearningLAB","33.861532","-118.184582"
"Make Lehigh Valley","40.593674","-75.474824"
"Colaboratorio Disruptivo CODI - Colegio Stratford","18.827594","-98.948831"
"The CoMAKING Space","41.470385","2.020626"
"FabLab Sarajevo","43.85763","18.398159"
"theCO","35.663426","-88.851679"
"Industra LABS","49.182464","16.626261"
"CoSewing Studio @ Esaie Couture","40.750422","-73.996328"
"IDEA LAB","37.116453","-107.632954"
"Route 9 Maker Lab","39.701144","-75.549764"
"Shapiro Library Innovation Lab & Makerspace","42.955621","-71.431925"
"Werksalon","48.235183","16.481064"
"The Loft","28.209455","-82.718908"
"Helena Makerspace2","46.676225","-111.846156"
"LAMM Space","54.044667","-2.797434"
"Bainbridge Artisan Resource Network","47.623228","-122.510902"
"Amarillo Public Library MakerSpace","35.209879","-101.83206"
"TwenSpace","52.214876","6.880394"
"The O'Town Garage","55.421628","10.382891"
"Sooke Makerspace","48.388356","-123.696399"
"Assemble","40.47441","-79.950968"
"The Studio at Anythink Brighton","39.985262","-104.820528"
"Haututu HackLab","-38.665203","178.026354"
"McMillan Makerspace","44.388005","-89.821454"
"The Inventor Center","36.514384","-82.547615"
"ONESHOP","40.570318","-122.338371"
"Area515 - Des Moines Maker Space","41.672687","-93.572173"
"BB2C Makerspace","39.414875","-81.460899"
"OCM Makerspace","41.266107","-95.933046"
"Starforge Foundry","30.623473","-96.343423"
"New England Sci-Tech","42.316179","-71.334689"
"Asheville Makers","35.587258","-82.554977"
"Innovators' Workshop","41.868647","-72.819742"
"Bülows MakerSpace","55.566036","9.767441"
"Hacklab Seinäjoki Ry","62.78809","22.832582"
"Learning Resources Centre Makerspace","17.1039","-96.77612"
"Imaginarium at Mead Public Library","43.752348","-87.713413"
"Danielsen makerspace","60.352497","5.134691"
"MASS collective","33.844371","-84.47405"
"Georgia Tech Invention Studio","33.844371","-84.47405"
"The WorcShop","42.201865","-71.914291"
"YXC Makerspace","49.509017","-115.772274"
"Northbrook Public Library Collaboratory","42.130508","-87.830875"
"maach3","49.850954","6.097817"
"PaxSpace","38.358355","-76.571941"
"Ives Squared - New Haven Free Public Library","41.309036","-72.924773"
"Jones Creek Library Makerspace","30.396419","-91.018608"
"Mouse Makerspace","40.701829","-74.010426"
"The MakerE","40.955252","-76.881831"
"LPCPL Exchange Makerspace","41.609765","-86.721104"
"Makespace and Open Source Creativity","12.960003","77.642948"
"A&M Mechatronics","33.559407","-7.568336"
"coLab Makerspace","38.25403","21.740118"
"Holzkombinat","50.833041","12.892012"
"UMakers Makerspace","34.111482","-117.698024"
"KWMC The Factory","51.420007","-2.584664"
"CREAPOLIS","50.253724","10.959015"
"North County Makerspace","33.116986","-117.276877"
"Bolts & Bytes Maker Academy","30.277341","-81.396827"
"Mason Innovation Exchange","38.831082","-77.307612"
"MakerLab Tunisia","35.838475","10.598381"
"Sternenlabor e.V.","50.491891","12.134458"
"Key City Creative Center","42.509589","-90.66867"
"Waunakee High School Innovation Center","43.19194","-89.45567"
"Georgia Cyber Innovation & Training Center - The Garage","33.480009","-81.971474"
"Makerspace UPB CRAI","6.242399","-75.59039"
"Auaha Makerspace","-37.787857","175.282361"
"Atelier coopératif La Patente","46.821488","-71.221283"
"Smart Learning Institute","33.612046","72.988719"
"Minilabs Robotics","32.658028","-115.432917"
"The Compound Gallery & Studios","37.847449","-122.286788"
"The MINT: Rutland's Makerspace","43.586792","-72.960999"
"FirstBuild, CT","41.046573","-73.536038"
"Sears think[box] at Case Western Reserve University","41.499866","-81.606381"
"SoHa Arts Building and Arts Education Center","39.90095","-75.08462"
"Werbox3","48.138139","11.603351"
"Wilton Library - Innovation Station","39.773601","-86.280555"
"Fab Lab Tulsa","36.15359","-95.95786"
"Vector Space","37.41696","-79.14721"
"Co-Labs Melbourne","-37.768495","144.958852"
"Down to Earth Technologies, LLC","40.417243","-79.625384"
"MoonMakers","19.707121","-98.46021"
"Harper College Makerspace","42.081463","-88.069484"
"Panther Lab","32.851794","-97.402195"
"TechCreate","53.293785","-6.68704"
"The Manufactory","39.279883","-84.406761"
"MakersLoft Kolkata Makerspace","22.527999","88.366045"
"Triple Cites Makerspace, Inc.","42.115631","-75.958809"
"Yakima Makerspace","46.601559","-120.506051"
"M4Reactor","38.368681","-75.594945"
"AIBI Fashion Lab","41.958771","-87.744022"
"Fab Lab - Iowa City Fab Lab","41.651408","-91.535814"
"Innovation Centers of Eastern Kentucky","37.814538","-82.807105"
"Seattle Makers","47.623355","-122.343262"
"Mankato Makerspace","44.18311","-93.99609"
"MOTIV","0.320763","32.606884"
"Lafayette Public Library Main Makerspace","30.24171","-91.991044"
"mHUB Chicago","41.902042","-87.658544"
"Frisco Public Library","33.144266","-96.837507"
"MakerLab at Joliet Junior College","41.500535","-88.180813"
"Hey Space","55.946835","12.311841"
"STEAM Central","31.461691","-100.438044"
"Fablab Queretaro","20.680332","-100.313006"
"Open Works","39.306131","-76.608905"
"Athens Makerspace","37.97119","23.755613"
"NOVA Fab Lab","38.806356","-77.517736"
"Winthrop Public Library","48.471753","-120.180488"
"Coco-Op","35.189443","-111.66826"
"RCMakes","34.244863","-119.013376"
"Eastside Preparatory School Fabrication Studio","47.673263","-122.187029"
"Lacey MakerSpace","47.039681","-122.822421"
"MPL Makerspace","35.751019","-95.379314"
"SLO MakerSpace","35.282752","-120.659616"
"Danaus","41.403431","2.202795"
"ITSM MakerSpace","-33.454912","-70.755704"
"IdeaSpace","38.309456","-77.465043"
"OsloMet Makerspace","59.919736","10.735466"
"Creativity Commons","39.628438","-84.185135"
"Makerspace Danang","16.070973","108.219098"
"UCA Makerspace","35.080706","-92.453809"
"GoCreate, A Koch Collaborative","37.715971","-97.288"
"FabLab powered by Orange","52.234653","21.0001"
"Romich Foundation Makerspace","40.985138","-81.893334"
"Makerspace Linköping","58.404351","15.599886"
"Old School Makerspace","29.496239","-98.448628"
"Juneau Makerspace","58.299853","-134.444073"
"C Maker Group","41.291736","-96.171104"
"Irvington High School Maker Space","37.524909","-121.966864"
"Idaho Art Lab","43.947357","-111.693732"
"Creativity and Makerspace","46.046178","14.519313"
"Austin Public Library Innovate Maker Space","30.265945","-97.751771"
"Fayetteville Free Library Fab Lab, Digital Creation Lab and Little Makers Lab","43.029789","-76.004364"
"FFL Fab Lab","43.029777","-76.004448"
"Akron Makerspace","41.070639","-81.527547"
"Asiri Labs","-2.1468","-79.966128"
"Toronto Tool Library & Makerspace (East)","43.649968","-79.397543"
"Innovation House","29.028318","-81.303118"
"Baltimore Node","39.299414","-76.603722"
"Makerspace Kids Morocco","33.95063","-6.865243"
"Gorge MakerSpace","45.727619","-121.486462"
"HexLab MakerSpace","34.16165","-118.534534"
"The Ceramics Studio","33.501903","-117.662766"
"Made New Makerspace","41.202868","-96.136725"
"MakeDoNia (Maker Indonesia)","-6.271645","106.803089"
"Karakeeb MakerSpace","30.097448","31.329998"
"MakerSpace Moments In Literature","27.566457","-82.269458"
"Creative MakerSpace","41.315822","19.797026"
"Steam Fab Lab","41.316059","19.797001"
"The MILL","39.167186","-86.512111"
"Capitol Hill Tool Library","47.614678","-122.326105"
"Prikkle Academy","8.314166","4.527026"
"PyramidCDC - S.M.A.R.T. Net","40.011814","-82.970532"
"Nui Tuong Makerspace","11.400728","107.399966"
"Fablab Pasadena City College","34.145665","-118.126898"
"The Foundry,VT","44.538117","-72.011102"
"Skaparstovo","60.186027","5.471044"
"Open Bench Project","43.649638","-70.232798"
"Makerspace of Greenville","35.649777","-77.357118"
"C2 Makerspace","44.665365","-90.205564"
"Makerspace@Plaksha","30.631059","76.725598"
"BadgerBOTS Robotics Education Center","43.101972","-89.514443"
"ASF Makers Club","19.250345","-99.070731"
"TRU Library Makerspace","50.670768","-120.366027"
"Mixxer","36.104717","-80.243962"
"Cincinnati Country Day School Makerspace","39.185906","-84.327745"
"InventorForge","38.703601","-90.64885"
"The Making Rooms","53.750059","-2.48426"
"Brock University Makerspace","43.118454","-79.247783"
"Innovation Lab FHWN","47.838326","16.250693"
"iWonder Makerspace Lab","36.091256","-86.802968"
"Makerspace at the CSM Velocity Center","38.600108","-77.152896"
"Dawson Studio5C Innovation Center","34.120185","-93.055253"
"SMITHworks Makerspace","44.202769","-88.446923"
"Makerspace-Baasrode","51.028607","4.170648"
"Center for the Promotion of Science (CPN)","44.820684","20.456296"
"FabLab Liechtenstein","47.166646","9.515332"
"Networks Makerspace","55.756628","-120.236736"
"Rockwall Makerspace","32.916933","-96.441603"
"Conejo Valley Makerspace","34.154735","-118.80954"
"Chaihuo Makerspace","22.53332","113.93041"
"Makerspace at Corning Community College","42.116215","-77.073937"
"CCLD Makerspace","42.090894","-76.806048"
"Makeplus","34.034563","-118.269259"
"Idea Box","41.888062","-87.797851"
"Mad Welders","49.033593","28.092114"
"Ground Floor Makerspace + Microfactory","39.132506","-84.4969"
"The Hawk Makerspace","42.497268","-83.34588"
"MAKESHOP","40.482805","-80.036726"
"Truckee Roundhouse","39.318663","-120.145611"
"Mossdale Makerspace","37.813422","-121.296967"
"idan tech","32.492959","35.513366"
"Do!Lab","47.425769","12.849134"
"Braingineers Lab","36.194704","-86.518873"
"Catylator Makerspace","39.00415","-77.039175"
"The Curious Forge Art Center","39.252015","-121.129242"
"The Sandbox","42.451016","-87.83955"
"vBytes - Makerspace i Viskafors","57.636129","12.858674"
"Lab:Revolution the 4-H Technology Playground and Makerspace","37.780885","-90.42179"
"Make-It Springfield","42.104014","-72.592814"
"Dartmouth Engineering -MShop","43.703768","-72.294558"
"Auburn Makerspace","47.299732","-122.217579"
"Orange Makerspace","55.64191","12.087845"
"Studios@Main","27.978147","-82.781523"
"MADE","38.652442","-90.268209"
"The MakerBarn","30.233328","-95.550188"
"The Rivet at The Discovery Space","40.802168","-77.882192"
"Square One","38.679238","-121.773816"
"DIYcave","44.045906","-121.292345"
"Gizmo-CdA","47.691736","-116.654109"
"ProVolt","40.212856","-111.725694"
"Newbury and District Hackspace","51.401374","-1.264446"
"Castlewood Makerspace","39.594657","-104.8939"
"Manchester Youth Zone Maker Space","53.513645","-2.213833"
"CymaSpace","45.48169","-122.637331"
"Collab MakerSpace","34.066113","-118.221572"
"MiY - Make It Yourself","40.536692","-74.471338"
"Lake Jackson Public Libaray","29.038312","-95.449853"
"HatchSpace","42.85309","-72.559327"
"Past Lives Makerspace","45.50258","-122.656656"
"The Makerspace at Center City Public Charter School","38.921039","-76.978524"
"Squidwrench","41.720927","-73.960138"
"Fabbtory","48.868874","2.299747"
"DreamSpace","7.7162","81.711069"
"Creative Spark","53.997945","-6.405957"
"Skill Mill NYC","40.80085","-73.965203"
"STUDIO 55","41.797861","-71.363451"
"Fab Lab Siegen","50.875306","8.019668"
"Open Lab Idaho","43.63209","-116.2864"
"Makers Central, NY","41.078246","-73.861548"
"La Fabrica Makerspace","-34.899445","-56.168026"
"Dreamworks Makerspace","12.866243","74.925675"
"LCD Porto","41.185821","-8.614494"
"Biblio Moncton Library Makerspace","46.088731","-64.774663"
"Otley Maker Space","53.906467","-1.69125"
"La Caja MakerSpace Salamanca","40.949727","-5.626275"
"Makers Tribe","12.973814","80.248163"
"Brodies Timber","56.56","-3.6"
"AnNead Hand Knitwear","56.95","-6.14"
"Adam Plastics Ltd","55.74","-4.16"
"Aero Leather Clothing","55.61","-2.8"
"Schofield Textile Dyers and Finishers","55.61","-2.8"
"Alex Begg & Company","55.47","-4.62"
"All Round Signs","56.85","-5.16"
"Andrew Muirhead & Son","55.84","-4.22"
"PR Print","55.84","-4.22"
"Araminta Campbell","55.970743","-3.180426"
"Black Isle Bronze","57.58","-3.85"
"Bute Fabrics Ltd","55.83","-5.06"
"Carlton Die Casting","55.852261","-4.443134"
"Cyan Clayworks","55.97","-3.19"
"Powderhall Bronze Foundry","55.97","-3.19"
"Sinclairs","55.97","-3.19"
"Kalopsia Collective","55.97","-3.19"
"DCA Print Studio","56.46","-2.97"
"Di Gilpin","56.26","-2.87"
"Douglas Swan & Sons","54.84","-4.05"
"Edinburgh Printmakers","55.95849","-3.186326"
"Edinburgh Sculpture Workshop","55.978584","-3.190563"
"Emily Millichip","55.96","-3.15"
"Moody Monday","55.96","-3.15"
"Eribe Knitwear","55.61","-2.79"
"European Circuits Ltd","55.91","-4.43"
"FTS Dyers","55.15","-3"
"Fyfe GlenRock","57.33","-2.33"
"Galloway Granite","54.8","-4.44"
"Gillian Forbes","56.28","-3.51"
"Glasgow Press","55.8","-4.07"
"Glasgow Sculpture Studios","55.88","-4.26"
"Natty Glass","55.88","-4.26"
"Flux Laser Studio","55.88","-4.26"
"GLASSTORM Contemporary Glass Studio","57.81","-4.05"
"GlenCraft","57.13","-2.09"
"Global Yell","60.66","-1.05"
"Halley Stevensons","56.46","-2.99"
"Dundee Ceramics Workshop","56.46","-2.99"
"Heriot Watt School of Textiles and Design","55.61","-2.78"
"Highland Print Studio","57.479012","-4.225739"
"Highland Stoneware","58.15","-5.25"
"Hunter Press","55.91","-3.43"
"Jamieson's Of Shetland","60.299418","-1.64798"
"JetCut","55.742585","-4.669751"
"Julia Smith Ceramics","57.57","-4.04"
"Kaja Wilson","58.96","-3.3"
"Karl Harding","56.9","-6.14"
"Kevin Andrew Morris","55.876611","-4.258017"
"Knockando Woolmill Company Ltd","57.46","-3.35"
"Laser Flair","56.23","-2.89"
"McRostie","55.8","-4.57"
"Montrose Rope & Sail Co Ltd","56.734628","-2.467563"
"MYB Textiles","55.6","-4.34"
"North Lands Creative Glass","58.31","-3.29"
"Northshore Pottery","58.29","-3.35"
"NPI Solutions Ltd","55.598024","-4.675715"
"Old School Fabrications","55.88","-2.91"
"Patricia Niemann","58.17","-3.53"
"Piccolo Press","57.59","-3.86"
"Podbox","55.86","-4.25"
"Richard Leclerc","55.59","-5.15"
"Robert Noble","55.66","-3.19"
"Finch & Fouracre","55.860982","-4.248879"
"Pollock Davies","55.860982","-4.248879"
"PULP Paper","55.86","-4.23"
"Glasgow Ceramics Studio","55.86","-4.23"
"EVM","55.857953","-4.209605"
"Yadawei Ceramic Studio and Gallery","25.140894","55.227433"
"The Workshop Dxb","25.140477","55.226857"
"mano design","48.210244","16.334581"
"Richmond Seatings","25.011847","55.039149"
"EastEnd Press","55.85","-4.22"
"Action Graphics","52.49","-1.88"
"Reekie Steeltec","56.572241","-2.60747"
"Birmingham Specialist Glass Co Ltd","52.457464","-1.89098"
"Zanelli","41.393156","2.192652"
"Criminal Craft","47.49484","19.06736"
"Mermaid Digital Printing","25.005124","55.155594"
"Gallery Mermaid","25.005124","55.155594"
"Peter Bruce Furniture Manufacturing","25.005655","55.155802"
"Scott and Fyfe","56.44","-2.87"
"Universal Fibre Optics Ltd","55.65","-2.26"
"William Johnston & Company Ltd","55.8","-4.33"
"Sculpture & Design Ltd","55.89","-4.29"
"Precious Plastic - Dubai Chapter","25.002201","55.248799"
"Jorness Jewels","38.694904","-120.816324"
"Uist Wool","57.49","-7.24"
"Centre for Advanced Textiles","55.87","-4.26"
"George Thompson Furniture","55.87","-4.26"
"Risotto Studio","55.87","-4.26"
"Real Wood Studios","55.52","-2.57"
"Gordon Rogers","55.515395","-4.30474"
"Robert Mackie of Scotland","55.680535","-4.511431"
"Charlotte Hughes-Martin","52.475974","-2.15693"
"Upcycled Creative","53.08","-1.57"
"Sharon Kirby","55.96","-3.16"
"Tessuti Scotland","55.96","-3.16"
"Sparlonz Ltd","52.308604","-1.922175"
"Qualplast (1991)","52.53","-1.93"
"Tashkeel Makerspace","25.14226","55.225891"
"Italian Shoe Factory","25.141802","55.226635"
"Drapes Interio","25.117284","55.228698"
"Get A Grip Studio","52.426407","-1.917513"
"Lumsdale Glass","53.13905","-1.5332"
"Oasis Creativo BCN","41.416782","2.208244"
"S-biotica","41.416882","2.20736"
"Phil's Forge","53.020931","-1.571387"
"Neelam Group","25.235657","55.296687"
"Azooni Prints","25.23559","55.29672"
"Hamilton and Inches","55.95","-3.2"
"William Lockie","55.419922","-2.789768"
"Curiousa & Curiousa","53.07551","-1.57593"
"MetalFabrik","25.162671","55.253627"
"International Diamond Laboratory (IDL)","25.162671","55.253627"
"Inkstinct","25.162671","55.253446"
"Acrylic Gallery","25.162671","55.253446"
"Out of the Box","25.162671","55.253446"
"Al Reyami Fabrics","25.162671","55.253627"
"Art Plus Printing Service","25.162671","55.253627"
"Make My Creation","25.162671","55.253446"
"PMG Printhouse","25.162671","55.253446"
"ARH Events and Exhibition","25.162671","55.253446"
"Emesh Metal","24.977599","55.091074"
"Skye Weavers","57.44","-6.69"
"Turnberry Rug Works","55.29","-4.83"
"Weston Beamor","52.48786","-1.912892"
"Wood Luck Carpentry","25.144241","55.231935"
"Stevie Davies Glass","52.92671","-1.48573"
"MKI Plexi","47.555631","19.046901"
"RM Eaton Stonemasonry Ltd","53.156411","-1.643228"
"Leather Life Upholstery","25.135145","55.239009"
"Laser Craft Mechanical Services","25.168122","55.258341"
"Right Concepts Advertising LLC","25.168122","55.258341"
"Bespoke Joinery","24.978262","55.198807"
"Scottish Sculpture Workshops","57.29","-2.87"
"Shilasdair Yarns","57.54","-6.61"
"Downie Allison Downie","55.87","-4.3"
"Louise West Lace Design","52.92461","-1.48392"
"LIKEN","41.397069","2.199455"
"Fórum Fabrika","47.48071","19.03093"
"Sonia Benítez","41.382894","2.177432"
"Naifactory Lab","41.382894","2.177432"
"Richard Bett Jewellery Maker","53.03283","-1.47208"
"Lov Ferments","41.397418","2.192058"
"Macus Cooperative","41.399215","2.194794"
"Un Taller Para Todas","41.426137","2.201564"
"Zeeshan Jewelry","25.276141","55.301675"
"Industrial Springs","55.85","-4.3"
"John Keatley Metals","52.49","-1.9"
"BeYonder","55.85","-4.21"
"Q-Mass","55.737395","-4.16807"
"FizzPOP Makerspace CIC","52.48","-1.88"
"BACKFACE","52.48","-1.88"
"Blue Rhine General Trading","24.988742","55.193574"
"Ian Mundie and Son","55.859988","-4.255228"
"Premier Patterns and Castings","52.504873","-1.993224"
"Mega Paints Trading LLC","25.1602","55.24192"
"Michael Rice Ceramics","25.093525","55.151572"
"Skye Knives","57.45","-6.74"
"Neptune Fabrications","55.86","-4.3"
"Peacock Visual Arts","57.15","-2.09"
"Out of the Blueprint","55.96","-3.17"
"Native Flok","55.96","-3.17"
"IHE Stainless","55.928494","-4.050926"
"Abu Dhabi Pottery","24.469495","54.346713"
"Dovecot Studios","55.948113","-3.184893"
"MAKLab Textiles","55.87","-4.27"
"L.J.Millington - Silversmiths","52.497371","-1.912637"
"WeSprayAnything","52.315986","-2.059954"
"MJM Bespoke Fabrications","52.479071","-1.882948"
"Donna Budapest","47.438555","19.149588"
"Thor Machine Workshop","63.44201","-20.276339"
"Leonel Signs","41.377828","2.16821"
"Smith & Rodger Ltd","55.86","-4.28"
"Calzeat","55.62","-3.52"
"Anchor & Crew","52.923416","-1.478146"
"rami offenes Keramikstudio","48.222622","16.385665"
"Veronika Persché Strickdesign","48.206779","16.330155"
"FabricFabrik","48.206862","16.331369"
"Sunshine Metal Works","25.116968","55.231661"
"Al Jazri Fablab","25.34615","55.421063"
"Gallery Interior Decor","25.34615","55.421063"
"Betty Spoke","55.84","-4.27"
"Skipalyftan","63.446642","-20.27678"
"TMDC","41.426488","2.199749"
"Frankstahl Rohr- und Stahlhandelsges.m.b.H","48.047176","16.320196"
"Nähsalon Nahtlos","48.205715","16.351641"
"Lazulite Technology Services","25.289793","55.39547"
"Titan Props","55.85","-4.29"
"Jay Surfboards","55.88","-3.07"
"Mission Print","52.48","-1.89"
"Birmingham Printmakers","52.48","-1.89"
"Cube Precision Engineering","52.48","-2.03"
"The Smallprint Company","52.92233","-1.48412"
"LED Corner Trading","25.134998","55.228106"
"Westend Cabinetmaker","55.88","-4.27"
"Totty Rocks","55.94","-3.2"
"Silo Design & Build","55.84","-4.26"
"Wonky Woolies Ltd","55.6","-2.43"
"Gale & Co. Limited","52.47","-1.9"
"Ash & Lacy","52.510411","-2.008266"
"LayerX 3D Printing Products Production Co.","25.032132","55.191307"
"ABRA VM & SD International","25.032132","55.191307"
"Gayfield Design","55.960886","-3.164493"
"Lemon Signs Ltd","52.938903","-1.468093"
"Walter Montivero","41.408752","2.200259"
"Crea-re Studio","41.408752","2.200259"
"Super Sign Advertising","24.348873","54.490438"
"Todd & Duncan Ltd","56.2","-3.42"
"Smyth Composites","56.5","-2.73"
"Archibald Young","55.94","-4.16"
"WERKSALON Co-Making Space","48.232779","16.456544"
"Arbitrary Solutions","25.189722","55.302073"
"Terrain Floorings","25.282782","55.34682"
"Kingscroft Logistics","55.6","-4.68"
"Chalk Works","55.94","-3.15"
"Central Scanning","52.38","-2.06"
"Temina Crafts","52.971087","-1.307171"
"Megan Crook Textiles","52.92","-1.48"
"Gordon Ellis & Co - Rotational Moulding","52.84951","-1.34217"
"Glasshouse","25.231153","54.219008"
"Skyeskyns","57.51","-6.56"
"Evergreen","57.479755","-4.223209"
"Twa Dugs Design","55.467126","-4.632738"
"Aquajet Profiles","52.39","-1.6"
"The Dual Works","52.48782","-1.907561"
"Midton","56.026733","-5.4257"
"Al Fakher Pottery","25.28762","55.982499"
"Abigail Wastie Textiles","52.944722","-1.496833"
"Creative Platform Fashion Designing","25.121706","55.385505"
"Scottish Wood","56.07","-3.56"
"Esk Glazing","56.71","-2.47"
"Avonstar","52.478378","-1.884553"
"MAKE","24.455259","54.614404"
"Eggleston Steel Ltd","52.937905","-1.470317"
"Gabriela Lotaif","41.48229","2.326529"
"Elgin Marble Company","57.642466","-3.307879"
"FifeX Ltd","56.45","-2.88"
"Greenhills Clothing","55.871963","-4.023439"
"Roger Waterhouse Wood Turner","53.15453","-1.4696"
"Highland Colour Coaters","55.93","-3.98"
"SPLINTR","55.97","-3.17"
"Rope Press","52.47","-1.89"
"Caledonian Packaging","55.931859","-3.24916"
"Premier Screen Services","52.487153","-1.868449"
"Desert Board","24.453835","54.377401"
"Amani Ceramics Pottery and Art (A-CPA)","25.055945","55.207465"
"J Hewit and Sons Leather","55.91","-3.51"
"Johnstons of Elgin: Knit","55.429517","-2.779212"
"Alison Yule Textiles","53.02161","-1.61642"
"Valami Produktív","47.486782","19.082324"
"Ardh Collective","25.074282","55.188539"
"Print Works","25.132636","55.244895"
"FabLab INSA Strasbourg","48.583148","7.747882"
"AV-Lab","48.583131","7.754063"
"Fab Lab Irbid","32.48882","35.976346"
"FABLAB KERALA - Trivandrum","8.557167","76.880297"
"Fab Lab Afghanistan","34.434469","70.448505"
"Drone Lab Brasil","-23.542017","-46.63578"
"Fab Lab Carnegie Science Center","40.446191","-80.018821"
"Icelandic Textile Center","65.661713","-20.291235"
"Fab Lab Casa Firjan","-22.949926","-43.188582"
"Fab Lab IDEX Huando","-11.484915","-77.183799"
"FabLab JCCSSYL","22.453504","114.002999"
"Ongola Fablab","3.85776","11.507091"
"Yansokilab","3.969893","9.791879"
"Le Nautilus / MicroFolie","50.733312","1.600563"
"Fab Lab Strandir","65.702946","-21.679271"
"Trinity-Area High School Fab Lab","40.164412","-80.248434"
"FabLAB amadomakerUPF","-28.233467","-52.405684"
"D'lab Leeuwarden","53.199746","5.800719"
"Hope Lab","32.064699","34.772514"
"Fab Lab Madrid CEU","40.40016","-3.83506"
"FABLAB Bicol, Legazpi City Philippines","13.147044","123.729122"
"Le Prototype - EleFab","45.566169","5.926768"
"Makerspace 56","47.642312","-2.754169"
"Fablab Vichy Communauté","46.129339","3.430805"
"FABLAB UP CIDETE","8.174962","-80.976056"
"Social FabLab","42.724775","12.096597"
"Tinki Lab","-11.885392","-77.025957"
"Makerspace Bocholt","51.838663","6.604371"
"The Social Makerspace","43.20207","27.914896"
"Fab Lab IDEX Simon Bolivar","-12.057906","-77.108875"
"Fab Lab Joinville","-26.301161","-48.851294"
"Global Center for Digital Innovation","35.100129","-85.237321"
"Fab Lab IDEX Manuel Antonio Hierro Pozo","-13.150801","-74.219101"
"Fab Lab Armenia Education Foundation","40.746266","44.833634"
"Mt. Elliott Makerspace","42.331427","-83.045754"
"FAB LAB UPSA","-17.762898","-63.147768"
"FabLabIUB","23.815385","90.427694"
"Fablab Leoben","47.381017","15.096305"
"Offene Werkstatt Gilching","48.108953","11.300541"
"USC Maker Space","-26.718023","153.061388"
"Fab Lab Orhei","47.385557","28.829308"
"FabLab Allgäu","47.709999","10.320444"
"Kempodium","47.710006","10.320461"
"Fab Lab Maya","19.568591","-88.045608"
"BerryLab36","46.812097","1.675165"
"Sanjivani Fab Lab","19.900877","74.494696"
"Surry Design Lab","44.499338","-68.503438"
"FABLAB-OLMECA","18.047931","-94.402819"
"FabLab SFedU","47.215129","39.625959"
"Fabmobil","51.050409","13.737262"
"FabLab Karlsruhe e.V","49.004553","8.429154"
"3D-DRUCKZENTRUM-RUHR","51.458646","7.014211"
"Fab Lab Beni Suef STEM School","29.066135","31.099421"
"The Design Fablab","28.594487","77.326602"
"Pierce Fab Lab","38.003049","23.830139"
"ICI Nantes","47.225555","-1.537624"
"Pracownia Aktywnego Korzystania z Technologii Wrocław","51.127988","17.053762"
"FaberLab Varese","45.703327","8.90522"
"Fab lab Outaouais par La Fabrique Mobile de l'Outaouais","45.459193","-75.769728"
"Fablab puiching(Macau)","22.201551","113.548235"
"TECNOPUC FabLab - FreeZone","-30.060357","-51.169564"
"Cape Craft and Design Institute","-33.924869","18.424055"
"FabLab DongGuan","22.935358","113.887455"
"Dezentrale Dortmund","51.510074","7.439783"
"FAB LAB Godoy Cruz","-32.94356","-68.818526"
"Netaji Subhas Institute of Technology","28.704059","77.10249"
"Indian Institute of Technology","26.449923","80.331874"
"Lab Maker Living Lab MS","-20.453204","-54.605104"
"MVCCFABLab","43.077007","-75.218217"
"Tatcraft","50.14053","8.736442"
"Shukhov Lab","55.761305","37.633073"
"Fab Lab Akranes, Innovation Center Iceland","64.322357","-22.07443"
"FabLab Orléanais","47.844261","1.938959"
"OpenLab Hamburg","53.568831","10.107385"
"Fablab Ogeum","37.500487","127.141109"
"HONFablab","-7.807978","110.377268"
"Fablab UAE Van","25.218697","55.269396"
"ISA Innovation Centre","23.15365","113.43286"
"FabLab UAE School","25.276606","55.342779"
"coolcsn","42.130664","24.704919"
"GreenLab Microfactory","7.322873","3.788035"
"Makeo","43.720452","-1.052531"
"K-Lab Yangon","16.855579","96.135011"
"Fab Lab Leonardo da Vinci","-19.967309","-44.201192"
"MakersLab","52.022091","5.661235"
"LEAP Academy Fabrication Lab","39.946079","-75.118305"
"RépareRecycle / 974","-21.232859","55.578683"
"Fab Lab Castelldefels","41.276002","1.988794"
"Fablab Beni Suef","29.070946","31.102335"
"FabLab UNSAM","-34.581855","-58.519324"
"Edgewood Middle School Fab Lab","45.105741","-93.203814"
"LimouziLab","45.839634","1.267027"
"Fablab Poliba","41.119319","16.675099"
"FabLab Setagaya at IID","35.646369","139.680888"
"AMADOTEC FAB LAB","-23.079095","-47.213577"
"Fablab Zhengzhou","34.792369","113.543574"
"Protospace/FabLab Utrecht","52.09179","5.11457"
"ROBOKIDS centar","44.772181","17.191"
"FabLab BEN","44.802885","-0.546448"
"AIC-RNTU FabLab","23.134297","77.564291"
"FabLab Mahdia","35.502187","11.048569"
"FabLab TU-Berlin","52.513642","13.323186"
"fablab UDLA","-0.167262","-78.472632"
"FABLAB IZTECH","38.325292","26.630165"
"Valeggio FabLab","45.31581","10.76215"
"Fab Lab Boston @ South End Technology Center","42.34566","-71.075805"
"SFSD FAB LAB","42.978067","-87.875591"
"Digihub - FAB LAB Davao","7.086466","125.615387"
"Fab Lab AUC","30.019161","31.498589"
"Pickerington Mobile Fab Lab","39.88423","-82.753505"
"VASCSC FabLab","23.036155","72.549297"
"FabLab MinatoMirai - Kanagawa University","35.345079","139.260305"
"Choego FabLab","27.482549","89.632056"
"FabLab Ucontinental","-12.047479","-75.199018"
"Fab Lab Juarez","31.745403","-106.44863"
"FAU College of Engineering and Computer Science Fab Lab","26.373812","-80.101938"
"Polifactory","45.50419","9.16413"
"Batch Space","51.532409","-0.056105"
"Wabeno Fab Lab","45.439163","-88.658847"
"FABLAB MANTOVA","45.159643","10.822156"
"Fablab Riviera","46.458962","6.853378"
"Plus Portogruaro","45.782994","12.790826"
"KIET TBI PRAYAS SHALA FabLab","28.752857","77.497643"
"FAB LAB NOLA at Delgado Community College","29.9872","-90.10491"
"I.O.Me005","-2.176789","40.814631"
"FabLab Castelo Branco","39.814594","-7.507163"
"Growlab","44.869229","10.07432"
"FabLab Valsamoggia","44.470514","11.100863"
"Smarteducationlab fablab Lecce","40.336176","18.122013"
"Basque fab Lab ( power by Denokinn)","43.320056","-3.045629"
"LURLAB Ataun","42.979163","-2.181554"
"Creaticity FabLab","43.212403","13.28369"
"Fab Lab Bali","-8.793119","115.150132"
"MASTIC","45.194181","5.770199"
"CITC FabLab","61.210845","-149.810684"
"Nodelab Guidonia Montecelio","41.964667","12.761008"
"ElobourFabLab","30.228318","31.479866"
"kalubyaFaLab","30.228341","31.479895"
"Fablab UTMN","57.158357","65.527772"
"Industrial Studio","-35.423244","-71.64848"
"FabLab Cuiabá-BR","-23.471894","-47.431835"
"Fab LAB Facens","-23.471432","-47.428752"
"Tanzania Open Innovation Organisation (TOIO)","-5.086574","39.115463"
"CULTURE NUMERIQUE","48.69245","2.432996"
"Fablab Jababeka","-6.28278","107.176879"
"MakersAcademy","29.347213","48.086282"
"UValladolid","41.662781","-4.705365"
"IN-HUB Přerov","49.4545","17.448781"
"Fab Lab ""Club for Young Technicians""","54.844098","83.11388"
"DeVinci Fablab","48.895883","2.23639"
"FabLab Frosinone","41.640631","13.348033"
"Fablab Shenzhen - Shenzhen Open Innovation Lab","22.509809","114.054823"
"C -Fabrication Laboratory","30.627032","104.076535"
"Marin Country Day School - Makers' Lab","37.919935","-122.49091"
"Mackenzie Campinas","-22.885707","-47.068607"
"Mini Fablab Kerala SNGCE","10.008245","76.453105"
"Haystack Fab Lab","44.188882","-68.584493"
"FabLab Senai-UEMS","-22.258417","-54.800352"
"Aegean Idea Lab","37.068463","25.260102"
"Fablab Gearbox","-1.302035","36.837933"
"DronesLab","50.410861","4.451532"
"Club ATP Lab","-32.408739","-63.253958"
"EigerMaker - Makerspace & FabLab Berner Oberland","46.692313","7.876584"
"L'Atelier du PlayLab","43.561416","1.501866"
"BeeLab - Laboratório de Fabricação Digital do Parque Tecnológico Jataí","-17.925033","-51.716085"
"Fabrik@Boom","44.756615","-0.694389"
"Médiathèque Les Carmes (Coop fablab)","43.69353","5.50371"
"Fablab Centro TICS","14.625874","-90.513232"
"LAB-LOB","40.347625","-3.696269"
"Fab Lab Libya","32.07932","20.071088"
"FAB LAB GAMT","-23.107138","-45.701444"
"FabLab Maadi STEM School","29.963653","31.311387"
"Fab Lab Daejeon","36.355539","127.367752"
"Studio 5t","41.9007","12.468987"
"Lincoln FabLab","40.016458","-82.865554"
"FabLab SUPSI","46.035702","8.966155"
"Trinity-Area Middle School Fab Lab","40.148823","-80.264263"
"SCI - FABLAB MAGURELE","44.349966","26.031042"
"VEO","-12.068787","-77.078011"
"Fab Lab PUCP","-12.068461","-77.078773"
"Fab Lab Passo Fundo","-28.254178","-52.395963"
"Fab Lab Kambsdalur","62.219708","-6.809846"
"FabLab Vosges","48.28097","6.94816"
"FAB LAB LIVRE SP CENTRO CULTURAL SÃO PAULO","-23.571475","-46.640214"
"POMlab","44.555452","7.736543"
"FAB LAB LIVRE SP CEU TRÊS PONTES","-23.478372","-46.381302"
"FAB LAB LIVRE SP CEU HELIÓPOLIS","-23.622172","-46.590795"
"FAB LAB LIVRE SP CHÁCARA DO JOCKEY","-23.598009","-46.744681"
"FAB LAB LIVRE SP CEU ANHANGUERA","-23.439784","-46.787138"
"Sanku Lab","9.550278","-13.672011"
"FABLAB BLEST GANA","-33.519613","-70.638154"
"FABLAB ABG","-33.52015","-70.637471"
"Vectorealism FabLab","45.437977","9.232026"
"Station K","5.160316","-52.64808"
"PL Fablab KSA","24.765947","46.661608"
"Agency of innovation","57.005064","40.976654"
"FAB LAB LIVRE SP CENTRO CULTURAL DA JUVENTUDE","-23.475924","-46.670416"
"FABLAB Hamamatsu","34.710778","137.726108"
"KAIST Idea Factory","36.370717","127.357351"
"Fab Research Yokohama (Keio University)","35.442563","139.641344"
"Fab Lab NURIS","51.093921","71.398746"
"Mini FabLab MakerHousehold","52.226384","6.92236"
"American Center Korea","37.540003","126.973466"
"MakerHouse RI:UM","35.871037","128.588009"
"Fablab Unitec","14.048087","-87.174125"
"FabLab19","45.15482","1.509037"
"Innovation Lab for Operations","32.218173","-7.935658"
"Space NV","55.709589","12.521759"
"FabLab Liepaja","56.50226","21.012868"
"FabLab - OCTT Homiel","52.47442","30.99671"
"Bright Up","26.216738","50.19827"
"DIY-Holzwerkstatt","51.350108","12.499156"
"Fab Lab Escola SESI - Marília","-22.241162","-49.926989"
"Ingenio Triana","37.377724","-6.003694"
"Fab Lab Escola SESI - Ourinhos","-22.963091","-49.887017"
"Soddy Daisy Middle School Volkswagen eLab","35.263236","-85.17159"
"Envite Design Lab","40.25516","-82.888729"
"Lake Mac Libraries Fab Lab","-33.091984","151.637392"
"Fab Lab Escola SESI - Mauá","-23.663252","-46.449266"
"Matusa FabLab Sciacca","37.50724","13.081728"
"FABLAB CASABLANCA","33.617902","-7.48517"
"Fab Lab Escola SESI - Ipiranga","-23.582438","-46.608063"
"FabLab Solidaire Mamiratra","-18.9107","47.542981"
"FabLab Guldborgsund","54.769851","11.87029"
"cityfab 2","50.872964","4.415625"
"ISTIALAB","47.478612","-0.563717"
"FabLab Onaki","45.425419","-75.717912"
"Fablab Micro Folie Evreux","49.025648","1.172071"
"La Shop","48.803574","-79.204979"
"Fablab SV (El Salvador)","13.693387","-89.235469"
"Howard Connect Academy Invention Collaboratory","35.026539","-85.309138"
"HCA Invention Collaboratory","35.0261","-85.309825"
"The Howard School VW eLab","35.02601","-85.309744"
"Kivu group corporation","-2.512302","28.848028"
"Lisungi Fablab","-4.311735","15.303603"
"FAB LAB SANTA CRUZ","-17.774356","-63.192582"
"UPSA Maker Space","40.963557","-5.666339"
"Fablab O - Shenzhen “数制”工坊-深圳站","22.720923","114.246822"
"FABLAB UJAEN","37.787278","-3.775328"
"Green FabLab, Kamp-Litfort","51.498133","6.548884"
"Nexus International School (Singapore) Makerspace and Fab Lab","1.319258","103.775738"
"iMakerbase","22.60536","113.848278"
"Bright Youth Council","-25.525355","28.100563"
"Laboratorio de Artesanía Digital","37.838227","-0.793732"
"Brooks Crossing Innovation Lab","36.984147","-76.42371"
"Fab Lab de l'Académie Ste-Thérèse","45.64638","-73.774984"
"Fab Lab AST","45.64638","-73.774984"
"LURLAB mobile","43.022038","-2.272022"
"At3flo","47.0043","7.106496"
"Stanford Learning FabLab","37.441883","-122.143019"
"Stoughton High School","42.923418","-89.235208"
"Fab Lab Houston","29.900995","-95.344388"
"FabLab Bangkok","13.720484","100.498353"
"Fab Lab Escola SESI - São José dos Campos","-23.251901","-45.885259"
"Snepo FabLab Sydney","-33.874935","151.214937"
"Fab Lab Escola SESI - Tatuí","-23.342322","-47.839064"
"FabLab of ITMO University","59.93428","30.335099"
"RDFLAB FIU","25.75895","-80.375613"
"EHove Career Center Fab Lab","41.33146","-82.632081"
"Fablab Badajoz","38.884186","-7.003006"
"Fablab Ostiense","41.867587","12.478949"
"FabLab UniTrento","46.068089","11.149776"
"Fabdulys","43.513794","1.17891"
"SPACE+SPACE FabLab","3.08095","101.613"
"Fablab Abruzzo Digitaleria","42.461794","14.216096"
"The Beach Lab","48.135125","11.581981"
"POALAB","-30.026147","-51.221239"
"FabLab Gaziantep","37.035063","37.313812"
"Fab Lab Escola SESI - A.E. Carvalho","-23.535861","-46.47542"
"FAB LAB LIVRE SP CASA DA MEMÓRIA ITAQUERA","-23.535769","-46.45534"
"Fair Use Building and Research (Fubar) Labs","40.486802","-74.459238"
"LAB ABERTO FAB LAB","39.091725","-9.259441"
"Fabrico","44.933955","4.893605"
"IDEAStudio","29.736032","-95.574035"
"IDEX PERU JAPÓN","-6.22961","-77.869954"
"Atölye Ankara","39.968082","32.838339"
"FabLab-UtoPi","46.80641","4.415033"
"FabLab DEU","35.145474","129.036813"
"Schenectady-GE Mobile Fab Lab","42.814243","-73.939569"
"FAB LAB ENIAC","-23.47234","-46.53083"
"FabLab Mallorca","39.542533","2.741153"
"Fab Lab IDEX Carlos Salazar Romero","-9.126724","-78.52318"
"Fab Lab Escola SESI - Bauru","-22.332062","-49.078318"
"Fablab Brussels","50.822373","4.386691"
"Niba maker space","34.341067","108.939714"
"Stadslab Eindhoven","51.438134","5.487659"
"Fablab Imola","44.353266","11.693217"
"EL FABSPACE Beb Dzira","36.79385","10.178183"
"Fab Lab IDEX Huancavelica","-12.783853","-74.97738"
"FAB LAB EMGYTEC","-12.066098","-77.054599"
"WE DO FAB LAB","45.572144","8.639177"
"Syskrack","40.632364","16.283492"
"FabLab Unicomfacauca","2.442223","-76.60539"
"ASU Media and Immersive eXperience Center FabLab","33.416824","-111.829517"
"Fab Lab IDEX Pasco","-10.665146","-76.251853"
"Fab Lab IDEX Nueva Esperanza","-8.080122","-79.035852"
"FabLab ENIT","36.828633","10.141519"
"FabLab Groene Hart","52.161522","4.743959"
"Fab Lab Escola SESI - Taubaté","-23.01681","-45.573992"
"Fab Lab IDEX República Federal de Alemania","-6.774492","-79.851863"
"FabLab Bergen op Zoom","51.495101","4.288863"
"Fab Lab Escola SESI - São José do Rio Preto","-20.809338","-49.36483"
"Fab Lab IDEX Pedro A Del Águila Hidalgo","-3.748595","-73.258798"
"Linguere Fablab","14.732812","-17.456187"
"FabLab Kannai","35.446611","139.637728"
"Fab Lab IDEX Nor Oriental de la Selva","-6.49576","-76.356698"
"Fab Lab IDEX Suiza","-8.390892","-74.57569"
"Fab Lab Escola SESI - Ribeirão Preto","-21.190583","-47.776592"
"Mini FabLab FISAT","10.231416","76.408794"
"Collaboration Space","40.893413","29.377755"
"FAB LAB LIVRE SP C.F.C. CIDADE TIRADENTES","-23.580126","-46.389843"
"FabLab Singapore Polytechnic","1.309146","103.779004"
"STEAM Fab Lab TASIS Dorado","18.444954","-66.270024"
"Espacio Maker UNA","10.003069","-84.116827"
"Fab Lab Escola SESI - Birigui","-21.299332","-50.332695"
"Lal Bahadur Shastri Mini Fab Lab Kasaragod","12.502931","75.080056"
"Fab Lab Escola SESI - Campinas","-22.915463","-47.067825"
"Fab Lab Cardiff","51.494821","-3.212362"
"Sale Creek VWeLab","35.382469","-85.105059"
"La Passerelle","46.726681","2.506221"
"FabLab Kaunas","54.903925","23.957784"
"FabLab Bohol","9.646896","123.855911"
"FabLab Coventry","52.407545","-1.493445"
"Fablab Narmadalaya","22.120062","75.687938"
"Fablab CST - Phuntsholing, Bhutan","26.850176","89.394001"
"FabLab Madurai","9.90869","78.109558"
"Fab Lab Minya","28.100694","30.752613"
"CSAS VW eLab","35.050417","-85.294797"
"Fablab ÉvoraTech","38.547537","-7.910693"
"Fab Lab MDP","-37.99607","-57.557931"
"RuralLab","46.744746","0.931698"
"MIY MakerS","46.806984","7.177519"
"Inno FabLab","41.16418","28.769686"
"Creative Spark Enterprise Fablab","53.984315","-6.383099"
"FabLab Underes Ätzisloo","47.761211","8.586822"
"Digital Craft House","35.850638","50.98841"
"Fablab da Firjan SENAI Caxias","-22.783334","-43.307887"
"CNU Inno-Factory(Chungnam National University)","36.368812","127.346812"
"FabLab Odemis","38.219599","27.969243"
"SDG Solution Space","46.220696","6.14706"
"fablab@strathclyde","55.861884","-4.245286"
"Hackspace Catania","37.513299","15.088044"
"ACE Lab","32.346547","-97.424115"
"Fablab Bristol - Saint Gobain","51.528005","-2.588788"
"Fab Lab UN Medellín","6.263767","-75.578636"
"FabLab da Firjan SENAI Nova Friburgo","-22.284334","-42.533108"
"Smart Materials","49.739708","4.717862"
"Hand Made","41.292487","-72.619644"
"Things Lab","41.320161","19.805164"
"Fab Lab Isafjordur","66.074063","-23.134874"
"42Wolfsburg FabLab","52.426763","10.789528"
"Fab Lab Hartlepool","54.683526","-1.216293"
"KAUST Prototyping Core Lab","22.30898","39.103666"
"Hobotorez","50.357842","30.608199"
"SEDI-Cup-ct","37.601722","-0.979471"
"Markham MakerSpace","-12.125101","-77.016286"
"Fablab Agrigento","37.313228","13.579194"
"skylabworkshop","35.307085","139.552187"
"Tata Centre for Technology and Design (TCTD)","19.130802","72.91734"
"FabLab B3","50.644868","5.590546"
"Artilab Foundation","13.021271","77.539945"
"Fablab Chennai","12.931671","79.897044"
"Fabulosa Lab","-22.926481","-43.17689"
"ЦМИТ ""Авиатор"" - Aviator CMIT","55.849126","49.093817"
"Bio-Fab","43.636939","3.866147"
"McKinley South End Academy Fab Lab","42.344662","-71.073095"
"NCCU Fab Lab | North Carolina Central University","35.975553","-78.902811"
"Fab Lab Pembrokeshire","51.700923","-4.925987"
"Fab Lab IDEX Francisco de Paula Gonzales Vigil","-17.993955","-70.244264"
"FabLab Sion","46.230756","7.362828"
"ArD TechLab","33.89996","35.483755"
"ISA Innovation Centre Liwan","23.056837","113.196068"
"FabLab Castanheiras","-23.471115","-46.850151"
"FabLab Kids - Portal Bosque","-34.900156","-54.849823"
"Fab Lab Escola SESI - Franca","-20.542713","-47.38236"
"FabLab DAZAIFU","33.50814","130.506275"
"ebers ideas","19.199743","-98.815572"
"Fablab Tiers lieu de Carpentras","44.054892","5.045954"
"FabLab CFUV","44.957943","34.091606"
"Fab Lab Escola SESI - Limeira","-22.575515","-47.49089"
"MarkerLab","45.679336","11.92558"
"FabLab Jujuy","-24.185786","-65.299477"
"Fab Lab Aachen at RWTH Aachen University","50.778476","6.059939"
"Fab Lab IDEX Jorge Basadre Grohman","-12.592323","-69.194425"
"Pronto3D Unochapecó","-27.094037","-52.666486"
"FabLab Kielce","50.86797","20.626711"
"FabLab Kielce Stowarzyszenie Naukowo-Techniczne","50.868167","20.626651"
"Le Konk Ar Lab","47.884766","-3.915159"
"FabLab Amman","31.996397","35.898321"
"FAB LAB CITEB","-22.328668","-49.066069"
"SIFC ACT Center","22.783812","113.837937"
"ESPOCH-FAB-LAB","-1.665023","-78.658879"
"FabLab USMP","-12.072287","-76.942566"
"FABLAB ""L"" in Poland, Lubelskie","51.446483","21.974967"
"FAB LAB CENTRO CULTURAL DA PENHA","-23.525866","-46.548419"
"FabLab Kenitra","34.256279","-6.581407"
"iLab Veracruz","19.543775","-96.910181"
"SMARTiLab","33.962706","-6.837378"
"Fab Lab Fort Smith","35.385924","-94.398548"
"TUC Lab","35.518304","24.038359"
"FabLab Busan_Route","35.117136","129.088077"
"Digital Fabrication Space @ Science Centre Singapore","1.332858","103.736143"
"Fab Lab Kä Träre","9.94039","-84.047613"
"Fablab Chengdu DiiLab 地火实验","30.71398","104.011452"
"FabLab CTU-Tuburan","10.718355","123.819573"
"Fab Lab N2","24.775804","46.660124"
"Fab lab Riyadh","24.775824","46.660241"
"Fabryka Pasji","51.94628","15.522598"
"FabLab Unipam","-18.574451","-46.513701"
"FabLab Vilnius | Meškėnų laboratorija","54.695299","25.30876"
"Fab Lab Limerick","52.665901","-8.623945"
"FAB LAB Villa La Angostura","-40.760034","-71.647585"
"Fablab Quang Nam","15.558239","108.491206"
"Physalis Lab","-33.450495","-70.683913"
"FabLab Vicenza","45.529519","11.49915"
"Miami Valley Career Technology Center Fab Lab","39.845776","-84.328903"
"fab-c","50.404785","4.438636"
"EnCube Labs","23.019632","72.553458"
"Fab Lab Firjan SENAI Campos","-21.753321","-41.338199"
"NJV Akhuwat FabLab","24.862362","67.019663"
"QSTSS FabLab","25.227468","51.470048"
"JWPTI fablab","26.935688","90.368313"
"CUArch Fab Lab","38.934497","-76.997469"
"FabLab Mazara","37.655806","12.58912"
"FabLab.blue","51.793756","6.143449"
"Fablab Gijón","43.508289","-5.690641"
"QBIC Fab Lab","25.166392","51.404855"
"SCIFI","42.63182","23.36663"
"Casanostra","33.590219","-7.629509"
"Reynoldsburg Battelle Fab Lab","39.97076","-82.751485"
"Fab Lab Siam","13.681328","100.525048"
"Open Edge","48.805968","6.712978"
"FabLab Münster","51.960665","7.626135"
"Greenhouse MakerLab","42.054967","-87.916289"
"DesignCNC","-23.223701","-45.900907"
"Fab Lab Nantong","31.97652","120.91184"
"Maker Hanoi","21.042253","105.805001"
"Polsky Exchange Fab Lab","41.799358","-87.589461"
"FabLab Truck","52.366976","4.937145"
"ZB45 Makerspace","52.366976","4.937145"
"Fablab XI’AN","34.24109","108.92883"
"JunksionXlabs","18.009272","-76.745636"
"Fab Lab Ajaccio","41.926479","8.734842"
"Marymount School Fab Lab","40.786553","-73.951068"
"INSTITUTO FAB LAB BRASIL","-23.555181","-46.67399"
"Le Village Graphic - FabLab","43.59337","7.057407"
"DAU Fab Lab","24.713552","46.675296"
"Sustainable South Bronx","40.85","-73.866667"
"Mobile Fab Lab, Fab Labs Carolinas","35.994033","-78.898619"
"Upper St. Clair Fab Lab","40.334751","-80.070905"
"Sinclair Community College Fab Lab","39.758948","-84.191607"
"Brescia Fablab","45.522717","10.198173"
"MC2STEM High School","41.540643","-81.559169"
"PCI ProtoLab","50.030774","21.999526"
"FabLab Addis","9.037717","38.755227"
"FabLab-ZS PengLai","37.817382","120.790047"
"Cofactory","-31.422904","-64.194491"
"Fab Lab IDEX Tupac Amaru","-13.532047","-71.928903"
"Fab Lab Escola SESI - Piratinga-Osasco","-23.514126","-46.78701"
"FabLab Western Sicily","37.79989","12.43166"
"FAB LAB Escola SESI-SP Araraquara","-21.777343","-48.162763"
"Xplore Studio","24.72934","46.641677"
"Charlotte Latin Fab Lab","35.079832","-80.774906"
"FabLab Centro de Innovación UC","-33.49782","-70.615262"
"EnergyLab Lomé by Energy Generation","6.190824","1.249267"
"Smart Mall","-23.496341","-47.467496"
"QuitandaLab - FabLab","-12.14754","-45.023589"
"FabLab Malopolska","50.07392","19.912617"
"Goldorhack","48.841695","-1.564392"
"FabLab Umeå University","63.820601","20.277998"
"RIBOLAB","48.194544","7.321548"
"Fab Lab Akureyri","65.671819","-18.101693"
"FabLab VdA","45.737998","7.328182"
"Fab Lab Provence","43.293476","5.389933"
"Qinhuangdao Innovation Laboratory","39.9345","119.61063"
"FAB LAB RIO","-22.884865","-43.312452"
"TaMaCo","-34.642958","-58.406064"
"PlusX Brighton Fablab","50.842158","-0.121241"
"Shaoxing Open Innovation Lab","29.996659","120.56479"
"Fábrica de inventores","21.057176","-89.531235"
"Fab Lab UPeU","-11.991713","-76.840203"
"Fablab,Noida","28.615502","77.366038"
"Developer Fab Lab","9.106847","7.409741"
"FabLabz","11.022254","76.986967"
"Createch","43.665174","1.504071"
"IoTLabSu","5.830945","-55.198691"
"FabLab UNR","-32.96615","-60.624315"
"FabLab Brno","49.232967","16.572902"
"FabLab Experience","49.233128","16.572372"
"FabCube","45.989992","12.297197"
"FabLab Region Rothenburg o.d.T. e.V.","49.378352","10.178048"
"CimeLab","44.901128","6.633771"
"Saxion FabLab Enschede","52.220235","6.888603"
"Soko Lab","41.42435","2.188874"
"FANLAB","48.871961","2.482992"
"FABLAB CALDERARA","44.54429","11.26186"
"Center for Rapid Innovation / Werkstaette Wattens","47.286907","11.592372"
"FabLab Benfica","38.746159","-9.195307"
"UNAM FABLAB","19.309125","-99.185968"
"FABLAB CARAGA","8.958585","125.595758"
"Fab Lab Escola SESI - São Bernardo do Campo","-23.71235","-46.575212"
"FABJARDIN","19.268588","-98.891126"
"Laboratório de Fabricação Digital (LFD)","-26.891665","-49.083433"
"FabLab Lazio Roma","41.890213","12.517878"
"Valley Middle School of STEM FAB LAB","44.72692","-93.239738"
"Aula Stem FabLab","5.056023","-75.491202"
"Laboratório Aberto SENAI FIEMG","-19.918725","-43.938396"
"FABLAB ALAHSA","25.409845","49.558279"
"Crookston NW MN FAB Lab","47.79053","-96.602388"
"FABLAB ILIAUNI","41.712929","44.748509"
"FabLab PTS - Parque Tecnológico de Sorocaba","-23.48387","-47.471885"
"FabLab Rzeszów","50.06351","21.978982"
"FabLabVicenteLopez","-34.542409","-58.512194"
"Fablab Coh@bit IUT Bordeaux","44.79083","-0.611331"
"Işık Fab Lab","41.168753","29.560805"
"L'Architech - Collège de Montréal","45.494585","-73.585001"
"Ingegno Maker Space","51.05029","3.657287"
"Fablab campeche","-27.665803","-48.481487"
"Seoul Innovation Fab Lab","37.608417","126.933753"
"FAB LAB LIVRE SP VILA RUBI","-23.727957","-46.697211"
"FabLab USAL","40.385033","-5.760836"
"FabLab Xtrene","38.678593","-6.419499"
"EAN Lab","4.663518","-74.05505"
"GreenTech Innovation","36.754812","3.455687"
"Dustin Lab","21.007739","105.849828"
"FABLAB Torres Novas","39.452804","-8.611244"
"Negosyo Center - Fabrication Laboratory and Co-Working Space Ilocos Region (FAB LAB Ilocos)","17.624257","120.400966"
"Fab Lab Austurland","65.148582","-13.680206"
"Fab Lab Uniara","-21.797174","-48.178198"
"Pars IoCAD","35.721909","51.393152"
"STEM IA High School FabLab","51.086816","-114.137745"
"The Hive","42.373876","-71.110279"
"Spazio Geco - Geco Fab Lab","45.181898","9.157275"
"Fab Lab Tijuana","32.518212","-117.0397"
"SOCOM Fab Lab","27.950874","-82.456903"
"Fablab Santa Monica","19.525688","-99.231151"
"PSU FABLAB","15.988242","120.573585"
"Skaperhuset Sor","58.218253","7.908606"
"Fablab O - Shanghai “数制”工坊-上海站","31.2805","121.50852"
"Fab Lab Escola SESI - Suzano","-23.534129","-46.320181"
"Fablab Dronten","52.531771","5.729578"
"Fablab EDP","38.784658","-9.104764"
"KromLabòro Caserta FabLab","41.04271","14.381467"
"Laboratorios Cesar","41.659323","-0.907229"
"Jigme Namgyel Wangchuck  Super FabLab, Bhutan","27.427734","89.651086"
"Curitiba Fab Lab - Prefeitura Municipal de Curitiba","-25.44136","-49.220163"
"FabLab Kuriyama","43.057753","141.783056"
"Fablabaro","41.99011","12.48052"
"FabLab Skopje","42.00385","21.41075"
"Kamorking38","55.064969","82.936021"
"FabLab ULC-Icam","-4.471086","15.301411"
"Farol da Criatividade","-29.730106","-51.178821"
"Fablab Salem","11.712701","78.088236"
"UPCFAB Terrassa","41.564098","2.022316"
"Inventors Lab @ Petridish","-45.879282","170.499874"
"Fablab Trichy","10.677928","78.599494"
".buro","46.453628","30.718649"
"Fab Lab Húsavík","66.046885","-17.344575"
"Suli Innovation House","35.554763","45.425672"
"MuHub innovative factory","33.59753","-7.619915"
"Mini Fab Lab Saintgits","9.509736","76.551683"
"H-FABLAB","5.369562","-3.890813"
"Fab Lab du PEC","45.54978","-73.538758"
"Fablab Vector","45.036947","41.962229"
"FABLAB AT THE CENTER FOR YOUTH INITIATIVES","41.319337","69.314209"
"FabLab La Metro","-0.212979","-78.484999"
"FabLab CIEC","40.403719","-3.614675"
"Blue Valley School District's Center for Advanced Professional Studies","38.982228","-94.670792"
"Arize leze Lab","43.289781","1.34288"
"Fab Lab Ballyshannon","54.501835","-8.193278"
"Fabbulle, Fab Lab de Rivière-du-Loup","47.826764","-69.540321"
"Fab Lab Escola SESI - Mogi das Cruzes SP","-23.541992","-46.215911"
"Research and Innovation Lab PTC - Paramaribo, Suriname","5.811811","-55.214485"
"FabLab Córdoba","-31.421943","-64.187834"
"Fablab Nellai","8.685685","77.726225"
"Fablab Ivrea","45.457961","7.873278"
"FabLab Yamaguchi","34.182811","131.47979"
"Fablab Hosur","12.724979","77.861795"
"Fab Lab Suðurnes","63.996466","-22.561635"
"IdeationLab","45.914825","6.134452"
"IdeaLab Hisar School","41.17543","28.892745"
"FabLab ŁUKASIEWICZ","50.062588","22.118929"
"Yvette Young","3.127887","101.594488"
"Manazuru Tech Lab","35.15358","139.14133"
"The Making Zone Blackburn","53.745497","-2.481378"
"PiMaker FabLab Oviedo","43.357059","-5.871443"
"Fab Lab Erfindergarden München (Munich)","48.122422","11.554824"
"FABLAB UNIFAP","-7.204878","-39.31132"
"Takoradi Technical Institute","4.9","-1.766667"
"Fab Lab Escola SESI - Botucatu SP","-22.918183","-48.444263"
"College of Engineering, Pune","18.52043","73.856744"
"INIFD Kondhawa","18.520508","73.856769"
"INIFD College Pune","18.520428","73.856714"
"Invento a favore","41.181902","14.189432"
"Orange FabLab-Aqaba","29.532033","35.006304"
"Le_Mazier","46.585665","3.058523"
"Asociación Tecnolóxica A Industriosa","42.229004","-8.707655"
"FAB LAB DUET","24.018704","90.420011"
"Fab Lab Escola SESI – Araras","-22.37163","-47.354603"
"ZapLab","5.833524","-55.151134"
"FabLab du Sud Touraine","47.140474","1.008094"
"Archimedes Fab Lab","35.63497","-106.044585"
"FabLab Saudarkrokur","65.741737","-19.640712"
"FabLab d'Alsace-Nord","48.816166","7.786239"
"Central University of Technology","-29.118349","26.22492"
"Üsküdar FabLab","40.999079","29.066837"
"FabLab La Campana","25.638579","-100.304949"
"FabLab Vittorio Veneto","45.990862","12.302435"
"Fab Lab ViVe","45.991382","12.302263"
"IntelBox Labs","9.076956","7.434869"
"FabLab Bielsko-Biala","49.832812","18.976058"
"FabLab Escola SESI - Sorocaba SP","-23.507664","-47.469497"
"fablab La Verriere","48.860065","2.441464"
"Fab Lab Escola SESI - Mogi Guaçu","-22.345207","-46.932605"
"Relab - Fablab de Liège","50.643826","5.574177"
"MYSIC: Ministry of Youth and Sports Innovation Center","26.203018","50.595117"
"MYSIC","26.203018","50.595117"
"Fablab Macao Science Center","22.186065","113.556842"
"FabLab iporá","-16.436624","-51.127792"
"FabLab Solidaire Orange Digital Center ODC - Guinée","9.583333","-13.65"
"Fab Lab Ioannina","39.662259","20.858429"
"Fablafayette","48.989702","1.710111"
"InViis LAB","12.408062","-1.486312"
"Fab Lab Manaus","-3.086488","-60.004336"
"ECODESIGN FAB LAB","48.869316","2.456476"
"Fab Lab Paju","37.784864","126.702601"
"PSHS Fab Lab","14.648513","121.039875"
"Fablab Dueville","45.635031","11.550681"
"Fab Lab Atacama-AIS","-23.727642","-70.436989"
"bauhaus design lab @ The Magellan International School","30.374099","-97.781025"
"Fab.Forge","11.082166","76.986864"
"Fab Lab Yucatán","21.001524","-89.623943"
"Sharkia FAB LAB","30.732685","31.719565"
"FabLab INTI","2.813057","101.759017"
"Orange FabLab-Balqa","32.034581","35.726905"
"Orange FabLab-Karak","31.18535","35.704773"
"Orange FabLab-Irbid","32.552586","35.849669"
"FabLab Laterza","40.628506","16.795719"
"Orange FabLab-Hashemite University","32.060819","36.094179"
"Crafts Academy","29.361111","48.001454"
"ON/OFF Fablab Parma","44.81238","10.34137"
"FDR Fab Lab","-12.077424","-76.971667"
"Fablab Rostov","47.238562","39.712893"
"FADA FabLab University of Johannesburg","-26.188017","28.017095"
"URBAN HUB: ContaminationLab Belluno Dolomiti","46.140507","12.213707"
"La Granja Fab Lab","14.867097","-91.547438"
"FAB LAB LIVRE SP SÃO JOAQUIM","-23.686993","-46.749502"
"Impact Labs","32.050303","34.766686"
"Fablab MecaMaker","8.982558","-79.520385"
"BiG Fab Lab","41.398119","-83.646677"
"Faulhaber Fab Lab at Suncoast Science Center","27.289406","-82.498024"
"Cherokee Trail High School","39.59155","-104.685491"
"Fab Lab UNSA","-16.403558","-71.519177"
"Fab Lab Halmstad","56.663479","12.879298"
"fablab noord-brabant","51.68903","5.313091"
"3D AVIA","45.012269","39.047901"
"GraouLab","49.119533","6.161579"
"FAB LABNL","25.686614","-100.316113"
"FougeresLab","48.350064","-1.194283"
"Koajika Satipo","-11.25463","-74.637287"
"Creatispace","-12.093807","-77.058322"
"Idea Center","44.414774","-68.592381"
"Fab Lab Austral","-54.93521","-67.605854"
"Fab Lab UANL","25.725818","-100.311132"
"FabLab Neukölln","52.483932","13.449536"
"Fab Lab da Firjan SENAI Benfica","-22.895876","-43.240889"
"Sirius Lab","43.414027","39.948023"
"Fab Lab Chungju","36.968766","127.871747"
"FabLabNomads","36.111234","-5.70987"
"Maria Felipa LAB","-12.937642","-38.415479"
"Anima Lab UniBH","-19.972075","-43.964574"
"Fab Lab Polytech","60.005412","30.373974"
"Fablab de Bellevue","46.970232","4.270935"
"FabLab Koklaamo","65.026365","25.53403"
"ESPAITEC FABLAB","39.993579","-0.073164"
"PAST Innovation FabLab","39.997153","-83.036008"
"FabLab Espace Créatif","11.539146","43.114056"
"Castlemont High School, Sustainable Urban Design Academy (SUDA) Fablab Oakland CA","37.759174","-122.163726"
"Magic FabLab French","47.083042","-0.269757"
"made for arcade","51.546584","5.087006"
"ICER-Lab","51.895597","6.383475"
"FabLab Centro de Desarrollo Tecnológico UVM Toluca","19.246836","-99.614812"
"Fab Lab Codigo","-16.40585","-71.525538"
"FabLab Amersfoort","52.162632","5.3769"
"Fab Lab XH","23.05915","113.58312"
"FabLab Bahrain","26.229471","50.54654"
"IFabLab - Ambiente de Inovação IFMG campus Ouro Preto","-20.39609","-43.502492"
"Fab Lab Escola SESI - Cotia","-23.603939","-46.848107"
"IIT Palakkad Technology I-HUB Foundation - Fablab","10.809957","76.73307"
"Vujade Innovation Lab","24.891146","46.715679"
"FabLab Matane","48.840841","-67.496854"
"The MSU-IIT FAB LAB Mindanao","8.242131","124.244548"
"Fuse33","51.038476","-113.986117"
"FabLab ETSIDI Ingenia Madrid","40.405409","-3.700608"
"Fab Lab Plymouth","50.374808","-4.137175"
"FabLab Universitario CIDi","-25.336281","-57.511816"
"CNU Idea Factory (Chonnam National University)","35.181425","126.909429"
"FabLab Gdańsk","54.340527","18.647703"
"Frankenstein Garage","45.465453","9.18662"
"CIDIIE","-0.198165","-78.504408"
"FabLab Parul University Vadodara","22.289023","73.363916"
"Brady Fab Lab","41.456309","-81.45081"
"Seed Lab","35.158279","129.048284"
"Fab Lab FBI","24.79635","120.995007"
"MAKERLAB UiTM","3.198526","101.448022"
"Fablab Pesaro","43.862923","12.789427"
"Fab City Hub BTN","50.845918","-0.118694"
"Fablab Danmark","55.22409","11.748659"
"FABLAB UMNG","4.683741","-74.041832"
"KreatorLab | FabLab Maribor","46.558361","15.646861"
"Convergences26","44.55727","4.752381"
"V-lab","51.200943","4.772664"
"Fablab Unilasalle","-29.917481","-51.181708"
"La Filature 2.0 - Fablab de la Filature","47.700524","6.63838"
"Fablab UP Cebu","10.322424","123.898724"
"AMRoC Fab Lab","28.057231","-82.430251"
"CMIT Movicom in the MSU Science Park","55.708462","37.521749"
"Fab1αß 新Fab - XinFab","31.22519","121.433152"
"Fab Lab Tecsup","-12.045557","-76.952645"
"FabIDI","-33.500052","-70.611896"
"FabLab de Varennes sur Allier - EcoCentre","46.315798","3.388797"
"Fab Lab Maker Hub","54.245858","-8.293217"
"Fablab Regensburg","48.99805","12.13104"
"Cantiere analogico digitale","41.904922","12.536097"
"STEM 4 ALL MAKERSPACE","3.058005","101.592551"
"FabLab Kapfenberg","47.453036","15.331759"
"TDG Fab Lab","43.48039","-70.48429"
"Fab Lab FHA","-20.016018","-44.085223"
"Lab - A ITR SO UTEC","-33.118162","-58.33034"
"Aratiri","-25.268397","-57.580003"
"Fab Lab DIU","23.876292","90.319903"
"Africa Robot","4.338842","11.437465"
"LIFE_Laboratório de Inovação e Fabricação Digital da Escola de Engenharia","-30.032232","-51.221436"
"Fablab Danang","16.079646","108.215249"
"Fab Lab Móvel Mauá","-23.647955","-46.574245"
"NOI Techpark - Maker Space","46.478455","11.332509"
"PolyFab Normand Brais","45.504741","-73.614751"
"Fab Lab Terres de l'Ebre","40.710849","0.580084"
"Freelab","52.32443","17.564991"
"Digilab","18.49315","74.023402"
"LIKHA","13.756601","121.058407"
"Fab:Social Shantallow","55.028448","-7.316482"
"Fabricator","50.46987","30.462102"
"Robotixlab","40.564755","22.976676"
"FabLab Valencia","39.479036","-0.336333"
"DHVSU FabLab","14.998361","120.64987"
"WWETB Lismore FabLab","52.132985","-7.92809"
"Tajurbagah","24.891503","67.081352"
"FabLab@BCA","53.39204","-2.602345"
"Erbil Makers Hub","36.200834","44.031661"
"X-Fab","48.713519","2.212478"
"Warrior Fab Lab","37.52494","-120.858702"
"PSC@Heritage","5.415495","100.342174"
"Fab Lab Leon","42.611043","-5.597821"
"Makerspace Reinach","47.49378","7.590463"
"Algeria Venture","36.742756","2.97242"
"Fablab Penela","40.028304","-8.390511"
"Fab Lab Vestmannaeyjar","63.442734","-20.269152"
"Fablab Descartes","48.837778","2.586856"
"ISAD Fab Lab","28.658122","-106.159789"
"FabLAB Arloesi Pontio Innovation","53.227769","-4.130582"
"fablabimagen","37.195491","-3.626856"
"Megahub","45.709539","11.374973"
"Honigfabrik","53.514975","9.982284"
"NumLab","4.936971","-52.329724"
"Satbayev University","43.237564","76.929792"
"AstroLab","37.994253","23.721808"
"Fablab Oldenzaal","52.305981","6.937543"
"Fablab Spazio Attivo Latina","41.46366","12.90553"
"Fab Lab IE University Madrid","40.476709","-3.687918"
"Berytech Fab Lab","33.865069","35.56288"
"Fab Lab Recife","-8.064719","-34.873015"
"Makerspace@CMRIT","12.965673","77.712087"
"HackLab Terni APS","42.559466","12.652323"
"Fab Lab Chisinau","47.063418","28.866976"
"Fab Lab Caracas","10.482178","-66.818504"
"SugboLab","10.315699","123.885437"
"Fab Lab IE University Segovia","40.952913","-4.118815"
"BusinessAsema FabLab","65.01063","25.481563"
"Fab lab da Indústria- SESI SENAI IEL SJP","-25.515708","-49.178885"
"FabLab UPA","-25.342156","-57.541734"
"Quartierwerkstatt Viktoria","46.947974","7.447447"
"Panchkula","30.678025","76.843945"
"Fab Lab INP-HB Y'ello Lab","6.885288","-5.225474"
"Fab Lab iFurniture | Peru","-12.084162","-77.026342"
"Fab Lab iFurniture | USA","37.777727","-77.953854"
"Fablab UFPB","-7.137379","-34.847542"
"(re)MADE Makerspace Barcelona","41.417234","2.18974"
"Bibliomaker Educación","37.192712","-3.599505"
"Fablab Solidaire Orange Digital Center RDC - ODC","-4.330928","15.306784"
"FabLab UERJ","-22.902752","-43.222185"
"FABLAB BUAP","18.998868","-98.194458"
"CITec - Centro de Integração Tecnológico","-32.040073","-52.088315"
"Tiradentes Fab Lab","-10.967776","-37.060105"
"Fablab Permian Basin","31.865535","-102.383899"
"fablab Kelle FabriK","47.322351","5.04165"
"Bio-FabLab(BFL), CNR","27.503345","89.878613"
"The Valley Fab Lab","41.234691","-80.505376"
"Fablab Erpe-Mere","50.924572","3.978429"
"Fablab@Ironbridge","52.639167","-2.491809"
"PRONTO3D","-27.601874","-48.520176"
"Fab Lab Three Lakes","45.795243","-89.167623"
"FabLab SAHINBEY","37.014314","37.36021"
"GeoVenturersFSU","42.45268","-79.336258"
"NPMM VWeLab","35.07677","-85.301584"
"IICA FabLab","9.968884","-84.01764"
"Fab Lab Ventspils","57.396053","21.563456"
"Lamba Center","24.688445","46.626497"
"BiaBesaz Fab Lab","32.649371","51.695982"
"FabLab ECAE","24.420325","54.595804"
"FabLab Umag","-53.168704","-70.914554"
"Gewerbehof","52.092148","13.173138"
"FabLab-MEM","-17.992855","-67.136523"
"Ulima - Laboratorio de Manufactura y Electrónica Fablab","-12.084919","-76.971332"
"Fab Lab Modica","36.842211","14.762981"
"Fab LAB Newton","-19.966154","-43.963183"
"LLab","-4.396011","15.318973"
"StartUpYard Wismar","53.889279","11.447101"
"Virtual FabLab","54.525961","15.255119"
"Pracownia Aktywnego Korzystania z Technologii Olsztyn","53.785435","20.478063"
"MiniFabLab Utrecht","52.091951","5.126577"
"Ota Fab","35.563907","139.71581"
"cityfab1","50.870934","4.349889"
"Maker Atölye","41.084975","29.006907"
"Techlab Chieri","45.014998","7.819246"
"Maker Innovation Space - Saigon Hi-Tech Park (SHTP)","10.856951","106.78839"
"Fablab Wuhan","30.444981","114.395775"
"FabLab Hamm Westfalen","51.672292","7.807129"
"FabLab Solidaire - Jeunes Science de Tunisie","36.831056","10.187772"
"Clearwater's Fabrication Lab at Saint Paul's School","27.932373","-82.75688"
"Tetem Lab","52.23395","6.895397"
"Fablab solidaire Orange Digital Center - Burkina Faso - ODC","12.309288","-1.529194"
"PreLab Creative Space","37.987123","23.731863"
"Pracownia","53.148369","18.15055"
"Microfactory Fab Lab","50.844848","4.324498"
"IbTECHar Fab Lab","25.266851","51.497979"
"UC2 Smart FabLab","36.357005","6.639028"
"EL FABSPACE Tunis","36.815697","10.178763"
"Fab Lab Falconara Officine Idea Project","43.617413","13.373433"
"ABA Fab Lab","-8.038191","-34.8997"
"Werkstadthaus","48.510291","9.078403"
"FAB LAB UE","40.372459","-3.920786"
"The Spark","40.84431","14.25566"
"UTN Guanacaste","10.617868","-85.437219"
"FABLAB 法贝实验室","30.190948","120.152715"
"SMART ISLAND MAKERSPACE","16.22332","-61.598063"
"ORTO URBANO MAKERSPACE","41.630996","15.91279"
"MakerPort","54.314523","13.096039"
"FabLab Santarém","39.223553","-8.690371"
"Thomas Maker","-15.768588","-47.874196"
"FabLab IRSC","27.42529","-80.357432"
"Hunter Middle School VWeLab","35.113998","-85.091955"
"FabLab UPEC","0.805621","-77.733869"
"ECEmakers","48.852051","2.286123"
"FormBuro","56.023187","92.80188"
"_ARTERIA_LAB","38.578275","-7.907598"
"D-Lab USFQ","-0.195146","-78.43602"
"Peza FabLab","13.031894","80.23668"
"Fab Lab Henriques Nogueira","39.090301","-9.255128"
"Funlab Basel","47.566765","7.644421"
"ZeeCamp 云制智能","31.344751","121.434762"
"Fab Lab - UniEVANGÉLICA","-16.2938","-48.945409"
"FAB DE FAB","40.493524","-3.875727"
"Gharbiya Fab Lab","30.770995","31.01835"
"Ron Vardi Fab Lab","31.955596","34.802336"
"FabLabGenova","44.412208","8.936905"
"Fab Lab Escola SESI - Sertãozinho","-21.125101","-48.018865"
"Fablab Jogja","-7.85085","110.154151"
"Y-Fablab","46.781902","6.649005"
"FabLabSochi","43.415617","39.946866"
"FabLab Genk","50.982495","5.48081"
"VW eLab at Dalewood Middle School","35.040232","-85.221859"
"Kabakoo - The House Of Wondering","12.575106","-7.948438"
"FabLab LaMolinera","42.331433","-7.866164"
"DAD-workshop","51.678566","22.29846"
"CabFabLab","52.070498","4.3007"
"FabLab Chittagong","22.361618","91.797674"
"Fab Lab San Diego","32.715329","-117.157255"
"Fablab Solidaire Orange Digital Center - Sénégal - ODC","14.701504","-17.468159"
"Fab Lab Escola SESI - Vila Leopoldina","-23.527654","-46.729311"
"California State University Dominguez Hills","33.866278","-118.254558"
"Polyhedra FabLab","44.795386","20.494947"
"Mosinee FabLab","44.79479","-89.709186"
"Fab Lab Escola SESI - Itu SP","-23.275022","-47.28401"
"Lorain County Community College","41.410785","-82.071016"
"Port Product Lab / Elevator Works","37.814249","-122.289313"
"FabLab LAKADA","42.621501","42.06601"
"Busan Innovation Fab Lab","35.173208","129.130437"
"fabLAB Asturias","43.5243","-5.612054"
"FabLab Avallon","53.729786","-1.876087"
"Peacock's DIGI","57.148731","-2.092312"
"Anadolu FabLab","39.791594","30.500247"
"Apulia Makers 3D","41.110624","16.875646"
"fablabDONOSTIA","43.311918","-2.010285"
"Dingfabrik Koeln e.V.","50.937531","6.960279"
"Maine FabLab","43.49305","-70.454893"
"'AckLab - ateliers d'innovation architecturale - architectural innovation studio","45.779857","4.923673"
"FabLab Lecce","40.351933","18.170973"
"FabLab di Casa Corsini","44.53838","10.80877"
"Intermediate Unit 1 Fab Lab","40.017372","-79.831585"
"FabLab Madrid Medialab-Prado","40.410873","-3.693565"
"Studio 5","25.313101","51.52156"
"Fab Lab Belém","-1.463621","-48.446379"
"ColumbusMakesIT FabLab","32.45992","-84.994526"
"Intermediate Unit 1 Mobile Fab Lab","40.053525","-79.91757"
"FabLab GTU","41.716684","44.778403"
"GTU","41.716415","44.777271"
"Logicbrigade","23.167677","79.929895"
"Fab Lab Maastricht","50.840344","5.669079"
"FabLab Escola Concept RAO","-21.235657","-47.83689"
"Fablab | La Chaux-de-Fonds","47.103577","6.832866"
"FabLabLuxor","25.687742","32.639561"
"Rinoteca FabLab","43.597397","13.502036"
"M2M FabLab","38.228865","15.63745"
"FabLab Pau","43.295517","-0.367391"
"APS FabLab Romagna","44.048375","12.582997"
"Parthlab","46.64663","-0.24937"
"Makerversity","52.373957","4.914506"
"Victory World Christian School Fab Lab","33.920413","-84.203093"
"FabLab NTNU","62.472346","6.233146"
"FabLab tottori","35.492441","134.23424"
"Fab Lab Terni","42.567356","12.596107"
"ЦМИТ Zoomer","54.854102","83.112195"
"Peak One FabLab","9.286686","123.255485"
"FabLab SENA Neiva","2.962485","-75.283244"
"CCIC FabLab","39.570194","-104.815654"
"PALUSLAB3D","41.409356","13.039732"
"MACONDOLAB","10.996324","-74.796839"
"FabLabTanger","35.766667","-5.8"
"Chadwick International Fabrication Lab","37.399534","126.644424"
"BITS to ATOMS","33.861693","35.549942"
"W!LAB","41.315487","2.014253"
"Firjan SENAI Niterói","-22.861577","-43.102641"
"FabLab Treviso","45.691951","12.247963"
"FabLabConcepcion","-36.819085","-73.059188"
"Weproductise fablab","41.659881","-8.587327"
"Fab Lab STPI Bhubaneswar","20.292648","85.743004"
"Fab Lab Escola SESI - Jundiaí","-23.178463","-46.897573"
"BABY LAB","5.418889","-4.020556"
"Fab Lab Isabela","18.49843","-67.022087"
"FABLAB DU PAYS DE CONCHES","48.966613","0.944631"
"Concreto Fab","-34.56833","-58.476548"
"FabLab VSUES","43.125141","131.905216"
"Lab' du Pensio","45.040807","3.879528"
"POSTECH Maker Campus","36.023275","129.317811"
"FabLab POSTECH","36.023269","129.317437"
"CARBON Fab Lab","35.724228","51.397596"
"Ekurhuleni fablabs (Fablab Tembisa and Fablab Thokoza)","-26.009008","28.233497"
"VRKKMO, Yli-Ii","65.367553","25.820053"
"Dakahlia fablab","31.441273","31.53642"
"NCC Fab Lab","40.612492","-75.371529"
"Jigme Namgyel Engineering College FabLab","26.861154","91.464693"
"Bullis BITlab","39.028586","-77.201046"
"FabLabNU","40.325533","9.263839"
"Latvijas Universitātes FabLab","56.947868","24.115846"
"BEC Fab Lab","54.667141","-3.366483"
"FabLab Cagliari","39.287679","9.01285"
"Isfahan Green Lab","32.551805","51.688661"
"FABLAB UMECIT PANAMA","8.986442","-79.529405"
"FabLabFultonMO","38.872102","-91.941409"
"FabLab Magdeburg","52.140126","11.642813"
"HUB LAB","46.481808","30.747411"
"Fablab Istanbul","41.025706","28.958808"
"Proto204 - SmallLab","48.699263","2.172441"
"ITSA FabLab","10.935534","-74.765983"
"FabLabTacoma","47.243437","-122.439709"
"Fablab Bandung","-6.931441","107.596733"
"Le Labo-Motive","44.706329","2.199182"
"FabLab Belfast, Ashton Centre","54.609989","-5.935644"
"Kvadrat","49.234355","28.464309"
"MILL - Makers In Little Lisbon","38.72041","-9.141119"
"John Marshall High School FabLab","39.947853","-80.754205"
"Tashkeel","25.155355","55.323378"
"Neeuko Collaborative FabLab","18.440017","-66.059127"
"Hawaii Fab Lab","21.335331","-158.057284"
"Northwood Fab Lab","46.156714","-91.813534"
"Proyectil Mx","19.392936","-99.16586"
"WeMake | Makerspace Fablab","45.50684","9.228395"
"Fab Lab UCAL","-12.086161","-76.912408"
"NTK 3D workshop","50.104342","14.390947"
"Fab Lab Richmond, California","37.925435","-122.33"
"UIDESERV.LAB","-0.246238","-78.473944"
"Clintonel Innovation Centre (CIC)","5.118394","7.369112"
"Maker's Asylum Delhi","28.527929","77.207402"
"FABLAB Dhahran","26.310182","50.139842"
"FabLab by Mines Douai","50.367874","3.080602"
"National Innovation Foundation -India (NIF)","23.371482","72.693679"
"MAKE Aberdeen","57.146594","-2.101507"
"""Experimentarium1502 MPEI"" (Fab Lab)","55.760683","37.830383"
"Fab Lab Iasi","47.156868","27.599705"
"FabLab Health Hub Roden","53.14183","6.436385"
"Fab Lab Moscow","55.729896","37.609702"
"FabLab Málaga","36.700215","-4.43926"
"FAB LAB IMPACT","19.439655","-99.134222"
"FabLab Mogadishu","2.032037","45.307641"
"Lab Gare Numerique","44.034053","5.042597"
"FabLab KUET","22.808782","89.246719"
"Makerspace Haagse Hout","52.093986","4.361993"
"Bronx Innovation Factory","40.861476","-73.900343"
"FabLab du Grand Figeac","44.610049","2.021265"
"BennyFab","45.466599","-73.63094"
"QCC Fab Lab","42.314628","-71.793882"
"FabLab Nagano","36.658118","138.179557"
"Fab Lab Venezuela","10.481141","-66.903878"
"artelaservzla","10.480594","-66.903606"
"Fablab La Gloire","43.607886","1.471228"
"Fab Lab TSU","41.717947","44.721701"
"Humanlab APAJH 44","47.187822","-1.522754"
"FABus مبتكر","29.342158","47.977811"
"ITESL FABLAB","9.090269","7.469597"
"Smartlab","52.251585","6.159472"
"Crunchlab","45.635645","12.547352"
"FabLab UTCompiègne","49.401928","2.795589"
"3dinnovationlab","50.892162","34.839722"
"GiuaLab","39.243483","9.121098"
"CIT-U MakerSpace","10.294242","123.881265"
"CM FabLab","14.567262","-90.47193"
"Fab Lab -Creare","-16.716759","-49.271599"
"Hixson High School VW eLab","35.154352","-85.221722"
"Vesala","65.032857","26.057463"
"Fab Lab IL","32.005477","34.763092"
"FabLab Zeeland","51.496288","3.615707"
"Lakeshore Fab Lab","43.234219","-86.253201"
"Mayfield Innovation Center","41.538957","-81.45975"
"FabLab Messina","38.19692","15.555497"
"fabricatiolab","16.506025","121.111579"
"Stem Alex Fab Lab","30.901021","29.551608"
"Fab Ed Carolina","35.216885","-80.828134"
"FabLab de Carmaux","44.04928","2.134701"
"Fablab Aldeias do Xisto","40.137102","-7.501842"
"3ddruck","47.79302","12.41298"
"Hatch Maker Studio","6.936178","79.844064"
"FabLab Kraków","50.063829","19.925464"
"InnoTech","23.614517","58.206181"
"Hangar159","50.4412","30.439748"
"Fab Lab UCY","35.17405","33.361356"
"LabPro CIDET","6.236063","-75.571643"
"Fab Lab @ PHCC's Thomas P. Dalton IDEA Center","36.692458","-79.873625"
"ASSIUT STEM FAB LAB","27.185751","31.072752"
"MotionLab Berlin","52.492276","13.451208"
"Fab Lab Pavia","45.177341","9.152743"
"Fabfactory","41.866915","12.48777"
"Gateway Technical College - Fab Lab","42.708109","-87.913766"
"3dlab-fabcafe","-34.585428","-58.431148"
"The Glass Fablab","48.548203","5.777895"
"FABLAB CYPRUS","35.33891","33.32521"
"UTRGV FABLAB","26.278818","-98.167579"
"Intermediate Unit 1 Waynesburg Fab Lab","39.903992","-80.125842"
"Deistvui FabLab","53.19552","45.171976"
"FabLabMilano - Fare le Idee","45.502717","9.153"
"FabLab La Dynamo","45.59022","5.920579"
"M'AU 3D Lab","46.248354","9.147118"
"FabLab Shinagawa","35.605528","139.713219"
"CampusFab Université Toulouse 3 - Toulouse - Midi-Pyrénées - France","43.561823","1.467372"
"FabLab Alania","43.036106","44.683331"
"GUST Fab Lab","29.274092","48.052452"
"Fab Lab UAI","-33.48738","-70.514557"
"UVA Fab Lab","-22.911845","-43.221232"
"Fab Lab in New Cairo (FLiNC)","30.025623","31.459453"
"Fab Lab Masterton","-40.948622","175.663262"
"Fab2E","22.559712","114.137681"
"Charlotte Super Fab Lab","35.305966","-80.730937"
"Laboratorio Abierto DIEC","-38.695399","-62.254295"
"FabLab Zug","47.181412","8.523882"
"LOGICBRIGADE FAB LAB (Future Thinks)","23.184534","79.985328"
"Kimberly FabLab","-28.72929","24.75404"
"Fab Lab Bassano","45.761148","11.760367"
"JC Fab Lab","40.736815","-74.068749"
"Officine ZIP - FabLab Padova","45.411637","11.917624"
"FAB LAB FOLGUERAVICENT","39.50109","-0.354899"
"MindGear Labs, LLC","34.730369","-86.586104"
"Wadi Makkah","21.324507","39.959676"
"Fablab LHU","25.017519","121.402853"
"Zamboanga Peninsula FabLab","6.913447","122.059217"
"SahelFablab","18.076901","-15.957211"
"UNC Charlotte CCI Makerspace","35.307113","-80.735737"
"The Community College of Baltimore County","39.290389","-76.612188"
"Mott Community College Fab Lab","43.012527","-83.687456"
"Lake Michigan College","41.829769","-86.254177"
"Fab Lab Sassari","40.716899","8.567576"
"Lawrence Technological University -- makeLab","42.473369","-83.221873"
"Fab Lab Mahtomedi","45.057186","-92.944663"
"Century Community and Technical College","45.084688","-93.00994"
"Metropolitan Community College Tech Center-FabLab","39.099727","-94.578567"
"Fablab ABQ","35.110703","-106.609991"
"PE²/ Plasma","-22.81852","-47.064105"
"FabLab Unisinos POA","-30.031752","-51.175275"
"Fox Valley Technical College","44.261931","-88.415385"
"Fox Valley Technical College, site #2","44.024706","-88.542614"
"University of Wisconsin-Stout","44.875518","-91.919342"
"Multilab Rozzano","45.376053","9.145442"
"FAB LAB Manila","14.605558","120.993296"
"Neo Space Mobile","6.884821","79.886231"
"Mranti MakersLab","3.047908","101.688859"
"iLab Mostar","43.312685","17.829638"
"E4D Banjarapalya","12.832549","77.485228"
"eMode","47.047864","-0.868495"
"FabLab West-Harima","35.035121","134.375474"
"Northern Lakes Regional Academy","45.498008","-91.735255"
"Fab Lab Castelfranco Veneto","45.680197","11.943381"
"Fab Lab Ciudad de México","19.402062","-99.263932"
"Fablab du jardin","45.72142","-76.595685"
"La fabrik","46.522526","5.612965"
"Fablab BeiJing","40.01221","116.37494"
"Fablab Tampere University","61.449864","23.85913"
"DamASpace","45.450074","9.180086"
"Keiko Design Lab","-7.308845","112.768955"
"Wanger family FabLab at MadaTech","32.809422","34.996196"
"Qassim FabLab","26.359231","43.981812"
"Ledonova Fablab","46.677828","5.57138"
"Techno fablab","27.196085","56.342716"
"Orchard Knob Middle School","35.044208","-85.27637"
"Anima Lab - São Judas Unimonte","-23.943818","-46.327748"
"Fablab Dapitan","8.622604","123.392511"
"Studio Zinkin","-12.113937","-76.938327"
"Beijing Fablab","39.982187","116.311825"
"Fab Lab Camassary","-12.694714","-38.295364"
"D.RE.A.M. FabLab","40.80433","14.174214"
"Fablab du Grand Narbonne","43.182702","2.978701"
"Fab Lab Arabia","21.532874","39.193552"
"kfs FAB LAB","31.106143","30.940714"
"3DLAB UTEC","13.699516","-89.201056"
"Deusto FabLab","43.271515","-2.937808"
"AIFabLab","16.07684","108.232488"
"FABHAUS UC","-33.419949","-70.617719"
"Minifablab Camerata","43.582492","13.386812"
"L1A Makerspace","49.877554","8.657726"
"FabLab Robert-Houdin","47.587944","1.336288"
"FabLab Impresa Belluno - Consorzio Cultura Concept","46.109622","12.110608"
"Madrid Rural Lab Chinchón","40.139286","-3.427587"
"Fab Lab UPR","18.40331","-66.04676"
"Fablab Nairobi","-1.279002","36.817039"
"icecairo","30.046656","31.24037"
"SalpausFab","61.000056","25.704032"
"FabLab Colmayor","6.272929","-75.58979"
"Fablab Roma","41.865876","12.487897"
"FabLab Suriname","5.828474","-55.184939"
"fablab menofia","30.439085","30.967176"
"Lab Maker Mocorongo","-2.427945","-54.737249"
"FabLab TU Ilmenau","50.682927","10.93976"
"Fab Lab Palestine","32.224782","35.250583"
"FabLab Rabat","33.967761","-6.877893"
"FabLab Pavone Torino","45.074929","7.681168"
"BERIC","35.174348","129.071695"
"FabLab Nebrija","40.453284","-3.719027"
"Fablab Jeju Island","33.500958","126.512589"
"DIC by ITA","41.681954","-0.88617"
"SifaisLab","9.961155","-84.15021"
"FABLAB Chihuahua","28.673977","-106.079358"
"FABLAB FREEFORM","1.342752","103.851154"
"Limpopo Fablab","-23.88648","29.72771"
"CTA TEC-Landívar","14.596955","-90.485719"
"FabLab Landkreis Fürth e.V.","49.51109","10.87989"
"Fab Lab Reggio Emilia","44.698993","10.629686"
"FabLab on wheels","30.026651","31.460073"
"Taranto Makers APS","40.467979","17.245368"
"ouagalab","12.352962","-1.505501"
"MIT Center for Bits and Atoms- Closed to the Public","42.36043","-71.088137"
"Fablab Dynamic","25.105841","121.522079"
"Urban FabLab","40.803386","14.174658"
"FabLab Roma - InnovationGym","41.854954","12.551983"
"Freedom Labs","33.650801","-84.598768"
"FabLab Firenze","43.798038","11.238477"
"Nouvelle Fabrique","48.890171","2.369955"
"MakerBar","25.041049","121.529448"
"Nielsen","55.640412","12.538742"
"FabLab Ventura","45.484065","9.245227"
"Sinestesia.cc","-33.448769","-70.630408"
"Ideation Station","41.492758","-81.67182"
"Tecnoparque Medellin","6.235925","-75.575137"
"Tecnoparque Bogota","4.640532","-74.064461"
"Makernow","50.170772","-5.124959"
"FabLab Settimo","45.137532","7.780629"
"icealex","31.227509","29.963969"
"Zakład Makerspace","52.417632","16.904251"
"Fablab013 XL","51.554012","5.0991"
"Innovation Lab","43.124228","5.928"
"Ufa Mechanica","54.738762","55.972055"
"Spitfire Fab Lab (Eastleigh, UK)","50.970626","-1.365853"
"FabLabUPM","40.407728","-3.835065"
"Centre for Advanced CNC and Robotics,. PSG College of Technology","11.024809","77.002826"
"Rajagiri Sunya Fablab","9.994936","76.359784"
"Sanea Bus / Mobile Fab Lab","25.285447","51.53104"
"FabLab DiamondAge","-36.865334","174.632533"
"TechLab LR","43.648308","3.729442"
"FabLab BH","26.234376","50.532435"
"Fablab Norilsk","69.360405","88.187162"
"Kabako Bamako","12.629949","-8.027427"
"'Iolani-Lower School FabLab","21.283467","-157.822875"
"Le FabLab de Jarry","16.239447","-61.565865"
"FAB LAB PEDAGO","49.436021","2.077964"
"EHS Studio Fab","42.3064","-71.1088"
"Fablab Cheongju","36.642562","127.437198"
"Kohl's Design It! Lab","43.038902","-87.906474"
"d.playlab - FABCAFE","37.557441","126.925251"
"Manche Lab","49.113225","-1.049357"
"Minvayu","12.015561","79.797887"
"FABULIS","49.106031","7.070862"
"FabLab Cuneo","44.389579","7.541694"
"DREAM Factory at Elizabeth Forward Middle School","40.274569","-79.825752"
"FabLab SWSU","51.73861","36.146936"
"FABLab EF","40.254989","-79.855936"
"California State University, Bakersfield","35.373278","-119.017628"
"The Office","-1.958756","30.069522"
"Fab Lab du 127°","44.857785","-0.560467"
"Creatr Point - Lecco","45.845969","9.39849"
"FabLab Vologda","59.188299","39.907243"
"Stebbins High School Fab Lab","39.79592","-84.127179"
"Fab Lab Oaxaca","17.079908","-96.726984"
"1Bacteria Fab Lab","-0.207683","-78.492019"
"Fab Lab Ecuador","-0.208041","-78.491218"
"Fab Lab Makers Modena","44.65483","10.933868"
"Le 17 bis","48.844217","2.312142"
"FABLAB Soissons","49.37132","3.307049"
"WitLab","45.883867","11.021245"
"Fab Lab CUBACT","40.713241","8.556719"
"FABLAB Uniss - Università di Sassari","40.712964","8.556564"
"BC3 FAB LAB BUTLER","40.826437","-79.911644"
"Bellingham High School Tech Lab","48.756523","-122.473424"
"Fablab Ural","56.849542","60.577462"
"PenyaLab","40.293127","-0.293858"
"Fab Lab Belgrade","44.806056","20.475771"
"FabLAB Arts et Métiers Liancourt","49.329572","2.468128"
"MOD&LAB","43.534405","6.464996"
"The FabLab: Make in Milano","45.46176","9.18244"
"FabLab Łódź","51.76244","19.5019"
"ARC Hub PNH","11.572378","104.928762"
"Space Coast FabLab","28.056615","-80.622887"
"Putnam Museum Hubbell-Waterman Fab Lab","41.524061","-90.577763"
"Fab Lab Terre di Castelli","44.509549","11.008789"
"Roxbury Innovation Center","42.330153","-71.083854"
"elFabLab","36.89648","10.310501"
"Garage Hub","49.97619","36.254736"
"Makerspace Darmstadt","49.878368","8.650399"
"Oberlab","47.750676","11.737845"
"fablab tigullio","44.324092","9.354135"
"LAB","44.32423","9.35494"
"Melvin H. King Fab Lab","42.332063","-71.090845"
"Digital Crafts","26.647453","106.630141"
"Hyntegra3D","42.454639","14.218469"
"Humanlab","48.125855","-1.701287"
"Ayiyikoh","5.316667","-4.033333"
"Fab Lab Petnica","44.2495","19.927836"
"Westerville City Schools Mobile FabLab","40.10174","-82.917142"
"Fablab O @U Link -“数制”工坊苏州领科海外教育学校","31.267948","120.749154"
"Lawton Chiles Middle Academy Fab Lab","28.048215","-81.958255"
"FABLAB Brindisi","40.640121","17.946287"
"Make in Granda","44.388142","7.585007"
"IDEA Lab, Hathaway Brown School","41.481344","-81.541618"
"Loudlab","45.950541","12.505001"
"ToMake Cantù","45.730977","9.127572"
"ToMake Lurate Caccivio","45.769297","8.996218"
"Fab Lab Fortaleza","-3.741118","-38.512391"
"Sinergia Tech","-34.905638","-56.170783"
"fablab Ugent","51.011904","3.705827"
"FabLab Angar","55.978414","92.936827"
"Imprimatvrlab - Fablab di San Martino dall'Argine","45.101353","10.518597"
"Incarnation fablab","54.301022","48.362956"
"Edinburgh Napier University Fab Lab","55.933056","-3.212876"
"FabLab Nuernberger Land","49.525432","11.318083"
"FabLab du CESI Rouen","49.475241","1.091269"
"Fablab Bieb Hilversum","52.227329","5.167133"
"FabLab NEA","49.502625","10.4132"
"FabLab Neustadt a.d. Aisch","49.502625","10.4132"
"IOX LAB","51.215549","6.750756"
"XMU-Torch Geek Space","24.489875","118.182434"
"FABLAB REGGIO CALABRIA","38.108953","15.648667"
"LAB by Dimension Plus","22.325243","114.164442"
"SIGMAke","45.757662","3.112997"
"Fab Lab Suwon","37.251397","127.078025"
"FabLab@school - Palermo","38.134889","13.35432"
"Full Sail Fab Lab","28.592854","-81.30374"
"FuvLab","43.433727","5.540449"
"MakeInBo - FabLab Bologna","44.492206","11.396297"
"Officine080","40.952087","17.30173"
"AKGEC FABLAB","28.679792","77.503541"
"Bitterroot FabLab","46.246084","-114.168049"
"FABLAB TECHPARK ZUGDIDI","42.514093","41.8795"
"FabLab Zugdidi","42.513758","41.879952"
"Nicéphore Labs","46.776413","4.846668"
"Fablab TAF","25.039406","121.539869"
"Fablab NTUT","25.042181","121.537803"
"La Charbonnerie","43.298957","5.366232"
"Bulldog Makerspace FabLab","34.785058","-86.573283"
"BiblioLab Lelystad","52.507975","5.473005"
"Brasília Fab Lab","-15.776333","-47.884542"
"Barclays Eagle Labs Bournemouth","50.724057","-1.906289"
"FabLab 10Th City","30.280558","31.76029"
"LAB' HAUT COMTOIS","47.886174","6.272287"
"R&DTECHFRANCE","48.065502","-1.704548"
"Apple Valley Fab Lab","44.742774","-93.230399"
"SKAP Fab Lab","58.026934","7.448252"
"CREATE+BUILD","37.713285","-122.475599"
"Fablab Taoyuan","24.965736","121.22588"
"Bay Area Discovery Museum","37.835591","-122.476401"
"Fab Lab Guarda","40.542324","-7.283649"
"Lab Top Innovation","43.132671","0.973469"
"LAB LAB TANGER","35.262956","-5.561728"
"FABWorks","33.64286","-117.841205"
"FabLab Daegu","35.871882","128.597458"
"Barclays Eagle Lab Cambridge","52.189214","0.138666"
"FabLab HaUI","21.046842","105.784407"
"First Tech Innovation Lab","22.75575","120.335083"
"Dolomiti Concept Lab","46.30024","12.011575"
"FabLabUM","55.781535","37.7113"
"Barclays Eagle Labs Brighton","50.833726","-0.139294"
"Make in Nuoro","40.326371","9.307091"
"FabLab Xnergic","41.527505","2.433572"
"Blolab Cotonou","6.3703","2.392285"
"FabLab CNH2","38.701224","-4.114865"
"FabLaBrindisi","40.632985","17.929324"
"FabLab Bionica","63.314425","105.418249"
"FabLabSibay","52.718517","58.681806"
"Usina Fab Lab","-30.032103","-51.202684"
"FABLAB TECHPARK","41.688423","44.76978"
"FabLab MDHS","24.106963","120.63565"
"FABLAB UGNTU","54.816967","56.058923"
"Fablab ITA","-14.780675","-39.267913"
"Atelier Numérique Romorantin","47.355213","1.752273"
"fab lab ismailia","30.621405","32.228865"
"Fablab Cantho","10.041593","105.764008"
"Parque Científico Tecnológico UAS","24.823015","-107.379478"
"FabLab Nanchang","28.682984","115.962144"
"Hammerspace Community Workshop","39.043991","-94.524503"
"MAKLAB - Micro Manufacturing","55.853378","-4.260112"
"Goodwill Makerspace","40.744686","-74.147488"
"Joy Fab Lab","-3.730867","-38.508811"
"Allen County Public Library- Georgetown Maker Lab","41.10207","-85.056851"
"La Fabrique Numerique de Gonesse","49.002234","2.42294"
"MakeRN FabLab","44.04926","12.55651"
"Eugene Public Library Maker Hub","44.04853","-123.094962"
"FabLab Jeju","33.298485","126.310371"
"FabLab Academy of Art","41.711739","44.760614"
"FabLab BSU","41.6496","41.627429"
"FabLab ATSU","42.266185","42.71804"
"cmit ""Vertikalnyj vzlet""","55.794447","37.392145"
"FabLab Ingolstadt","48.7609","11.41838"
"Fablab de Nijverheid","52.152394","5.170381"
"Fablab Arras","50.297151","2.730398"
"Fablab Sorbonne Université","48.84757","2.356735"
"East Troy Community School District Fab Lab","42.787419","-88.417911"
"FabLab UTP | Pereira","4.806478","-75.713418"
"FABLAB Jubail","27.14504","49.55346"
"DEL_Fablab","45.44515","12.317408"
"FabLab Rendsburg","54.3002","9.67043"
"w3make.it","44.415081","12.137878"
"Fablab Angar Krasnoyarsk","55.979402","92.937053"
"Fablab'ke","50.857859","4.338271"
"FabLab@TUHH","53.46529","9.9847"
"Rocket Fab Lab","42.921254","-87.871364"
"Ecolia Labs","3.868039","11.547575"
"Fablab For Education","44.847591","-0.60104"
"INTO Fab Lab","13.002617","80.251747"
"FabLab Faraday","41.741448","12.288069"
"Bourges Lab","47.081012","2.398782"
"ProDe","42.42329","19.20841"
"CMIT ""Model Spectr""","55.121497","36.615543"
"FCT FabLab","38.663751","-9.205749"
"CMIT ""Academy""","55.673848","37.514442"
"MINI FABLAB- ADISHANKARA","10.177749","76.429744"
"SK FabLab BB","48.740005","19.12413"
"JIT FAB LAB","-17.75397","-63.158925"
"FabVille","42.387202","-71.096972"
"FABLAB MERMISI","41.775118","44.795189"
"Kirecò Fablab","44.404686","12.220885"
"FabLab AISI","41.650926","45.679809"
"FabLab ERQVANI","42.514499","43.145769"
"FabLab Black Sea","41.633003","41.632025"
"FabLab Conegliano","45.896515","12.302043"
"Fab Lab DC","38.909205","-77.009463"
"FabLab EMISI","41.729874","44.766339"
"FabLab PHAZISI","42.159292","41.668938"
"FabLab Akhali Talga","41.845134","41.780942"
"FabLab Tetnuldi","43.033461","42.68948"
"APJ DREAMLAB TKMCE","8.915819","76.632481"
"FabLab GLDANI","41.802568","44.828535"
"FAB.LAB INNOVA FVG","46.150645","12.715983"
"Greenville Junior / Senior High School","41.403551","-80.372067"
"Trafford Fab Lab","53.387767","-2.348229"
"WHS Wayshak Fab Lab","42.369967","-71.177993"
"Solihull Fab Lab","52.479578","-1.741035"
"Fablab Bandar-e Abbas","27.202288","56.334516"
"Verket FabLab","59.435813","10.662928"
"FABLabUP - Universidad del Pacífico","-12.083744","-77.048575"
"Fab Lab Oulu","65.059225","25.469693"
"Mada Fab Lab","25.313293","51.519238"
"Faso Civic","12.375943","-1.558258"
"FilippinFabLab - F2L","45.828579","11.859957"
"FabLab Santiago City","16.689228","121.556089"
"HEi","48.128856","11.602246"
"Haus der Eigenarbeit","48.128856","11.602246"
"Mescla FabLab PUC-Campinas","-22.83415","-47.05123"
"Hackspace","55.828812","49.075231"
"UniAvan Fab Lab","-26.994905","-48.655755"
"MondoNovo Electronics Lab","43.267586","13.007783"
"MachLAB","45.805838","16.235404"
"WenakLabs","12.1233","15.050411"
"Fab Lab ULL","28.46465","-16.29889"
"Школа Цифровых Технологий (Digital Technology School)","56.451732","84.974218"
"Decode Fab Lab","37.985211","23.76345"
"WWETB FabLab Enniscorthy","52.511703","-6.583793"
"Rutgers University Makerspace","40.523347","-74.431541"
"Protohaus","52.276457","10.531209"
"Sports FabLab Suseong","35.831383","128.687489"
"NWLA Makerspace","32.451999","-93.853738"
"FabLabKL","3.157906","101.690907"
"FabClub","26.30537","50.149885"
"AsTech, le Fablab de LyonTech-la Doua","45.780206","4.871715"
"Infoplazas David","8.425266","-82.429473"
"Moscow International School","55.749861","37.781986"
"Fab Lab da Firjan SENAI Itaguaí","-22.864609","-43.75034"
"Fab Lab da Firjan SENAI Resende","-22.465104","-44.456877"
"Ciudad Retoño","19.359961","-98.984644"
"Talents Lab","26.293708","50.185769"
"Cityfab 3","50.834214","4.327496"
"Astertechnics","50.791448","3.876803"
"FabLab PPR","45.310009","5.887562"
"Fab Lab Inatel","-22.255966","-45.69616"
"FabLab Klein-Brabant","51.0756","4.274544"
"Makerspace Manipal","13.351488","74.792983"
"UnternehmerTUM MakerSpace GmbH","48.26864","11.66513"
"FabLab Pistoia - PTLUG","43.942815","10.9341"
"Fablab Bachkhoa","21.003882","105.847607"
"Ecloserie Numérique","48.561227","0.265223"
"Scalo 5B","38.145298","13.355309"
"VW eLab at Brown Middle School","35.109513","-85.139428"
"Fab Lab Belgorod (CMIT Metamorphosis)","50.579415","36.598072"
"FabLab IPB","41.795974","-6.767562"
"Green Lab","51.496418","-0.062948"
"SHU Makerspace","41.216696","-73.253513"
"FabLab Jerez - El Altillo School","36.705165","-6.122736"
"Marie Curie High School Fab Lab","41.80224","-87.721707"
"FabLab Escola Concept SSA","-12.945778","-38.384242"
"UNIP Fab Lab","-23.603258","-46.648574"
"MUSE Fablab","46.062572","11.114608"
"Fablab Nordvest","55.709857","12.526876"
"FabLab4D","46.852863","-71.381552"
"Fablab O - Shanghai Tech “数制”工坊-上海科技大学","31.174148","121.5989"
"Fab Lab INA","10.089868","-84.347283"
"FabLab European School","41.720878","44.742046"
"VW eLab at Chattanooga High Center for Creative Arts","35.079255","-85.304213"
"Hub Center","31.859455","-116.610906"
"FabLab Imperia","43.89308","8.040501"
"fablab taibah","24.524654","39.569184"
"Fabinka","54.528167","36.29326"
"FabLab Stem School Assuit","27.196551","31.076484"
"Hixson Middle School Volkswagen eLab","35.152812","-85.223641"
"BSDU FabLab","26.816375","75.599622"
"RED SEA STEM","27.290555","33.731125"
"FireStarter Fab Lab","32.595359","-83.65367"
"ArtLab Accademia Sironi","40.734458","8.560593"
"InterFAB","45.503335","-73.636982"
"G-LAB","48.55001","-1.756074"
"Padlab","-3.789151","-38.517778"
"GarageLab Düsseldorf","51.250872","6.789656"
"MiRONAFT","46.459198","30.744962"
"fabutopia","41.039709","28.673076"
"Fab Lab Chch","-43.545597","172.641851"
"DefkoAkNiep Lab","14.713979","-17.455148"
"ABAQ FabLab","42.365353","13.372867"
"Fab Lab Piazza l'Idea","45.699626","9.410427"
"FabLabESFE","13.737676","-89.70928"
"SAL-LAB","20.574018","-100.369688"
"FabLAB Trani","41.26885","16.43395"
"Fablab SZPolytechnic","22.592017","113.948001"
"Fab Lab IED Madrid","40.390583","-3.729061"
"FabLab Marie-Rivier","45.898342","-72.501593"
"Le Boc@l - Bricole Locale","47.217043","-0.727538"
"Fab Lab Khairpur","27.528316","68.757727"
"Polylab","14.791005","-16.93586"
"ViNN:Lab – Makerspace at TH Wildau","52.318931","13.628902"
"Fablab Spazio Attivo Zagarolo","41.83858","12.830895"
"STEAMengine","-37.655443","145.030794"
"Creative Point","48.145159","17.124034"
"FabLab Architettura Sapienza","41.91588","12.47415"
"Technolab_EDU","-29.947639","-71.248705"
"FabLab OPIZARI","41.638308","42.999906"
"Kyungnam","35.120329","129.019937"
"Fellesverkstedet","59.92537","10.762228"
"Fablab Perugia","43.075248","12.32646"
"FabLab Ulsan","35.545428","129.317665"
"LCC Fab Lab","45.470305","-73.623449"
"Hawken Fab Lab","41.527341","-81.386424"
"Fablab Hwaseong","37.161631","126.86546"
"East Hamilton School eLab","35.00607","-85.096424"
"Fab Lab Fabulous St. Pauli","53.55704","9.961234"
"PSHS-CLC Innovation Center","15.19425","120.534012"
"FAB LAB LIVRE SP GALERIA OLIDO","-23.543454","-46.639054"
"Fab Lab GO","-16.328521","-48.953447"
"4Lab - FabLab Valle dell'Amaseno","41.539665","13.278308"
"Fab Lab UFAL","-9.552427","-35.77498"
"Fablab AIC Aartech","23.098703","77.505002"
"Super FabLab UAE","25.217658","55.267083"
"FabLab Graz","47.059316","15.464222"
"Freedesignlab","14.716677","-17.467686"
"Fablab O - Mobile FABO","31.281188","121.507445"
"Makers NS","45.2487","19.849818"
"Seoul Foreign School FabLab","37.569928","126.936062"
"VW eLab at Red Bank","35.122213","-85.30574"
"SLU-DTI FabLab","16.419609","120.597832"
"Atölye 4x4","41.03166","29.171509"
"Donifab","12.639061","-8.002708"
"Fab Lab FES","42.210222","2.202977"
"Le Fabuleux Laboratoire","49.228193","2.129543"
"CMIT ""Technospark""","55.469026","37.296215"
"Kom In Centro de Innovación","4.710989","-74.072092"
"Fab Lab BAU","24.724302","90.435247"
"Saint James Fab Lab","39.575553","-77.758359"
"STEMInsight - RIA School Fab Lab","32.435334","120.513838"
"FabLab Level Up Studio","41.64306","-4.733336"
"Fab City HUB León powered by MakerMex","21.157076","-101.661139"
"Haft O Hasht TechShop","35.700401","51.319526"
"Fablab Valle Sabbia","45.604929","10.459401"
"FABfab! La fàbrica fabulosa","41.975406","2.818457"
"FabLab IBERIA","42.256289","42.68939"
"STEAM Works Laboratories","39.754539","-84.189016"
"Il FabLab di Leonardo","42.220645","14.390913"
"Kelliher School Fab Lab","47.944828","-94.451728"
"Nido MakerLab","-33.35169","-70.503928"
"hackerslab","11.296109","77.62127"
"FabLab Vigo","42.23566","-8.71553"
"Fab Lab Asan","36.769649","126.932408"
"Humanlab Saint-Pierre","43.525157","3.926015"
"CAPLAB07","44.730946","4.598407"
"Hall32","45.791094","3.105012"
"Dassault Systemes 3DEXPERIENCE Lab Boston","42.401007","-71.258549"
"fab lab.au - UFMT","-15.607067","-56.066191"
"Fab Lab IYEM","21.055867","-89.642453"
"FABLAB EMSI CASABLANCA","33.541302","-7.670901"
"L'Atelier FabLabNC","-22.269246","166.440723"
"Fab.Lab Alto Minho","41.83499","-8.42065"
"FabrikaLab İzmir","38.44025","27.151735"
"FabLab SPECTRI","41.666454","44.918535"
"FabLabChangwon","35.253766","128.640271"
"El Garage Project Hub","32.61687","-115.439384"
"Fab Lab Escuela Americana","13.697245","-89.240363"
"FabLab Chocó","5.694403","-76.649826"
"Cahul Fab Lab","45.903985","28.195531"
"D'Clic Lab","43.833061","5.782666"
"Santa Chiara Fab Lab","43.315302","11.339195"
"FabLab 3dtoy","-22.884361","-47.154006"
"TEEBOT_MAKE","10.510464","7.416505"
"SenartLab","48.613611","2.538342"
"FabLab MODUSI","41.569081","44.965367"
"LIKHA FabLab","13.752516","121.080705"
"Fab Lab Brossard","45.454994","-73.468072"
"STEM HUB","25.314713","51.441951"
"SparkLab Dunkerque","51.026798","2.36943"
"Rose State College BIT Digital Prototyping Lab","35.444664","-97.413129"
"Maker Lab Express","34.51994","-105.87009"
"Lena Park Fab Lab","42.294903","-71.09221"
"VW eLab at Brainerd High School","35.028209","-85.218462"
"Fab Lab da Indústria - SESI/SENAI/IEL CIC - Curitiba, Paraná, Brazil","-25.49756","-49.31141"
"Creative Lab RNTBCI","12.737767","80.004812"
"VW eLab at Ooltewah Middle","35.063325","-85.064096"
"FabLab Porto de Mós","39.598245","-8.818848"
"MIDAS Fab Lab","49.097673","-117.680654"
"SENAI LAB CETEC PALMAS","-10.176187","-48.335687"
"ICI Marseille","43.32634","5.366461"
"Fab Lab da Firjan SENAI Jacarepaguá","-22.934027","-43.352816"
"FabLab Station","45.063467","38.991748"
"IoT Fab Lab","20.675329","-103.393"
"FabLab Contea","43.862085","11.530883"
"Piscin'Lab","48.705303","6.167165"
"brigk Makerspace","48.77667","11.45967"
"Zona de Inventores","18.645849","-91.788669"
"Fab Lab Gwangju","35.147053","126.914744"
"LSCongres","41.425879","2.182028"
"Fab Lab Escola SESI - Presidente Prudente","-22.113319","-51.374645"
"Pracownia FabLab Gdańsk","54.422631","18.56644"
"SHTP Maker Innovation Space","10.860592","106.791785"
"smartlab Carinthia","46.614088","14.266581"
"FabLab Vancouver","49.266285","-123.09915"
"FAB LAB Paraguay Educa","-25.292982","-57.604326"
"FabLab Bucharest","44.406924","26.204998"
"Fab Lab Hornafjordur","64.255558","-15.208859"
"Fab Lab Selfoss","63.932178","-20.997547"
"FAB LAB IEMA","-2.566398","-44.318024"
"Wake'n'Make","44.640717","11.185674"
"Fablab Jundiaí","-23.192315","-46.876386"
"Muskogee Public Schools Fab Lab","35.771619","-95.329732"
"Dripping Springs High School","30.198293","-98.10102"
"FabLab Kamp-Lintfort","51.49997","6.54533"
"Cubo.XYZ","42.22606","-8.721641"
"FabLab Solidaire Orange Digital Center ODC - Cameroun - WouriLab","4.04745","9.693923"
"STREAM FAB LAB","32.879826","13.214208"
"FabLab Radom","51.402891","21.141641"
"IACT Fab Lab @ Daegu","35.89152","128.599178"
"FabLab Terracina","41.288206","13.252691"
"CO77IRI MAKER SPACE","35.165264","126.904342"
"Fablab TecNM CRODE Orizaba","18.831953","-97.103105"
"FABLAB XuanYuan","34.504981","113.768346"
"prodilab","4.805187","-75.725437"
"FabLab MVD","-34.90977","-56.164017"
"Fab Lab Maker Educ","-5.180493","-37.350047"
"La Bonne Fabrique","45.25948","5.77706"
"The Gregory School Fab Lab","32.266009","-110.877762"
"RAIN","7.3735","3.867643"
"Fablabs Wonju","37.339889","127.922003"
"Neo Space","6.882451","79.885349"
"FabLab de Nîmes","43.821164","4.368281"
"Dewey","18.376549","-65.958386"
"Fab Lab Santa Fe","35.653911","-105.974104"
"Fablab.sk","48.15008","17.114219"
"Fab Lab STEM Chattanooga","35.100972","-85.243321"
"Fablab Anáhuac","19.021206","-98.262985"
"MakeLab Israel, Yehud","32.034111","34.89093"
"Mohali","30.793171","76.718368"
"Fab Lab UTFSM","-33.490657","-70.619193"
"Vigyan Ashram","18.832386","74.051867"
"FabLab KandaNishikicho (ex. FabLab Shibuya)","35.693726","139.760792"
"Renovatela","-22.789509","-43.311178"
"La Palanquée","43.405221","3.695831"
"Wheaton Fab Lab","41.966347","-71.183945"
"FabLab Jazan","16.960304","42.555042"
"TQB's Fablab","21.00262","105.846519"
"Fablab ISET Sidi Bouzid","35.028929","9.456307"
"Fablab BIIC","10.986325","106.676138"
"FabLab La Salle Chihuahua","28.609655","-106.129413"
"Creative Design Lab","10.614086","-61.327745"
"ACTMC","68.356171","-133.727911"
"Blue Ridge-UA 4H FAB LAB","34.147569","-109.968658"
"Garage Academy at NIT","41.712864","-86.900822"
"FABLAB 2300","51.32015","4.951869"
"FABLAB SAU","23.772627","90.373955"
"Barton Maker Space @ Bradley University","40.699453","-89.615985"
"BITZ unibz fablab","46.497802","11.348469"
"La Fabrique Multimedia","50.108486","1.828927"
"Fab Lab Paso del Norte","31.598314","-106.362437"
"FabLab_du_Rocher","48.876448","2.303581"
"Confluence Fablab","38.806278","-89.949941"
"Fablab Tainan","22.993373","120.215284"
"Fablab STMC","23.130636","120.290958"
"Fab Lab Egypt","29.959218","31.252782"
"BISCAST ManFabLab","13.636209","123.199228"
"The Makerspace (previously TechWorks Amman)","31.971558","35.832745"
"FabLab L'Aquila","42.35466","13.41375"
"35 services e. V. - Offene Werkstatt","52.533772","13.360144"
"360° - Raum für Kreativität","52.565096","13.505437"
"3d-repairCafe.de","52.512343","13.324407"
"4830.org","51.908386","8.37936"
"Abantu Kulturlabor","50.920858","11.572205"
"Akademie für Suffizienz","53.070671","12.082973"
"All We Shape","53.87175","10.697446"
"Alte Gießerei Berlin e. V.","52.527552","13.492825"
"Alte Seegrasspinnerei - OFFENE WERKSTATT","48.627799","9.344061"
"AStA-Fahrradwerkstatt e.V.","50.11852","8.651488"
"Atelier für Keramik","48.148762","11.583809"
"Atelier im Sandkasten","47.487513","9.474455"
"ATELIER zwo.7 e.V.","54.001256","13.547272"
"atelier-micaela.de","52.555604","13.160669"
"AtelierWerkstatt Machwerk e.V.","48.14203","11.515935"
"ati_lier","50.973539","7.010239"
"Augustusburg aufweiterflur im Lehngericht","50.814249","13.099955"
"Ausbesserungswert Leverkusen e.V.","51.067952","7.011356"
"autodidacta","53.864719","10.694438"
"Awiro-Rostock","54.088484","12.118575"
"AWO Jugend- und Familienhaus","50.690888","11.322545"
"Bicycle Liberation Front Bamberg","49.896765","10.883799"
"Bike Kitchen Nürnberg","49.451315","11.11119"
"BikeBox","50.826336","12.543185"
"Bikekitchen Augsburg","48.372542","10.890777"
"Bikekitchen München","48.122695","11.608301"
"Bikekitchen Rosencrime e.V.","47.857781","12.124928"
"Bonn im Wandel","50.757222","7.081111"
"Brinke 26 e.V.","54.09073","13.3874"
"Build-Share-Repair","50.992202","11.026113"
"bukiprojekt:buchkinder werkstatt","52.40738","13.06534"
"Holzwerkstatt im Treffpunkt Freizeit","52.40738","13.06534"
"Café Kaputt","51.338389","12.326284"
"krimZkrams - Materialsammlung, offene Werkstatt, Workshops","51.338406","12.327063"
"Chance Action e.V.","52.590147","13.393463"
"CityLAB Berlin","52.48378","13.38856"
"CO.WQ e.V.","51.35088","12.000485"
"Cocolab","52.132025","12.517148"
"Code for Heilbronn e. V.","49.140202","9.215784"
"ColorLabor","51.328327","9.497329"
"Commons Zentrum Lüneburg","53.229757","10.389204"
"Craftschoepferey","53.08621","8.57813"
"creativhalle Neuss","51.146709","6.70219"
"Cucula","52.513649","13.44446"
"dasdigidings e.V.","50.77718","7.27842"
"DevLab-TSA e.V. Hackerspace","51.289375","7.233067"
"Die Blaue Blume e.V.","47.666286","9.448432"
"Die GanzMacher e.V.","51.181474","14.432038"
"die MOTTE e.V.","53.55029","9.9277"
"Die Radgeber","51.334518","12.379247"
"Die Werke Bonn - Fahrrad Selbsthilfe Werkstatt","50.735516","7.087125"
"DIY Werkstatt Karlsruhe","48.988822","8.371987"
"Do It Yourself Werkstatt Wilhelmshaven","53.517305","8.093941"
"Dorfscheune Prädikow","52.629543","14.011192"
"druckbar","51.840347","12.240796"
"Druckgrafisches Atelier","48.127457","11.571423"
"Papierwerk Glockenbach","48.126995","11.572849"
"E-Werk Oschatz","51.302475","13.109831"
"ecocurious","48.51999","9.054276"
"Ehrenwerk","50.951631","6.910474"
"ENZWERK","48.893707","8.702806"
"Erfindergarden","48.13095","11.59175"
"Münchner Werkzeugbibliothek","48.13013","11.59179"
"Erfindergeist-Jülich e.V.","50.919258","6.374239"
"Euregio Makerspace","50.79087","6.105801"
"fab66","49.233848","6.989961"
"FabLab Aachen","50.781545","6.063607"
"FabLab Allgäu e.V.","47.72964","10.31218"
"FabLab Altmühlfranken","49.124787","10.77903"
"FabLab Ansbach e.V.","49.31427","10.5755"
"FabLab Bruchsal","49.168112","8.620302"
"FabLab Frechen","50.910021","6.813186"
"FabLab Freising e.V.","48.394988","11.717101"
"Fablab Ideenreich","54.77555","9.4509"
"FabLab Kiel","54.34158","10.125269"
"FabLab Leipzig","51.345932","12.407199"
"FabLab Lengerich","52.187501","7.856416"
"FabLab Lüneburg e.V","53.244224","10.421368"
"WerkStadt Lüneburg","53.244649","10.421313"
"FabLab-Thüringen","51.312353","10.856451"
"Fabrique-Gängeviertel","53.555073","9.984274"
"Holzwerkstatt/ -labor Gängeviertel","53.555361","9.983587"
"the#Brake","53.555644","9.983537"
"XYZ CARGO // Till Wolfer / N55","53.555258","9.983965"
"Fahrrad-und Verkehrs AG des AStA der TU Braunschweig","52.270078","10.510835"
"fahrrad3000","52.494967","13.388027"
"Fahrradwerkstatt","50.943226","6.928487"
"Faradgang - Köln","50.91406","6.96477"
"Farbraum München","48.11973","11.559288"
"Fazze","52.15329","9.96392"
"Filmhaus Köln","50.949007","6.94952"
"flipdot hackspace kassel","51.320868","9.495051"
"FLOW - Lernort Welt","53.116887","13.497969"
"Fluktus Werkstätten","52.456913","13.393154"
"FORSCHERBOX","52.372794","9.743942"
"Frauenhandwerkstatt","53.585129","10.059348"
"freie Stiftung","52.035684","7.378134"
"Freie Werkstatt","52.165751","9.941166"
"FREILab","48.009326","7.828349"
"Freiraum Hackerspace Ulm","48.400525","9.991243"
"freiRAUM | Angermünde","53.016656","14.011154"
"freiRAUM | Prenzlau","53.323024","13.863078"
"freiRAUM | Templin","53.114252","13.510213"
"freischrauber*","53.073043","8.827507"
"FreiWerk Paderborn","51.71844","8.74695"
"Freizeitwerkstatt Dreispitz","47.720621","8.661316"
"Gemeinschaftswerkstatt Spreisselwerk","51.85753","9.9429"
"GESTA Aschaffenburg","49.986137","9.135917"
"Glasbox@BHT","52.545128","13.354294"
"grandmitmachwerkstatt","48.372795","10.899971"
"GutAlaune","51.5259","11.9315"
"Hackerspace Saarbrücken","49.240264","6.973797"
"Hafven Coworking & Maker Space","52.388007","9.72658"
"Halle 1","51.574361","7.025983"
"Halle 36 e.V.","52.395218","12.926455"
"Halle-Temp","51.495357","11.966237"
"Handwerk und Gemeinschaft e.V.","47.978076","7.825685"
"Hansawerkstatt","51.950342","7.644156"
"RollWerk open community lab","52.479213","13.432298"
"Heart of Code","52.504064","13.424708"
"Hebewerk e.V.","52.83075","13.754443"
"himmelsgrün malatelier","48.123603","11.536786"
"Hinsche","53.60143","9.911499"
"Holles Werk","51.209601","9.938815"
"holz.werk.stadt","49.445867","11.061981"
"Holzhilfe","51.09015","13.76648"
"Holzhof Nischwitz","50.82386","12.2714"
"HolzKraftWerk","50.039909","12.003931"
"Holzwerkstatt Gostenhof","49.450275","11.053217"
"Holzwerkstatt HausDrei","53.55689","9.945823"
"Holzwerkstatt Regenbogenfabrik","52.495718","13.426896"
"Holzwerkstättin KuBiZ Wallenberg","52.55728","13.46987"
"hubSchrauber","52.522047","13.389719"
"Ideenwerkstadt - Stuttgart","48.800589","9.216565"
"IKA - Ideen-Kombinat am Arzberg","50.707957","10.563159"
"ikuwo","54.092528","13.381563"
"Illenau-Werkstätten e. V","48.62577","8.08273"
"Innwerk","48.570789","13.466304"
"Jugendkulturhaus Dynamo","47.383401","8.539382"
"Kabutze","54.097348","13.377586"
"Kanal","52.482231","13.462372"
"KAOS","52.46285","13.51048"
"Keller 5 - die offene Fahrradwerkstatt","48.76658","9.171783"
"KLAX - Kreativwerkstatt","52.544811","13.413064"
"KlecksX","47.916798","11.419308"
"Klimaquartier Ellener Hof - Elektro-Selbsthilfe-Werkstatt","53.072563","8.92774"
"Klimaquartier Ellener Hof - Nähwerkstatt","53.07251","8.925463"
"KlimaWerkStadt","53.073738","8.795756"
"Kofferwerkstatt","49.472259","10.983008"
"KonRad","48.77227","11.45048"
"Kreativ Werkstatt Regensburg","49.029818","12.086161"
"KreativGarage im Ackermannbogen","48.16493","11.55847"
"KreativKellerei e.V.","53.51565","8.103993"
"Kreativwerkstatt ffm","50.136391","8.668478"
"Kühlhaus Görlitz","51.12984","14.97026"
"KULTUR BOTSCHAFT BERLIN LICHTENBERG","52.526113","13.497875"
"KulturlaborTrial & Error","52.470697","13.442552"
"Kulturmarkthalle","52.539767","13.452329"
"Kunst Ort Lehnin","52.327662","12.745983"
"Kunst und Kultur Bastei e.V.","48.767766","11.420719"
"Kunst Werk Stadt Berlin e.V","52.48073","13.43118"
"Kunst-Stoffe - Zentralstelle für wiederverwendbare Materialien e.V.","52.504843","13.477731"
"Kunstkollektiv Jaffe","53.508818","10.000659"
"Kunstwerk-Jena","50.931234","11.589802"
"Kunstwerkstatt Mohrvilla e.V.","48.19383","11.618492"
"Lab³","49.862695","8.622622"
"LAMA97 Fahrradselbsthilfewerkstatt","47.981682","7.832094"
"Land Leben Kunst Werk e.V.","51.58238","12.13851"
"Landkombinat","53.840002","13.074425"
"LastenVelo Freiburg Selbsthilfewerkstatt","48.003834","7.828096"
"LeineLab e.V.","52.392702","9.723724"
"Les Bricoleurs","46.874946","7.367134"
"lila_bunt Werkstatt","50.672069","6.66956"
"Linienhof-offene Metallwerkstatt","52.482285","13.465503"
"louloute","48.135543","11.541397"
"LutherLAB","51.474585","7.307163"
"machBar im Würmtal","48.10316","11.42714"
"MakEd_digital (Päd. Hochschule Ludwigsburg)","48.909015","9.184151"
"MakEd_digital (Uni Stuttgart)","48.78632","9.163575"
"MakeLab","50.117028","8.649954"
"Maker Lab Murnau","47.67355","11.2067"
"Maker Pop e.V.","50.583519","8.672458"
"Maker-Werkstadt Frankfurt","50.10271","8.70155"
"Makerhafen","53.562751","9.925764"
"Makerkutsche","51.862483","13.943691"
"Makerspace Amsham","48.51481","13.072701"
"MakerSpace Baiersdorf","49.658452","11.033168"
"makerspace Braunschweig","52.282029","10.51576"
"Makerspace der Stadtbibliothek Bielefeld","52.026698","8.537128"
"Makerspace Esslingen e.V","48.742178","9.314423"
"Makerspace geistesblitz","51.097995","14.668062"
"Makerspace Gießen","50.589763","8.677621"
"Makerspace Görlitz / RABRYKA","51.15351","14.97623"
"Makerspace Greifswald","54.102078","13.442686"
"Makerspace Grünau","51.320286","12.288703"
"Makerspace Gütersloh","51.902019","8.377448"
"MakerSpace Lübbecke e.V.","52.303318","8.617235"
"Makerspace Niesky","51.296348","14.821742"
"Makerspace Rhein-Neckar","49.456614","8.431689"
"Makerspace Viernheim","49.55068","8.577957"
"Makerspace Wiesbaden","50.055633","8.308453"
"Makerspace Wittlich","49.986432","6.888024"
"Makerspace-Aurich","53.478283","7.466082"
"Makerspace-Erfurt","50.973253","11.036864"
"Makerspace-Hochschule-Niederrhein","51.318154","6.563991"
"Makerspace-Kaarst","51.22099","6.60809"
"Makertreff-Reutlingen","48.509496","9.218882"
"MakeSpace EBE","48.073177","11.910234"
"Männerschuppen Insel Poel","53.9853","11.40935"
"MANU - die offene Werkstatt","46.497863","11.344512"
"Materialbuffet","51.315995","12.315468"
"meffi.s werkstattTreff","50.776522","6.087841"
"metallwerkstatt","52.089034","8.270494"
"Metallwerkstatt AJZ  Bielefeld","52.022096","8.556263"
"Meter","47.419929","9.354035"
"MetroLab Berlin","52.57763","13.285104"
"minitopia - Alternation e.V.","53.482854","9.992643"
"Mitmach-Werkstatt","52.145683","12.591343"
"Mobi","53.548828","9.98717"
"Mode Kollektiv Mengenich","50.979691","6.867146"
"Nachbarschafft e.V.","52.483951","13.324284"
"Nachbarschaftsgärten e.V.","51.333933","12.334229"
"Nachbarschaftswerkstatt der Baugemeinschaft Wunschnachbarn","50.965601","6.962587"
"Nachbarschaftswerkstatt Inselhandwerk","52.512526","13.406569"
"Naehpoint Wiesbaden","50.046142","8.241288"
"Nagel und Faden","47.852556","11.492619"
"Nähbar im KUBA","53.13929","11.03865"
"Nähcafé Kiel","54.286476","10.232284"
"Nähcafe` Zeitlos","50.64925","11.98435"
"Nähsalon","49.601046","11.003041"
"Nähzimmer-Offene Schneiderei Werkstatt","51.447481","6.576909"
"Netzwerkstatt","48.069307","13.184634"
"ob-ej-kt Die Werkstatt für Jedermann","51.125504","6.964066"
"Offene Holzwerkstatt Borsdorf","51.349243","12.541706"
"Offene HolzWerkstatt Markt Schwaben","48.188873","11.867983"
"Offene Jugendwerkstatt Karlsruhe","48.96201","8.46817"
"Offene Jugendwerkstatt St. Ingbert","49.276209","7.108506"
"offene nachbarschaftswerkstatt WRG-Süd","52.250369","10.506213"
"offene Werkstatt","51.310688","9.527601"
"Offene Werkstatt am Stadtwald","50.803792","8.756557"
"Offene Werkstatt Bamberg","49.9055","10.883083"
"Offene Werkstatt für Handwerk, Technik und Handarbeit","51.742663","14.325866"
"offene Werkstatt Gudwork","50.131818","8.691296"
"Offene Werkstatt k20","51.796425","9.912257"
"Offene werkstatt Lutherplatz","52.548335","13.204512"
"Offene Werkstatt Mainz","50.005622","8.257987"
"Offene Werkstatt Metall","48.083104","11.824007"
"Offene Werkstatt Norderstedt","53.689371","10.027301"
"offene Werkstatt Spremberg","51.571886","14.379947"
"Offene Werkstätte Weiz-Thannhausen","47.229969","15.634453"
"Offene-Werkstatt-Freising","48.39659","11.76744"
"Offener Werkstatt-Treff & Inklusives FabLab","53.5921","9.88063"
"Precious Plastic Altona","53.5921","9.88063"
"OK Werkstatt","47.80457","13.050919"
"Open Source Ecology Germany e.V.","53.36144","11.65696"
"OpenGuitar","51.063196","13.815306"
"OpenMycoLab","51.735994","14.62643"
"OSW-Leipzig","51.336079","12.326109"
"OTELO-Pinztal","48.978088","8.541495"
"Passage 13","51.480396","11.921891"
"planraum makerspace","49.01624","12.130932"
"Plattenladen Kollektiv","52.480126","13.433984"
"PlatzProjekt","52.368185","9.697226"
"Precious Plastic München","48.12527","11.60497"
"Rad i.O.","51.028562","13.749515"
"Rad-Team Leibnitz-Gymnasium Essen","51.492422","7.013256"
"RADikate","50.812384","8.776105"
"RADiologie","50.985247","12.435979"
"Radküche Münze","53.549486","10.013874"
"Radsfatz","51.336522","12.418817"
"Raum.Wagen","48.319839","14.273643"
"RaumZeitLabor e.V.","49.507977","8.502006"
"ReBycle","53.630839","11.416019"
"RessourcenZentrum","53.143044","8.193664"
"Rio Raum","49.677785","12.160186"
"Rückenwind Selbsthilfewerkstatt","52.48987","13.42512"
"Sailing Team Darmstadt e.V.","49.878177","8.654126"
"Schaffbar BB","48.683312","9.017533"
"Schafferei – Offene Werkstatt Göppingen e.V.","48.709838","9.65316"
"Schlagloch","54.381709","10.159089"
"Schmackomat","51.322705","9.493574"
"Schmiedfeuer Werkstatt und Beratung","51.570298","8.099452"
"schokowerkstatt, die|frauenmöbelwerkstatt","52.500989","13.422967"
"SDW-Neukölln","52.497857","13.446498"
"SEKUNDÄR-SCHiCK","52.483172","13.526187"
"Selbsthilfefahrradwerkstatt FH Erfurt","50.984931","11.044562"
"Selbstwerk","50.740001","7.14049"
"Selfmade","51.518557","7.467613"
"Siebdruck-Atelier Posa","51.052961","12.15433"
"silberfabrik","48.13081","11.60527"
"Skills Factory","37.747205","26.967628"
"SonnenLAB","48.562603","8.484992"
"Stadt-Teil-Werkstatt","52.38902","9.71993"
"Stadt.Teil.Raum","53.098481","8.781587"
"Station für Technik, Naturwissenschaften, Kunst Weißwasser e.V.","51.48938","14.633723"
"Stoffdeck Co-Working Wilhelmsburg","53.51415","9.9841"
"Straze","54.101168","13.376616"
"streifenholz","52.534194","13.423006"
"Studiwerkstatt Aachen e.V.","50.774551","6.1038"
"Sub Terra Studio","50.8201","12.931405"
"swablab e.V.","48.467889","8.499382"
"Tagwerk e.V.","51.179277","14.429016"
"TEAMWERK offene Werkstatt e.V.","48.177162","11.722161"
"Technikfreunde","49.323504","6.767494"
"Technikstützpunkt ""TechBil""","53.06629","14.25915"
"TH-Brandenburg","52.411237","12.539814"
"the-nt.space e.V.","48.629417","9.337524"
"THFwelcome Fahrradprojekt","52.482395","13.390822"
"Tinkertank","48.891753","9.188057"
"Toolbox Bodensee e.V.","47.712313","9.39904"
"ToolTime","52.54166","13.50874"
"Transition Town Augsburg","48.370804","10.896061"
"Transition Town Witzenhausen - Projekthaus","51.34352","9.85742"
"TransitionHaus - Ein Ort des Wandels in Bayreuth","49.94774","11.575"
"Treffen & Machen","52.650658","8.106253"
"Treibhaus e.V.","51.120982","13.110749"
"tüd3l.eck","53.375118","10.554505"
"TüftelLab","52.503352","13.410236"
"Tüftelwerk","47.042918","8.313943"
"Turbine","46.994608","8.605861"
"U.10 Makerspace","49.627753","8.356393"
"UNIKAT","50.68108","10.93496"
"Unternehmen Chance","47.551382","9.722851"
"Upcyclingbörse Hannover","52.371986","9.720534"
"Urban Lab","49.461381","11.028874"
"Urbanisten-Manufaktur","51.513533","7.436997"
"URRmEL","49.420778","8.663185"
"Velo Café","48.145651","11.470207"
"Vétomat","52.508648","13.460686"
"Villa-Flaire Erlebniswerkstatt","49.33752","11.290498"
"ViNN:Lab","52.31913","13.632356"
"VOLLDABEI Fahrrad-Reparatur-Café","48.37608","10.868255"
"Von Herz zu Herz ""Nähherzen""","47.781823","12.108707"
"W.A.F.F.","52.296627","8.027681"
"wagnis-werkstatt","48.130079","11.700123"
"WAK-Lab","50.987288","10.305922"
"Waldbart Mitmachwerkstatt","52.422636","13.723443"
"Wehrke Westen","52.83885","9.303686"
"Welcome Werkstatt e.V.","53.579811","10.021934"
"weneedhomesffm","50.183984","8.652743"
"Werk 2","51.310109","12.371337"
"Werk Statt Konsum","54.327086","10.141981"
"Werk&Raum Gelsenkirchen-Ückendorf","51.499539","7.110007"
"Werk- und Kulturscheune Loitsche e.V.","52.29623","11.700145"
"WERK.statt","53.55413","8.56962"
"Zircula-Lab","53.554146","8.569654"
"WerkBib","51.525511","9.953976"
"werkbox-VS","48.062011","8.527408"
"Werkhaus Potsdam","52.394867","13.119983"
"Werkimpuls","48.203301","16.343263"
"WERKRAUM Augsburg","48.364233","10.91596"
"WERKRAUM47 - Technologiewerkstatt Jägerhof","51.023643","7.655921"
"Werkschule Lambach","48.094574","13.871261"
"Werkstatt Höflich","48.150329","11.564935"
"Werkstatt im JUKUZ","49.971334","9.148068"
"Werkstatt Karli17","48.177915","11.511969"
"Werkstatt Lindenau","51.338727","12.32257"
"Werkstattcafé Dessau","51.838998","12.244336"
"werkstattcouch","47.271235","11.386743"
"Werkstätten im Horte-Soziales Zentrum","52.583141","13.889544"
"Werkstätten im Museum Altranft","52.769674","14.085227"
"Werkstätten im Offenen Raum Traumschule Riebau","52.8595","11.271976"
"Werkstatthaus","48.779907","9.193544"
"Werkstatthaus Allerhand e.V.","53.82878","11.82494"
"Werkstattkollektiv Plan B e.V.","48.029739","7.845375"
"Werkstattraum","52.499641","13.428403"
"Wir bauen Zukunft","53.48468","10.897526"
"WIRfördern e.V. - Offene Werkstatt","52.55899","13.476113"
"WolkenSchachLenk-WERKSTATT","51.314887","12.407229"
"Wucholtzkys Werkraum","49.472335","11.107764"
"Wurmloch","52.272781","8.045813"
"Z-Bau Nordgarten","49.43043","11.094108"
"Zukunftswerkstatt-Machbar","50.146709","11.064036"
"Zum Rostigen Ross","51.055291","13.716316"
"zwanzig° Selbsthilfe-Fahrradwerkstatt","49.875891","8.65683"
"zweirad:café","48.626441","9.344844"

